{"packs":[{"can_be_redownloaded":false,"name":"Green Bucks RP","uuid":"9e412dde-fa0e-4992-bb11-7e22f51fe04b","version":[1,0,0]},{"can_be_redownloaded":false,"name":"The Green Pack","uuid":"02ae2866-a414-4dd0-9df9-6bb0ab7fe56f","version":[1,0,0]},{"can_be_redownloaded":false,"name":"Modern Forniture - MCPE.Best","uuid":"94582f8f-7cb9-43a5-b300-acf53a803305","version":[1,0,0]},{"can_be_redownloaded":false,"name":"§9Ores Addon R§9","uuid":"174bade9-4f8d-4df6-afec-275cee04f94e","version":[3,3,0]},{"can_be_redownloaded":false,"name":"§dTrue backpack RP [1.19] - MCPE.Best","uuid":"8f78d5f0-e2f9-4836-80b1-c97efdcde91c","version":[1,11,4]},{"can_be_redownloaded":false,"name":"BNS Shader v.1","uuid":"7f56ed9e-e5a5-4ce2-8d3a-a47d3d7a0e24","version":[1,0,0]},{"can_be_redownloaded":false,"name":"§6Home+ §0Addon Christmas Update - MCPE.Best","uuid":"3bdc5e73-6e53-45f5-a901-aa0b4efc1424","version":[1,9,0]}]}
