{
	"file_path": "C:\\Users\\chupi\\AppData\\Local\\Packages\\Microsoft.MinecraftUWP_8wekyb3d8bbwe\\LocalState\\games\\com.mojang\\development_resource_packs\\ModernDeco\\particles\\lantern_glow.json",
	"file_type": "particle",
	"format_version": 1,
	"file_uuid": "14780fc3_dfad_4063_9db1_f168eff0fb6e",
	"file_version": 14,
	"cache_content": {
		"children": [
			{
				"data": "1.10.0",
				"key": "format_version"
			},
			{
				"open": {
					"format_version": "1.10.0",
					"particle_effect": {
						"description": {
							"identifier": "mc:lantern_glow",
							"basic_render_parameters": {
								"texture": "textures/particle/glow",
								"material": "particles_alpha"
							}
						},
						"components": {
							"minecraft:emitter_rate_manual": {
								"max_particles": 50
							},
							"minecraft:emitter_lifetime_expression": {
								"activation_expression": 2,
								"expiration_expression": 0
							},
							"minecraft:emitter_shape_point": {
								"offset": [
									0,
									0.1,
									0
								]
							},
							"minecraft:particle_initial_speed": 0,
							"minecraft:particle_lifetime_expression": {
								"max_lifetime": 3
							},
							"minecraft:particle_appearance_billboard": {
								"size": [
									0.15,
									0.15
								],
								"facing_camera_mode": "lookat_xyz"
							},
							"minecraft:particle_motion_dynamic": {
								"linear_acceleration": [
									0,
									"variable.particle_random_3 * (-1.2)",
									0
								]
							}
						}
					}
				},
				"key": "particle_effect",
				"children": [
					{
						"open": {
							"description": {
								"identifier": "mc:lantern_glow",
								"basic_render_parameters": {
									"texture": "textures/particle/glow",
									"material": "particles_alpha"
								}
							},
							"components": {
								"minecraft:emitter_rate_manual": {
									"max_particles": 50
								},
								"minecraft:emitter_lifetime_expression": {
									"activation_expression": 2,
									"expiration_expression": 0
								},
								"minecraft:emitter_shape_point": {
									"offset": [
										0,
										0.1,
										0
									]
								},
								"minecraft:particle_initial_speed": 0,
								"minecraft:particle_lifetime_expression": {
									"max_lifetime": 3
								},
								"minecraft:particle_appearance_billboard": {
									"size": [
										0.15,
										0.15
									],
									"facing_camera_mode": "lookat_xyz"
								},
								"minecraft:particle_motion_dynamic": {
									"linear_acceleration": [
										0,
										"variable.particle_random_3 * (-1.2)",
										0
									]
								}
							}
						},
						"key": "description",
						"children": [
							{
								"open": {
									"identifier": "mc:lantern_glow",
									"basic_render_parameters": {
										"texture": "textures/particle/glow",
										"material": "particles_alpha"
									}
								},
								"data": "mc:lantern_glow",
								"key": "identifier"
							},
							{
								"open": {
									"identifier": "mc:lantern_glow",
									"basic_render_parameters": {
										"texture": "textures/particle/glow",
										"material": "particles_alpha"
									}
								},
								"key": "basic_render_parameters",
								"is_minified": true,
								"children": {
									"texture": "textures/particle/glow",
									"material": "particles_alpha"
								}
							}
						]
					},
					{
						"open": {
							"description": {
								"identifier": "mc:lantern_glow",
								"basic_render_parameters": {
									"texture": "textures/particle/glow",
									"material": "particles_alpha"
								}
							},
							"components": {
								"minecraft:emitter_rate_manual": {
									"max_particles": 50
								},
								"minecraft:emitter_lifetime_expression": {
									"activation_expression": 2,
									"expiration_expression": 0
								},
								"minecraft:emitter_shape_point": {
									"offset": [
										0,
										0.1,
										0
									]
								},
								"minecraft:particle_initial_speed": 0,
								"minecraft:particle_lifetime_expression": {
									"max_lifetime": 3
								},
								"minecraft:particle_appearance_billboard": {
									"size": [
										0.15,
										0.15
									],
									"facing_camera_mode": "lookat_xyz"
								},
								"minecraft:particle_motion_dynamic": {
									"linear_acceleration": [
										0,
										"variable.particle_random_3 * (-1.2)",
										0
									]
								}
							}
						},
						"key": "components",
						"children": [
							{
								"open": {
									"minecraft:emitter_rate_manual": {
										"max_particles": 50
									},
									"minecraft:emitter_lifetime_expression": {
										"activation_expression": 2,
										"expiration_expression": 0
									},
									"minecraft:emitter_shape_point": {
										"offset": [
											0,
											0.1,
											0
										]
									},
									"minecraft:particle_initial_speed": 0,
									"minecraft:particle_lifetime_expression": {
										"max_lifetime": 3
									},
									"minecraft:particle_appearance_billboard": {
										"size": [
											0.15,
											0.15
										],
										"facing_camera_mode": "lookat_xyz"
									},
									"minecraft:particle_motion_dynamic": {
										"linear_acceleration": [
											0,
											"variable.particle_random_3 * (-1.2)",
											0
										]
									}
								},
								"key": "minecraft:emitter_rate_manual",
								"is_minified": true,
								"children": {
									"max_particles": 50
								}
							},
							{
								"open": {
									"minecraft:emitter_rate_manual": {
										"max_particles": 50
									},
									"minecraft:emitter_lifetime_expression": {
										"activation_expression": 2,
										"expiration_expression": 0
									},
									"minecraft:emitter_shape_point": {
										"offset": [
											0,
											0.1,
											0
										]
									},
									"minecraft:particle_initial_speed": 0,
									"minecraft:particle_lifetime_expression": {
										"max_lifetime": 3
									},
									"minecraft:particle_appearance_billboard": {
										"size": [
											0.15,
											0.15
										],
										"facing_camera_mode": "lookat_xyz"
									},
									"minecraft:particle_motion_dynamic": {
										"linear_acceleration": [
											0,
											"variable.particle_random_3 * (-1.2)",
											0
										]
									}
								},
								"key": "minecraft:emitter_lifetime_expression",
								"is_minified": true,
								"children": {
									"activation_expression": 2,
									"expiration_expression": 0
								}
							},
							{
								"key": "minecraft:emitter_shape_point",
								"is_minified": true,
								"children": {
									"offset": [
										0,
										0.1,
										0
									]
								}
							},
							{
								"data": "0",
								"key": "minecraft:particle_initial_speed"
							},
							{
								"key": "minecraft:particle_lifetime_expression",
								"is_minified": true,
								"children": {
									"max_lifetime": 3
								}
							},
							{
								"open": {
									"minecraft:emitter_rate_manual": {
										"max_particles": 50
									},
									"minecraft:emitter_lifetime_expression": {
										"activation_expression": 2,
										"expiration_expression": 0
									},
									"minecraft:emitter_shape_point": {
										"offset": [
											0,
											0.1,
											0
										]
									},
									"minecraft:particle_initial_speed": 0,
									"minecraft:particle_lifetime_expression": {
										"max_lifetime": 3
									},
									"minecraft:particle_appearance_billboard": {
										"size": [
											0.15,
											0.15
										],
										"facing_camera_mode": "lookat_xyz"
									},
									"minecraft:particle_motion_dynamic": {
										"linear_acceleration": [
											0,
											"variable.particle_random_3 * (-1.2)",
											0
										]
									}
								},
								"key": "minecraft:particle_appearance_billboard",
								"is_minified": true,
								"children": {
									"size": [
										0.15,
										0.15
									],
									"facing_camera_mode": "lookat_xyz"
								}
							},
							{
								"open": {
									"minecraft:emitter_rate_manual": {
										"max_particles": 50
									},
									"minecraft:emitter_lifetime_expression": {
										"activation_expression": 2,
										"expiration_expression": 0
									},
									"minecraft:emitter_shape_point": {
										"offset": [
											0,
											0.1,
											0
										]
									},
									"minecraft:particle_initial_speed": 0,
									"minecraft:particle_lifetime_expression": {
										"max_lifetime": 3
									},
									"minecraft:particle_appearance_billboard": {
										"size": [
											0.15,
											0.15
										],
										"facing_camera_mode": "lookat_xyz"
									},
									"minecraft:particle_motion_dynamic": {
										"linear_acceleration": [
											0,
											"variable.particle_random_3 * (-1.2)",
											0
										]
									}
								},
								"key": "minecraft:particle_motion_dynamic",
								"children": [
									{
										"open": {
											"linear_acceleration": [
												0,
												"variable.particle_random_3 * (-1.2)",
												0
											]
										},
										"key": "linear_acceleration",
										"is_minified": true,
										"children": [
											0,
											"variable.particle_random_3 * (-1.2)",
											0
										]
									}
								]
							}
						]
					}
				]
			}
		]
	}
}