{
	"file_path": "C:\\Users\\chupi\\AppData\\Local\\Packages\\Microsoft.MinecraftUWP_8wekyb3d8bbwe\\LocalState\\games\\com.mojang\\development_resource_packs\\ModernDeco\\particles\\skylantern_break.json",
	"file_type": "particle",
	"format_version": 1,
	"file_uuid": "b78dbca7_08d9_4887_a9bd_cec5d2f3ade1",
	"file_version": 7,
	"cache_content": {
		"children": [
			{
				"data": "1.10.0",
				"key": "format_version"
			},
			{
				"open": {
					"format_version": "1.10.0",
					"particle_effect": {
						"description": {
							"identifier": "mc:skylantern_break",
							"basic_render_parameters": {
								"material": "particles_alpha",
								"texture": "textures/particle/skylantern_break"
							}
						},
						"components": {
							"minecraft:emitter_rate_instant": {
								"num_particles": 18
							},
							"minecraft:emitter_lifetime_once": {
								"active_time": 0
							},
							"minecraft:emitter_shape_point": {
								"offset": [
									"Math.random(-0.1, 0.1)",
									"Math.random(-0.1, 0.1)",
									"Math.random(-0.1, 0.1)"
								],
								"direction": [
									"Math.random(-1,1)",
									1,
									"Math.random(-1, 1)"
								]
							},
							"minecraft:particle_initial_speed": "Math.random(0, 4)",
							"minecraft:particle_lifetime_expression": {
								"max_lifetime": "0.2f / (Math.random(0.0, 1.0) * 0.9f + 0.1f)"
							},
							"minecraft:particle_motion_dynamic": {
								"linear_acceleration": [
									0,
									-9.8,
									0
								],
								"linear_drag_coefficient": 0.5
							},
							"minecraft:particle_motion_collision": {
								"coefficient_of_restitution": 0.1,
								"collision_drag": 5,
								"collision_radius": 0.1
							},
							"minecraft:particle_appearance_billboard": {
								"size": [
									"variable.particle_random_1 * 0.0375 + 0.0375",
									"variable.particle_random_1 * 0.0375 + 0.0375"
								],
								"facing_camera_mode": "lookat_xyz"
							},
							"minecraft:particle_appearance_lighting": {},
							"minecraft:particle_appearance_tinting": {
								"color": [
									"Math.random(0.8,1)",
									"Math.random(0.8,1)",
									"Math.random(0.8,1)"
								]
							}
						}
					}
				},
				"key": "particle_effect",
				"children": [
					{
						"open": {
							"description": {
								"identifier": "mc:skylantern_break",
								"basic_render_parameters": {
									"material": "particles_alpha",
									"texture": "textures/particle/skylantern_break"
								}
							},
							"components": {
								"minecraft:emitter_rate_instant": {
									"num_particles": 18
								},
								"minecraft:emitter_lifetime_once": {
									"active_time": 0
								},
								"minecraft:emitter_shape_point": {
									"offset": [
										"Math.random(-0.1, 0.1)",
										"Math.random(-0.1, 0.1)",
										"Math.random(-0.1, 0.1)"
									],
									"direction": [
										"Math.random(-1,1)",
										1,
										"Math.random(-1, 1)"
									]
								},
								"minecraft:particle_initial_speed": "Math.random(0, 4)",
								"minecraft:particle_lifetime_expression": {
									"max_lifetime": "0.2f / (Math.random(0.0, 1.0) * 0.9f + 0.1f)"
								},
								"minecraft:particle_motion_dynamic": {
									"linear_acceleration": [
										0,
										-9.8,
										0
									],
									"linear_drag_coefficient": 0.5
								},
								"minecraft:particle_motion_collision": {
									"coefficient_of_restitution": 0.1,
									"collision_drag": 5,
									"collision_radius": 0.1
								},
								"minecraft:particle_appearance_billboard": {
									"size": [
										"variable.particle_random_1 * 0.0375 + 0.0375",
										"variable.particle_random_1 * 0.0375 + 0.0375"
									],
									"facing_camera_mode": "lookat_xyz"
								},
								"minecraft:particle_appearance_lighting": {},
								"minecraft:particle_appearance_tinting": {
									"color": [
										"Math.random(0.8,1)",
										"Math.random(0.8,1)",
										"Math.random(0.8,1)"
									]
								}
							}
						},
						"key": "description",
						"children": [
							{
								"open": {
									"identifier": "mc:skylantern_break",
									"basic_render_parameters": {
										"material": "particles_alpha",
										"texture": "textures/particle/skylantern_break"
									}
								},
								"data": "mc:skylantern_break",
								"key": "identifier"
							},
							{
								"open": {
									"identifier": "mc:skylantern_break",
									"basic_render_parameters": {
										"material": "particles_alpha",
										"texture": "textures/particle/skylantern_break"
									}
								},
								"key": "basic_render_parameters",
								"is_minified": true,
								"children": {
									"material": "particles_alpha",
									"texture": "textures/particle/skylantern_break"
								}
							}
						]
					},
					{
						"open": {
							"description": {
								"identifier": "mc:skylantern_break",
								"basic_render_parameters": {
									"material": "particles_alpha",
									"texture": "textures/particle/skylantern_break"
								}
							},
							"components": {
								"minecraft:emitter_rate_instant": {
									"num_particles": 18
								},
								"minecraft:emitter_lifetime_once": {
									"active_time": 0
								},
								"minecraft:emitter_shape_point": {
									"offset": [
										"Math.random(-0.1, 0.1)",
										"Math.random(-0.1, 0.1)",
										"Math.random(-0.1, 0.1)"
									],
									"direction": [
										"Math.random(-1,1)",
										1,
										"Math.random(-1, 1)"
									]
								},
								"minecraft:particle_initial_speed": "Math.random(0, 4)",
								"minecraft:particle_lifetime_expression": {
									"max_lifetime": "0.2f / (Math.random(0.0, 1.0) * 0.9f + 0.1f)"
								},
								"minecraft:particle_motion_dynamic": {
									"linear_acceleration": [
										0,
										-9.8,
										0
									],
									"linear_drag_coefficient": 0.5
								},
								"minecraft:particle_motion_collision": {
									"coefficient_of_restitution": 0.1,
									"collision_drag": 5,
									"collision_radius": 0.1
								},
								"minecraft:particle_appearance_billboard": {
									"size": [
										"variable.particle_random_1 * 0.0375 + 0.0375",
										"variable.particle_random_1 * 0.0375 + 0.0375"
									],
									"facing_camera_mode": "lookat_xyz"
								},
								"minecraft:particle_appearance_lighting": {},
								"minecraft:particle_appearance_tinting": {
									"color": [
										"Math.random(0.8,1)",
										"Math.random(0.8,1)",
										"Math.random(0.8,1)"
									]
								}
							}
						},
						"key": "components",
						"children": [
							{
								"key": "minecraft:emitter_rate_instant",
								"is_minified": true,
								"children": {
									"num_particles": 18
								}
							},
							{
								"key": "minecraft:emitter_lifetime_once",
								"is_minified": true,
								"children": {
									"active_time": 0
								}
							},
							{
								"key": "minecraft:emitter_shape_point",
								"children": [
									{
										"open": {
											"offset": [
												"Math.random(-0.1, 0.1)",
												"Math.random(-0.1, 0.1)",
												"Math.random(-0.1, 0.1)"
											],
											"direction": [
												"Math.random(-1,1)",
												1,
												"Math.random(-1, 1)"
											]
										},
										"key": "offset",
										"is_minified": true,
										"children": [
											"Math.random(-0.1, 0.1)",
											"Math.random(-0.1, 0.1)",
											"Math.random(-0.1, 0.1)"
										]
									},
									{
										"open": {
											"offset": [
												"Math.random(-0.1, 0.1)",
												"Math.random(-0.1, 0.1)",
												"Math.random(-0.1, 0.1)"
											],
											"direction": [
												"Math.random(-1,1)",
												1,
												"Math.random(-1, 1)"
											]
										},
										"key": "direction",
										"is_minified": true,
										"children": [
											"Math.random(-1,1)",
											1,
											"Math.random(-1, 1)"
										]
									}
								]
							},
							{
								"open": {
									"minecraft:emitter_rate_instant": {
										"num_particles": 18
									},
									"minecraft:emitter_lifetime_once": {
										"active_time": 0
									},
									"minecraft:emitter_shape_point": {
										"offset": [
											"Math.random(-0.1, 0.1)",
											"Math.random(-0.1, 0.1)",
											"Math.random(-0.1, 0.1)"
										],
										"direction": [
											"Math.random(-1,1)",
											1,
											"Math.random(-1, 1)"
										]
									},
									"minecraft:particle_initial_speed": "Math.random(0, 4)",
									"minecraft:particle_lifetime_expression": {
										"max_lifetime": "0.2f / (Math.random(0.0, 1.0) * 0.9f + 0.1f)"
									},
									"minecraft:particle_motion_dynamic": {
										"linear_acceleration": [
											0,
											-9.8,
											0
										],
										"linear_drag_coefficient": 0.5
									},
									"minecraft:particle_motion_collision": {
										"coefficient_of_restitution": 0.1,
										"collision_drag": 5,
										"collision_radius": 0.1
									},
									"minecraft:particle_appearance_billboard": {
										"size": [
											"variable.particle_random_1 * 0.0375 + 0.0375",
											"variable.particle_random_1 * 0.0375 + 0.0375"
										],
										"facing_camera_mode": "lookat_xyz"
									},
									"minecraft:particle_appearance_lighting": {},
									"minecraft:particle_appearance_tinting": {
										"color": [
											"Math.random(0.8,1)",
											"Math.random(0.8,1)",
											"Math.random(0.8,1)"
										]
									}
								},
								"data": "Math.random(0, 4)",
								"key": "minecraft:particle_initial_speed"
							},
							{
								"key": "minecraft:particle_lifetime_expression",
								"is_minified": true,
								"children": {
									"max_lifetime": "0.2f / (Math.random(0.0, 1.0) * 0.9f + 0.1f)"
								}
							},
							{
								"key": "minecraft:particle_motion_dynamic",
								"children": [
									{
										"open": {
											"linear_acceleration": [
												0,
												-9.8,
												0
											],
											"linear_drag_coefficient": 0.5
										},
										"key": "linear_acceleration",
										"is_minified": true,
										"children": [
											0,
											-9.8,
											0
										]
									},
									{
										"data": "0.5",
										"key": "linear_drag_coefficient"
									}
								]
							},
							{
								"key": "minecraft:particle_motion_collision",
								"is_minified": true,
								"children": {
									"coefficient_of_restitution": 0.1,
									"collision_drag": 5,
									"collision_radius": 0.1
								}
							},
							{
								"key": "minecraft:particle_appearance_billboard",
								"is_minified": true,
								"children": {
									"size": [
										"variable.particle_random_1 * 0.0375 + 0.0375",
										"variable.particle_random_1 * 0.0375 + 0.0375"
									],
									"facing_camera_mode": "lookat_xyz"
								}
							},
							{
								"open": {
									"minecraft:emitter_rate_instant": {
										"num_particles": 18
									},
									"minecraft:emitter_lifetime_once": {
										"active_time": 0
									},
									"minecraft:emitter_shape_point": {
										"offset": [
											"Math.random(-0.1, 0.1)",
											"Math.random(-0.1, 0.1)",
											"Math.random(-0.1, 0.1)"
										],
										"direction": [
											"Math.random(-1,1)",
											1,
											"Math.random(-1, 1)"
										]
									},
									"minecraft:particle_initial_speed": "Math.random(0, 4)",
									"minecraft:particle_lifetime_expression": {
										"max_lifetime": "0.2f / (Math.random(0.0, 1.0) * 0.9f + 0.1f)"
									},
									"minecraft:particle_motion_dynamic": {
										"linear_acceleration": [
											0,
											-9.8,
											0
										],
										"linear_drag_coefficient": 0.5
									},
									"minecraft:particle_motion_collision": {
										"coefficient_of_restitution": 0.1,
										"collision_drag": 5,
										"collision_radius": 0.1
									},
									"minecraft:particle_appearance_billboard": {
										"size": [
											"variable.particle_random_1 * 0.0375 + 0.0375",
											"variable.particle_random_1 * 0.0375 + 0.0375"
										],
										"facing_camera_mode": "lookat_xyz"
									},
									"minecraft:particle_appearance_lighting": {},
									"minecraft:particle_appearance_tinting": {
										"color": [
											"Math.random(0.8,1)",
											"Math.random(0.8,1)",
											"Math.random(0.8,1)"
										]
									}
								},
								"key": "minecraft:particle_appearance_lighting",
								"is_minified": true,
								"children": {}
							},
							{
								"open": {
									"minecraft:emitter_rate_instant": {
										"num_particles": 18
									},
									"minecraft:emitter_lifetime_once": {
										"active_time": 0
									},
									"minecraft:emitter_shape_point": {
										"offset": [
											"Math.random(-0.1, 0.1)",
											"Math.random(-0.1, 0.1)",
											"Math.random(-0.1, 0.1)"
										],
										"direction": [
											"Math.random(-1,1)",
											1,
											"Math.random(-1, 1)"
										]
									},
									"minecraft:particle_initial_speed": "Math.random(0, 4)",
									"minecraft:particle_lifetime_expression": {
										"max_lifetime": "0.2f / (Math.random(0.0, 1.0) * 0.9f + 0.1f)"
									},
									"minecraft:particle_motion_dynamic": {
										"linear_acceleration": [
											0,
											-9.8,
											0
										],
										"linear_drag_coefficient": 0.5
									},
									"minecraft:particle_motion_collision": {
										"coefficient_of_restitution": 0.1,
										"collision_drag": 5,
										"collision_radius": 0.1
									},
									"minecraft:particle_appearance_billboard": {
										"size": [
											"variable.particle_random_1 * 0.0375 + 0.0375",
											"variable.particle_random_1 * 0.0375 + 0.0375"
										],
										"facing_camera_mode": "lookat_xyz"
									},
									"minecraft:particle_appearance_lighting": {},
									"minecraft:particle_appearance_tinting": {
										"color": [
											"Math.random(0.8,1)",
											"Math.random(0.8,1)",
											"Math.random(0.8,1)"
										]
									}
								},
								"key": "minecraft:particle_appearance_tinting",
								"children": [
									{
										"open": {
											"color": [
												"Math.random(0.8,1)",
												"Math.random(0.8,1)",
												"Math.random(0.8,1)"
											]
										},
										"key": "color",
										"is_minified": true,
										"children": [
											"Math.random(0.8,1)",
											"Math.random(0.8,1)",
											"Math.random(0.8,1)"
										]
									}
								]
							}
						]
					}
				]
			}
		]
	}
}