{
	"file_path": "C:\\Users\\chupi\\AppData\\Local\\Packages\\Microsoft.MinecraftUWP_8wekyb3d8bbwe\\LocalState\\games\\com.mojang\\development_resource_packs\\ModernDeco\\attachables\\brim_straw_helmet.json",
	"file_type": "attachable",
	"format_version": 0,
	"cache_content": {
		"format_version": "1.8.0",
		"minecraft:attachable": {
			"description": {
				"identifier": "mc:brim_straw_helmet",
				"materials": {
					"default": "armor",
					"enchanted": "armor_enchanted"
				},
				"textures": {
					"default": "textures/models/armor/brim_straw_1",
					"enchanted": "textures/misc/enchanted_item_glint"
				},
				"geometry": {
					"default": "geometry.humanoid.armor.helmet"
				},
				"scripts": {
					"parent_setup": "variable.helmet_layer_visible = 0.0;"
				},
				"render_controllers": [
					"controller.render.armor"
				]
			}
		}
	},
	"file_uuid": "759ac31f_8688_446d_8632_986a3d0dce50"
}