{
	"file_path": "C:\\Users\\chupi\\AppData\\Local\\Packages\\Microsoft.MinecraftUWP_8wekyb3d8bbwe\\LocalState\\games\\com.mojang\\development_resource_packs\\ModernDeco\\attachables\\brim_straw_helmet.player.json",
	"file_type": "attachable",
	"format_version": 1,
	"file_uuid": "5a116773_03ff_4202_97fe_083710ed297e",
	"file_version": 0,
	"cache_content": {
		"children": [
			{
				"data": "1.10.0",
				"key": "format_version"
			},
			{
				"open": {
					"format_version": "1.10.0",
					"minecraft:attachable": {
						"description": {
							"identifier": "mc:brim_straw_helmet.player",
							"item": {
								"mc:brim_straw_helmet": "query.owner_identifier == 'minecraft:player'"
							},
							"materials": {
								"default": "armor",
								"enchanted": "armor_enchanted"
							},
							"textures": {
								"default": "textures/models/armor/brim_straw_1",
								"enchanted": "textures/misc/enchanted_item_glint"
							},
							"geometry": {
								"default": "geometry.brim_straw_hat"
							},
							"scripts": {
								"parent_setup": "variable.helmet_layer_visible = 0.0;"
							},
							"render_controllers": [
								"controller.render.armor"
							]
						}
					}
				},
				"key": "minecraft:attachable",
				"children": [
					{
						"open": {
							"description": {
								"identifier": "mc:brim_straw_helmet.player",
								"item": {
									"mc:brim_straw_helmet": "query.owner_identifier == 'minecraft:player'"
								},
								"materials": {
									"default": "armor",
									"enchanted": "armor_enchanted"
								},
								"textures": {
									"default": "textures/models/armor/brim_straw_1",
									"enchanted": "textures/misc/enchanted_item_glint"
								},
								"geometry": {
									"default": "geometry.brim_straw_hat"
								},
								"scripts": {
									"parent_setup": "variable.helmet_layer_visible = 0.0;"
								},
								"render_controllers": [
									"controller.render.armor"
								]
							}
						},
						"key": "description",
						"children": [
							{
								"open": {
									"identifier": "mc:brim_straw_helmet.player",
									"item": {
										"mc:brim_straw_helmet": "query.owner_identifier == 'minecraft:player'"
									},
									"materials": {
										"default": "armor",
										"enchanted": "armor_enchanted"
									},
									"textures": {
										"default": "textures/models/armor/brim_straw_1",
										"enchanted": "textures/misc/enchanted_item_glint"
									},
									"geometry": {
										"default": "geometry.brim_straw_hat"
									},
									"scripts": {
										"parent_setup": "variable.helmet_layer_visible = 0.0;"
									},
									"render_controllers": [
										"controller.render.armor"
									]
								},
								"data": "mc:brim_straw_helmet.player",
								"key": "identifier"
							},
							{
								"open": {
									"identifier": "mc:brim_straw_helmet.player",
									"item": {
										"mc:brim_straw_helmet": "query.owner_identifier == 'minecraft:player'"
									},
									"materials": {
										"default": "armor",
										"enchanted": "armor_enchanted"
									},
									"textures": {
										"default": "textures/models/armor/brim_straw_1",
										"enchanted": "textures/misc/enchanted_item_glint"
									},
									"geometry": {
										"default": "geometry.brim_straw_hat"
									},
									"scripts": {
										"parent_setup": "variable.helmet_layer_visible = 0.0;"
									},
									"render_controllers": [
										"controller.render.armor"
									]
								},
								"key": "item",
								"is_minified": true,
								"children": {
									"mc:brim_straw_helmet": "query.owner_identifier == 'minecraft:player'"
								}
							},
							{
								"open": {
									"identifier": "mc:brim_straw_helmet.player",
									"item": {
										"mc:brim_straw_helmet": "query.owner_identifier == 'minecraft:player'"
									},
									"materials": {
										"default": "armor",
										"enchanted": "armor_enchanted"
									},
									"textures": {
										"default": "textures/models/armor/brim_straw_1",
										"enchanted": "textures/misc/enchanted_item_glint"
									},
									"geometry": {
										"default": "geometry.brim_straw_hat"
									},
									"scripts": {
										"parent_setup": "variable.helmet_layer_visible = 0.0;"
									},
									"render_controllers": [
										"controller.render.armor"
									]
								},
								"key": "materials",
								"is_minified": true,
								"children": {
									"default": "armor",
									"enchanted": "armor_enchanted"
								}
							},
							{
								"open": {
									"identifier": "mc:brim_straw_helmet.player",
									"item": {
										"mc:brim_straw_helmet": "query.owner_identifier == 'minecraft:player'"
									},
									"materials": {
										"default": "armor",
										"enchanted": "armor_enchanted"
									},
									"textures": {
										"default": "textures/models/armor/brim_straw_1",
										"enchanted": "textures/misc/enchanted_item_glint"
									},
									"geometry": {
										"default": "geometry.brim_straw_hat"
									},
									"scripts": {
										"parent_setup": "variable.helmet_layer_visible = 0.0;"
									},
									"render_controllers": [
										"controller.render.armor"
									]
								},
								"key": "textures",
								"is_minified": true,
								"children": {
									"default": "textures/models/armor/brim_straw_1",
									"enchanted": "textures/misc/enchanted_item_glint"
								}
							},
							{
								"open": {
									"identifier": "mc:brim_straw_helmet.player",
									"item": {
										"mc:brim_straw_helmet": "query.owner_identifier == 'minecraft:player'"
									},
									"materials": {
										"default": "armor",
										"enchanted": "armor_enchanted"
									},
									"textures": {
										"default": "textures/models/armor/brim_straw_1",
										"enchanted": "textures/misc/enchanted_item_glint"
									},
									"geometry": {
										"default": "geometry.brim_straw_hat"
									},
									"scripts": {
										"parent_setup": "variable.helmet_layer_visible = 0.0;"
									},
									"render_controllers": [
										"controller.render.armor"
									]
								},
								"key": "geometry",
								"is_minified": true,
								"children": {
									"default": "geometry.brim_straw_hat"
								}
							},
							{
								"key": "scripts",
								"is_minified": true,
								"children": {
									"parent_setup": "variable.helmet_layer_visible = 0.0;"
								}
							},
							{
								"key": "render_controllers",
								"is_minified": true,
								"children": [
									"controller.render.armor"
								]
							}
						]
					}
				]
			}
		]
	}
}