{
	"file_path": "C:\\Users\\chupi\\AppData\\Local\\Packages\\Microsoft.MinecraftUWP_8wekyb3d8bbwe\\LocalState\\games\\com.mojang\\development_behavior_packs\\ModernDecoration\\blocks\\kitchen_cabinet_0_style_1.json",
	"file_type": "block",
	"format_version": 0,
	"cache_content": {
		"format_version": "1.16.0",
		"minecraft:block": {
			"description": {
				"identifier": "mc:kitchen_cabinet_0_style_1",
				"is_experimental": false
			},
			"components": {
				"minecraft:destroy_time": 0.2,
				"minecraft:explosion_resistance": 1,
				"minecraft:map_color": "#ffffff"
			}
		}
	},
	"file_uuid": "1119cc5a_ac42_43f7_8390_ce65506eecdb"
}