{
	"file_path": "C:\\Users\\chupi\\AppData\\Local\\Packages\\Microsoft.MinecraftUWP_8wekyb3d8bbwe\\LocalState\\games\\com.mojang\\development_behavior_packs\\ModernDecoration\\blocks\\sofa_collision.json",
	"file_type": "block",
	"format_version": 1,
	"file_uuid": "506ba7e6_c02e_4bf1_9089_606b396c23ab",
	"file_version": 45,
	"cache_content": {
		"children": [
			{
				"data": "1.16.0",
				"key": "format_version"
			},
			{
				"open": {
					"format_version": "1.16.0",
					"minecraft:block": {
						"description": {
							"identifier": "mc:sofa_collision",
							"is_experimental": true,
							"properties": {
								"minecraft:direction": {}
							}
						},
						"components": {
							"minecraft:material_instances": {
								"*": {
									"render_method": "alpha_test",
									"texture": "mc_table_collision",
									"ambient_occlusion": false,
									"face_dimming": false
								}
							},
							"minecraft:destroy_time": 70,
							"minecraft:explosion_resistance": 6,
							"minecraft:on_player_destroyed": {
								"event": "on_destroy"
							},
							"minecraft:loot": "loot_tables/nothing.json",
							"minecraft:placement_filter": {
								"conditions": [
									{
										"block_filter": [
											"mc:sofa_0",
											"mc:sofa_1",
											"mc:sofa_2",
											"mc:sofa_3",
											"mc:sofa_4",
											"mc:sofa_5",
											"mc:sofa_6",
											"mc:sofa_7",
											"mc:sofa_8",
											"mc:sofa_9"
										],
										"allowed_faces": [
											"side"
										]
									}
								]
							},
							"minecraft:block_light_absorption": 0,
							"minecraft:pick_collision": {
								"origin": [
									-8,
									0,
									-8
								],
								"size": [
									16,
									8,
									16
								]
							},
							"minecraft:entity_collision": {
								"origin": [
									-3,
									0,
									-3
								],
								"size": [
									6,
									5,
									6
								]
							},
							"minecraft:ticking": {
								"looping": false,
								"range": [
									0,
									0
								],
								"on_tick": {
									"event": "chair:set_sit"
								}
							},
							"minecraft:on_interact": {
								"condition": "!query.is_sneaking",
								"event": "player:sit"
							},
							"minecraft:block_light_emission": 0,
							"minecraft:geometry": "geometry.chair_0"
						},
						"events": {
							"on_destroy": {
								"run_command": {
									"command": [
										"fill ~1~~1 ~-1~~-1 minecraft:air 0 replace mc:table_0"
									]
								}
							},
							"chair:set_sit": {
								"sequence": [
									{
										"condition": "query.block_property('minecraft:direction') == 0",
										"run_command": {
											"command": [
												"summon mc:tiny_chair_entity"
											]
										}
									},
									{
										"condition": "query.block_property('minecraft:direction') == 1",
										"run_command": {
											"command": [
												"summon mc:tiny_chair_entity ~ ~ ~ facing_south"
											]
										}
									},
									{
										"condition": "query.block_property('minecraft:direction') == 2",
										"run_command": {
											"command": [
												"summon mc:tiny_chair_entity ~ ~ ~ facing_west"
											]
										}
									},
									{
										"condition": "query.block_property('minecraft:direction') == 3",
										"run_command": {
											"command": [
												"summon mc:tiny_chair_entity ~ ~ ~ facing_east"
											]
										}
									}
								]
							},
							"player:sit": {
								"sequence": [
									{
										"run_command": {
											"command": [
												"tag @s add player_chair_interact"
											],
											"target": "other"
										}
									},
									{
										"run_command": {
											"command": [
												"event entity @e[type=mc:tiny_chair_entity,r=0.01] player_interact"
											]
										}
									}
								]
							}
						}
					}
				},
				"key": "minecraft:block",
				"children": [
					{
						"open": {
							"description": {
								"identifier": "mc:sofa_collision",
								"is_experimental": true,
								"properties": {
									"minecraft:direction": {}
								}
							},
							"components": {
								"minecraft:material_instances": {
									"*": {
										"render_method": "alpha_test",
										"texture": "mc_table_collision",
										"ambient_occlusion": false,
										"face_dimming": false
									}
								},
								"minecraft:destroy_time": 70,
								"minecraft:explosion_resistance": 6,
								"minecraft:on_player_destroyed": {
									"event": "on_destroy"
								},
								"minecraft:loot": "loot_tables/nothing.json",
								"minecraft:placement_filter": {
									"conditions": [
										{
											"block_filter": [
												"mc:sofa_0",
												"mc:sofa_1",
												"mc:sofa_2",
												"mc:sofa_3",
												"mc:sofa_4",
												"mc:sofa_5",
												"mc:sofa_6",
												"mc:sofa_7",
												"mc:sofa_8",
												"mc:sofa_9"
											],
											"allowed_faces": [
												"side"
											]
										}
									]
								},
								"minecraft:block_light_absorption": 0,
								"minecraft:pick_collision": {
									"origin": [
										-8,
										0,
										-8
									],
									"size": [
										16,
										8,
										16
									]
								},
								"minecraft:entity_collision": {
									"origin": [
										-3,
										0,
										-3
									],
									"size": [
										6,
										5,
										6
									]
								},
								"minecraft:ticking": {
									"looping": false,
									"range": [
										0,
										0
									],
									"on_tick": {
										"event": "chair:set_sit"
									}
								},
								"minecraft:on_interact": {
									"condition": "!query.is_sneaking",
									"event": "player:sit"
								},
								"minecraft:block_light_emission": 0,
								"minecraft:geometry": "geometry.chair_0"
							},
							"events": {
								"on_destroy": {
									"run_command": {
										"command": [
											"fill ~1~~1 ~-1~~-1 minecraft:air 0 replace mc:table_0"
										]
									}
								},
								"chair:set_sit": {
									"sequence": [
										{
											"condition": "query.block_property('minecraft:direction') == 0",
											"run_command": {
												"command": [
													"summon mc:tiny_chair_entity"
												]
											}
										},
										{
											"condition": "query.block_property('minecraft:direction') == 1",
											"run_command": {
												"command": [
													"summon mc:tiny_chair_entity ~ ~ ~ facing_south"
												]
											}
										},
										{
											"condition": "query.block_property('minecraft:direction') == 2",
											"run_command": {
												"command": [
													"summon mc:tiny_chair_entity ~ ~ ~ facing_west"
												]
											}
										},
										{
											"condition": "query.block_property('minecraft:direction') == 3",
											"run_command": {
												"command": [
													"summon mc:tiny_chair_entity ~ ~ ~ facing_east"
												]
											}
										}
									]
								},
								"player:sit": {
									"sequence": [
										{
											"run_command": {
												"command": [
													"tag @s add player_chair_interact"
												],
												"target": "other"
											}
										},
										{
											"run_command": {
												"command": [
													"event entity @e[type=mc:tiny_chair_entity,r=0.01] player_interact"
												]
											}
										}
									]
								}
							}
						},
						"key": "description",
						"children": [
							{
								"open": {
									"identifier": "mc:sofa_collision",
									"is_experimental": true,
									"properties": {
										"minecraft:direction": {}
									}
								},
								"data": "mc:sofa_collision",
								"key": "identifier"
							},
							{
								"data": "true",
								"key": "is_experimental"
							},
							{
								"open": {
									"identifier": "mc:sofa_collision",
									"is_experimental": true,
									"properties": {
										"minecraft:direction": {}
									}
								},
								"key": "properties",
								"is_minified": true,
								"children": {
									"minecraft:direction": {}
								}
							}
						]
					},
					{
						"open": {
							"description": {
								"identifier": "mc:sofa_collision",
								"is_experimental": true,
								"properties": {
									"minecraft:direction": {}
								}
							},
							"components": {
								"minecraft:material_instances": {
									"*": {
										"render_method": "alpha_test",
										"texture": "mc_table_collision",
										"ambient_occlusion": false,
										"face_dimming": false
									}
								},
								"minecraft:destroy_time": 70,
								"minecraft:explosion_resistance": 6,
								"minecraft:on_player_destroyed": {
									"event": "on_destroy"
								},
								"minecraft:loot": "loot_tables/nothing.json",
								"minecraft:placement_filter": {
									"conditions": [
										{
											"block_filter": [
												"mc:sofa_0",
												"mc:sofa_1",
												"mc:sofa_2",
												"mc:sofa_3",
												"mc:sofa_4",
												"mc:sofa_5",
												"mc:sofa_6",
												"mc:sofa_7",
												"mc:sofa_8",
												"mc:sofa_9"
											],
											"allowed_faces": [
												"side"
											]
										}
									]
								},
								"minecraft:block_light_absorption": 0,
								"minecraft:pick_collision": {
									"origin": [
										-8,
										0,
										-8
									],
									"size": [
										16,
										8,
										16
									]
								},
								"minecraft:entity_collision": {
									"origin": [
										-3,
										0,
										-3
									],
									"size": [
										6,
										5,
										6
									]
								},
								"minecraft:ticking": {
									"looping": false,
									"range": [
										0,
										0
									],
									"on_tick": {
										"event": "chair:set_sit"
									}
								},
								"minecraft:on_interact": {
									"condition": "!query.is_sneaking",
									"event": "player:sit"
								},
								"minecraft:block_light_emission": 0,
								"minecraft:geometry": "geometry.chair_0"
							},
							"events": {
								"on_destroy": {
									"run_command": {
										"command": [
											"fill ~1~~1 ~-1~~-1 minecraft:air 0 replace mc:table_0"
										]
									}
								},
								"chair:set_sit": {
									"sequence": [
										{
											"condition": "query.block_property('minecraft:direction') == 0",
											"run_command": {
												"command": [
													"summon mc:tiny_chair_entity"
												]
											}
										},
										{
											"condition": "query.block_property('minecraft:direction') == 1",
											"run_command": {
												"command": [
													"summon mc:tiny_chair_entity ~ ~ ~ facing_south"
												]
											}
										},
										{
											"condition": "query.block_property('minecraft:direction') == 2",
											"run_command": {
												"command": [
													"summon mc:tiny_chair_entity ~ ~ ~ facing_west"
												]
											}
										},
										{
											"condition": "query.block_property('minecraft:direction') == 3",
											"run_command": {
												"command": [
													"summon mc:tiny_chair_entity ~ ~ ~ facing_east"
												]
											}
										}
									]
								},
								"player:sit": {
									"sequence": [
										{
											"run_command": {
												"command": [
													"tag @s add player_chair_interact"
												],
												"target": "other"
											}
										},
										{
											"run_command": {
												"command": [
													"event entity @e[type=mc:tiny_chair_entity,r=0.01] player_interact"
												]
											}
										}
									]
								}
							}
						},
						"key": "components",
						"children": [
							{
								"key": "minecraft:material_instances",
								"children": [
									{
										"open": {
											"*": {
												"render_method": "alpha_test",
												"texture": "mc_table_collision",
												"ambient_occlusion": false,
												"face_dimming": false
											}
										},
										"key": "*",
										"is_minified": true,
										"children": {
											"render_method": "alpha_test",
											"texture": "mc_table_collision",
											"ambient_occlusion": false,
											"face_dimming": false
										}
									}
								]
							},
							{
								"data": "70",
								"key": "minecraft:destroy_time"
							},
							{
								"data": "6",
								"key": "minecraft:explosion_resistance"
							},
							{
								"key": "minecraft:on_player_destroyed",
								"is_minified": true,
								"children": {
									"event": "on_destroy"
								}
							},
							{
								"data": "loot_tables/nothing.json",
								"key": "minecraft:loot"
							},
							{
								"open": {
									"minecraft:material_instances": {
										"*": {
											"render_method": "alpha_test",
											"texture": "mc_table_collision",
											"ambient_occlusion": false,
											"face_dimming": false
										}
									},
									"minecraft:destroy_time": 70,
									"minecraft:explosion_resistance": 6,
									"minecraft:on_player_destroyed": {
										"event": "on_destroy"
									},
									"minecraft:loot": "loot_tables/nothing.json",
									"minecraft:placement_filter": {
										"conditions": [
											{
												"block_filter": [
													"mc:sofa_0",
													"mc:sofa_1",
													"mc:sofa_2",
													"mc:sofa_3",
													"mc:sofa_4",
													"mc:sofa_5",
													"mc:sofa_6",
													"mc:sofa_7",
													"mc:sofa_8",
													"mc:sofa_9"
												],
												"allowed_faces": [
													"side"
												]
											}
										]
									},
									"minecraft:block_light_absorption": 0,
									"minecraft:pick_collision": {
										"origin": [
											-8,
											0,
											-8
										],
										"size": [
											16,
											8,
											16
										]
									},
									"minecraft:entity_collision": {
										"origin": [
											-3,
											0,
											-3
										],
										"size": [
											6,
											5,
											6
										]
									},
									"minecraft:ticking": {
										"looping": false,
										"range": [
											0,
											0
										],
										"on_tick": {
											"event": "chair:set_sit"
										}
									},
									"minecraft:on_interact": {
										"condition": "!query.is_sneaking",
										"event": "player:sit"
									},
									"minecraft:block_light_emission": 0,
									"minecraft:geometry": "geometry.chair_0"
								},
								"key": "minecraft:placement_filter",
								"children": [
									{
										"open": {
											"conditions": [
												{
													"block_filter": [
														"mc:sofa_0",
														"mc:sofa_1",
														"mc:sofa_2",
														"mc:sofa_3",
														"mc:sofa_4",
														"mc:sofa_5",
														"mc:sofa_6",
														"mc:sofa_7",
														"mc:sofa_8",
														"mc:sofa_9"
													],
													"allowed_faces": [
														"side"
													]
												}
											]
										},
										"key": "conditions",
										"children": [
											{
												"open": [
													{
														"block_filter": [
															"mc:sofa_0",
															"mc:sofa_1",
															"mc:sofa_2",
															"mc:sofa_3",
															"mc:sofa_4",
															"mc:sofa_5",
															"mc:sofa_6",
															"mc:sofa_7",
															"mc:sofa_8",
															"mc:sofa_9"
														],
														"allowed_faces": [
															"side"
														]
													}
												],
												"children": [
													{
														"open": {
															"block_filter": [
																"mc:sofa_0",
																"mc:sofa_1",
																"mc:sofa_2",
																"mc:sofa_3",
																"mc:sofa_4",
																"mc:sofa_5",
																"mc:sofa_6",
																"mc:sofa_7",
																"mc:sofa_8",
																"mc:sofa_9"
															],
															"allowed_faces": [
																"side"
															]
														},
														"key": "block_filter",
														"is_minified": true,
														"children": [
															"mc:sofa_0",
															"mc:sofa_1",
															"mc:sofa_2",
															"mc:sofa_3",
															"mc:sofa_4",
															"mc:sofa_5",
															"mc:sofa_6",
															"mc:sofa_7",
															"mc:sofa_8",
															"mc:sofa_9"
														]
													},
													{
														"open": {
															"block_filter": [
																"mc:sofa_0",
																"mc:sofa_1",
																"mc:sofa_2",
																"mc:sofa_3",
																"mc:sofa_4",
																"mc:sofa_5",
																"mc:sofa_6",
																"mc:sofa_7",
																"mc:sofa_8",
																"mc:sofa_9"
															],
															"allowed_faces": [
																"side"
															]
														},
														"key": "allowed_faces",
														"is_minified": true,
														"children": [
															"side"
														]
													}
												]
											}
										]
									}
								]
							},
							{
								"data": "0",
								"key": "minecraft:block_light_absorption"
							},
							{
								"key": "minecraft:pick_collision",
								"is_minified": true,
								"children": {
									"origin": [
										-8,
										0,
										-8
									],
									"size": [
										16,
										8,
										16
									]
								}
							},
							{
								"key": "minecraft:entity_collision",
								"is_minified": true,
								"children": {
									"origin": [
										-3,
										0,
										-3
									],
									"size": [
										6,
										5,
										6
									]
								}
							},
							{
								"key": "minecraft:ticking",
								"is_minified": true,
								"children": {
									"looping": false,
									"range": [
										0,
										0
									],
									"on_tick": {
										"event": "chair:set_sit"
									}
								}
							},
							{
								"key": "minecraft:on_interact",
								"is_minified": true,
								"children": {
									"condition": "!query.is_sneaking",
									"event": "player:sit"
								}
							},
							{
								"data": "0.0",
								"key": "minecraft:block_light_emission"
							},
							{
								"data": "geometry.chair_0",
								"key": "minecraft:geometry"
							}
						]
					},
					{
						"open": {
							"description": {
								"identifier": "mc:sofa_collision",
								"is_experimental": true,
								"properties": {
									"minecraft:direction": {}
								}
							},
							"components": {
								"minecraft:material_instances": {
									"*": {
										"render_method": "alpha_test",
										"texture": "mc_table_collision",
										"ambient_occlusion": false,
										"face_dimming": false
									}
								},
								"minecraft:destroy_time": 70,
								"minecraft:explosion_resistance": 6,
								"minecraft:on_player_destroyed": {
									"event": "on_destroy"
								},
								"minecraft:loot": "loot_tables/nothing.json",
								"minecraft:placement_filter": {
									"conditions": [
										{
											"block_filter": [
												"mc:sofa_0",
												"mc:sofa_1",
												"mc:sofa_2",
												"mc:sofa_3",
												"mc:sofa_4",
												"mc:sofa_5",
												"mc:sofa_6",
												"mc:sofa_7",
												"mc:sofa_8",
												"mc:sofa_9"
											],
											"allowed_faces": [
												"side"
											]
										}
									]
								},
								"minecraft:block_light_absorption": 0,
								"minecraft:pick_collision": {
									"origin": [
										-8,
										0,
										-8
									],
									"size": [
										16,
										8,
										16
									]
								},
								"minecraft:entity_collision": {
									"origin": [
										-3,
										0,
										-3
									],
									"size": [
										6,
										5,
										6
									]
								},
								"minecraft:ticking": {
									"looping": false,
									"range": [
										0,
										0
									],
									"on_tick": {
										"event": "chair:set_sit"
									}
								},
								"minecraft:on_interact": {
									"condition": "!query.is_sneaking",
									"event": "player:sit"
								},
								"minecraft:block_light_emission": 0,
								"minecraft:geometry": "geometry.chair_0"
							},
							"events": {
								"on_destroy": {
									"run_command": {
										"command": [
											"fill ~1~~1 ~-1~~-1 minecraft:air 0 replace mc:table_0"
										]
									}
								},
								"chair:set_sit": {
									"sequence": [
										{
											"condition": "query.block_property('minecraft:direction') == 0",
											"run_command": {
												"command": [
													"summon mc:tiny_chair_entity"
												]
											}
										},
										{
											"condition": "query.block_property('minecraft:direction') == 1",
											"run_command": {
												"command": [
													"summon mc:tiny_chair_entity ~ ~ ~ facing_south"
												]
											}
										},
										{
											"condition": "query.block_property('minecraft:direction') == 2",
											"run_command": {
												"command": [
													"summon mc:tiny_chair_entity ~ ~ ~ facing_west"
												]
											}
										},
										{
											"condition": "query.block_property('minecraft:direction') == 3",
											"run_command": {
												"command": [
													"summon mc:tiny_chair_entity ~ ~ ~ facing_east"
												]
											}
										}
									]
								},
								"player:sit": {
									"sequence": [
										{
											"run_command": {
												"command": [
													"tag @s add player_chair_interact"
												],
												"target": "other"
											}
										},
										{
											"run_command": {
												"command": [
													"event entity @e[type=mc:tiny_chair_entity,r=0.01] player_interact"
												]
											}
										}
									]
								}
							}
						},
						"key": "events",
						"children": [
							{
								"key": "on_destroy",
								"is_minified": true,
								"children": {
									"run_command": {
										"command": [
											"fill ~1~~1 ~-1~~-1 minecraft:air 0 replace mc:table_0"
										]
									}
								}
							},
							{
								"open": {
									"on_destroy": {
										"run_command": {
											"command": [
												"fill ~1~~1 ~-1~~-1 minecraft:air 0 replace mc:table_0"
											]
										}
									},
									"chair:set_sit": {
										"sequence": [
											{
												"condition": "query.block_property('minecraft:direction') == 0",
												"run_command": {
													"command": [
														"summon mc:tiny_chair_entity"
													]
												}
											},
											{
												"condition": "query.block_property('minecraft:direction') == 1",
												"run_command": {
													"command": [
														"summon mc:tiny_chair_entity ~ ~ ~ facing_south"
													]
												}
											},
											{
												"condition": "query.block_property('minecraft:direction') == 2",
												"run_command": {
													"command": [
														"summon mc:tiny_chair_entity ~ ~ ~ facing_west"
													]
												}
											},
											{
												"condition": "query.block_property('minecraft:direction') == 3",
												"run_command": {
													"command": [
														"summon mc:tiny_chair_entity ~ ~ ~ facing_east"
													]
												}
											}
										]
									},
									"player:sit": {
										"sequence": [
											{
												"run_command": {
													"command": [
														"tag @s add player_chair_interact"
													],
													"target": "other"
												}
											},
											{
												"run_command": {
													"command": [
														"event entity @e[type=mc:tiny_chair_entity,r=0.01] player_interact"
													]
												}
											}
										]
									}
								},
								"key": "chair:set_sit",
								"children": [
									{
										"open": {
											"sequence": [
												{
													"condition": "query.block_property('minecraft:direction') == 0",
													"run_command": {
														"command": [
															"summon mc:tiny_chair_entity"
														]
													}
												},
												{
													"condition": "query.block_property('minecraft:direction') == 1",
													"run_command": {
														"command": [
															"summon mc:tiny_chair_entity ~ ~ ~ facing_south"
														]
													}
												},
												{
													"condition": "query.block_property('minecraft:direction') == 2",
													"run_command": {
														"command": [
															"summon mc:tiny_chair_entity ~ ~ ~ facing_west"
														]
													}
												},
												{
													"condition": "query.block_property('minecraft:direction') == 3",
													"run_command": {
														"command": [
															"summon mc:tiny_chair_entity ~ ~ ~ facing_east"
														]
													}
												}
											]
										},
										"key": "sequence",
										"children": [
											{
												"open": [
													{
														"condition": "query.block_property('minecraft:direction') == 0",
														"run_command": {
															"command": [
																"summon mc:tiny_chair_entity"
															]
														}
													},
													{
														"condition": "query.block_property('minecraft:direction') == 1",
														"run_command": {
															"command": [
																"summon mc:tiny_chair_entity ~ ~ ~ facing_south"
															]
														}
													},
													{
														"condition": "query.block_property('minecraft:direction') == 2",
														"run_command": {
															"command": [
																"summon mc:tiny_chair_entity ~ ~ ~ facing_west"
															]
														}
													},
													{
														"condition": "query.block_property('minecraft:direction') == 3",
														"run_command": {
															"command": [
																"summon mc:tiny_chair_entity ~ ~ ~ facing_east"
															]
														}
													}
												],
												"children": [
													{
														"open": {
															"condition": "query.block_property('minecraft:direction') == 0",
															"run_command": {
																"command": [
																	"summon mc:tiny_chair_entity"
																]
															}
														},
														"data": "query.block_property('minecraft:direction') == 0",
														"key": "condition"
													},
													{
														"open": {
															"condition": "query.block_property('minecraft:direction') == 0",
															"run_command": {
																"command": [
																	"summon mc:tiny_chair_entity"
																]
															}
														},
														"key": "run_command",
														"children": [
															{
																"open": {
																	"command": [
																		"summon mc:tiny_chair_entity"
																	]
																},
																"key": "command",
																"is_minified": true,
																"children": [
																	"summon mc:tiny_chair_entity"
																]
															}
														]
													}
												]
											},
											{
												"open": [
													{
														"condition": "query.block_property('minecraft:direction') == 0",
														"run_command": {
															"command": [
																"summon mc:tiny_chair_entity"
															]
														}
													},
													{
														"condition": "query.block_property('minecraft:direction') == 1",
														"run_command": {
															"command": [
																"summon mc:tiny_chair_entity ~ ~ ~ facing_south"
															]
														}
													},
													{
														"condition": "query.block_property('minecraft:direction') == 2",
														"run_command": {
															"command": [
																"summon mc:tiny_chair_entity ~ ~ ~ facing_west"
															]
														}
													},
													{
														"condition": "query.block_property('minecraft:direction') == 3",
														"run_command": {
															"command": [
																"summon mc:tiny_chair_entity ~ ~ ~ facing_east"
															]
														}
													}
												],
												"children": [
													{
														"open": {
															"condition": "query.block_property('minecraft:direction') == 1",
															"run_command": {
																"command": [
																	"summon mc:tiny_chair_entity ~ ~ ~ facing_south"
																]
															}
														},
														"data": "query.block_property('minecraft:direction') == 1",
														"key": "condition"
													},
													{
														"open": {
															"condition": "query.block_property('minecraft:direction') == 1",
															"run_command": {
																"command": [
																	"summon mc:tiny_chair_entity ~ ~ ~ facing_south"
																]
															}
														},
														"key": "run_command",
														"children": [
															{
																"open": {
																	"command": [
																		"summon mc:tiny_chair_entity ~ ~ ~ facing_south"
																	]
																},
																"key": "command",
																"is_minified": true,
																"children": [
																	"summon mc:tiny_chair_entity ~ ~ ~ facing_south"
																]
															}
														]
													}
												]
											},
											{
												"open": [
													{
														"condition": "query.block_property('minecraft:direction') == 0",
														"run_command": {
															"command": [
																"summon mc:tiny_chair_entity"
															]
														}
													},
													{
														"condition": "query.block_property('minecraft:direction') == 1",
														"run_command": {
															"command": [
																"summon mc:tiny_chair_entity ~ ~ ~ facing_south"
															]
														}
													},
													{
														"condition": "query.block_property('minecraft:direction') == 2",
														"run_command": {
															"command": [
																"summon mc:tiny_chair_entity ~ ~ ~ facing_west"
															]
														}
													},
													{
														"condition": "query.block_property('minecraft:direction') == 3",
														"run_command": {
															"command": [
																"summon mc:tiny_chair_entity ~ ~ ~ facing_east"
															]
														}
													}
												],
												"children": [
													{
														"open": {
															"condition": "query.block_property('minecraft:direction') == 2",
															"run_command": {
																"command": [
																	"summon mc:tiny_chair_entity ~ ~ ~ facing_west"
																]
															}
														},
														"data": "query.block_property('minecraft:direction') == 2",
														"key": "condition"
													},
													{
														"open": {
															"condition": "query.block_property('minecraft:direction') == 2",
															"run_command": {
																"command": [
																	"summon mc:tiny_chair_entity ~ ~ ~ facing_west"
																]
															}
														},
														"key": "run_command",
														"children": [
															{
																"open": {
																	"command": [
																		"summon mc:tiny_chair_entity ~ ~ ~ facing_west"
																	]
																},
																"key": "command",
																"is_minified": true,
																"children": [
																	"summon mc:tiny_chair_entity ~ ~ ~ facing_west"
																]
															}
														]
													}
												]
											},
											{
												"open": [
													{
														"condition": "query.block_property('minecraft:direction') == 0",
														"run_command": {
															"command": [
																"summon mc:tiny_chair_entity"
															]
														}
													},
													{
														"condition": "query.block_property('minecraft:direction') == 1",
														"run_command": {
															"command": [
																"summon mc:tiny_chair_entity ~ ~ ~ facing_south"
															]
														}
													},
													{
														"condition": "query.block_property('minecraft:direction') == 2",
														"run_command": {
															"command": [
																"summon mc:tiny_chair_entity ~ ~ ~ facing_west"
															]
														}
													},
													{
														"condition": "query.block_property('minecraft:direction') == 3",
														"run_command": {
															"command": [
																"summon mc:tiny_chair_entity ~ ~ ~ facing_east"
															]
														}
													}
												],
												"children": [
													{
														"open": {
															"condition": "query.block_property('minecraft:direction') == 3",
															"run_command": {
																"command": [
																	"summon mc:tiny_chair_entity ~ ~ ~ facing_east"
																]
															}
														},
														"data": "query.block_property('minecraft:direction') == 3",
														"key": "condition"
													},
													{
														"open": {
															"condition": "query.block_property('minecraft:direction') == 3",
															"run_command": {
																"command": [
																	"summon mc:tiny_chair_entity ~ ~ ~ facing_east"
																]
															}
														},
														"key": "run_command",
														"children": [
															{
																"open": {
																	"command": [
																		"summon mc:tiny_chair_entity ~ ~ ~ facing_east"
																	]
																},
																"key": "command",
																"is_minified": true,
																"children": [
																	"summon mc:tiny_chair_entity ~ ~ ~ facing_east"
																]
															}
														]
													}
												]
											}
										]
									}
								]
							},
							{
								"key": "player:sit",
								"is_minified": true,
								"children": {
									"sequence": [
										{
											"run_command": {
												"command": [
													"tag @s add player_chair_interact"
												],
												"target": "other"
											}
										},
										{
											"run_command": {
												"command": [
													"event entity @e[type=mc:tiny_chair_entity,r=0.01] player_interact"
												]
											}
										}
									]
								}
							}
						]
					}
				]
			}
		]
	}
}