{
	"file_path": "C:\\Users\\chupi\\AppData\\Local\\Packages\\Microsoft.MinecraftUWP_8wekyb3d8bbwe\\LocalState\\games\\com.mojang\\development_behavior_packs\\ModernDecoration\\blocks\\picnic\\fallen_log.json",
	"file_type": "block",
	"format_version": 1,
	"file_uuid": "7425e2eb_1797_449e_afc0_4f0b741052bc",
	"file_version": 65,
	"cache_content": {
		"children": [
			{
				"data": "1.16.0",
				"key": "format_version"
			},
			{
				"open": {
					"format_version": "1.16.0",
					"minecraft:block": {
						"description": {
							"identifier": "mc:fallen_log",
							"is_experimental": true,
							"properties": {
								"decor:face": [
									0,
									1,
									2,
									3
								],
								"mc:variant": [
									0,
									1
								]
							}
						},
						"components": {
							"minecraft:material_instances": {
								"*": {
									"texture": "mc_fallen_log",
									"ambient_occlusion": true
								}
							},
							"minecraft:destroy_time": 0.2,
							"minecraft:explosion_resistance": 1,
							"minecraft:block_light_emission": 0,
							"minecraft:block_light_absorption": 0,
							"minecraft:pick_collision": {
								"origin": [
									-8,
									0,
									-6
								],
								"size": [
									16,
									12,
									12
								]
							},
							"minecraft:on_player_placing": {
								"event": "decor:face"
							},
							"minecraft:on_interact": {
								"condition": "!query.is_sneaking",
								"event": "player:sit"
							},
							"minecraft:ticking": {
								"looping": false,
								"range": [
									0,
									0
								],
								"on_tick": {
									"event": "chair:set_sit"
								}
							},
							"minecraft:entity_collision": {
								"origin": [
									-8,
									0,
									-6
								],
								"size": [
									16,
									12,
									12
								]
							},
							"minecraft:creative_category": {
								"category": "construction"
							}
						},
						"permutations": [
							{
								"condition": "query.block_property('decor:face') == 0",
								"components": {
									"minecraft:rotation": [
										0,
										180,
										0
									]
								}
							},
							{
								"condition": "query.block_property('decor:face') == 1",
								"components": {
									"minecraft:rotation": [
										0,
										0,
										0
									]
								}
							},
							{
								"condition": "query.block_property('decor:face') == 2",
								"components": {
									"minecraft:rotation": [
										0,
										270,
										0
									]
								}
							},
							{
								"condition": "query.block_property('decor:face') == 3",
								"components": {
									"minecraft:rotation": [
										0,
										90,
										0
									]
								}
							},
							{
								"condition": "query.block_property('mc:variant') == 0",
								"components": {
									"minecraft:geometry": "geometry.fallen_log_0"
								}
							},
							{
								"condition": "query.block_property('mc:variant') == 1",
								"components": {
									"minecraft:geometry": "geometry.fallen_log_1"
								}
							}
						],
						"events": {
							"decor:face": {
								"sequence": [
									{
										"condition": "(1.0)",
										"set_block_property": {
											"decor:face": "query.cardinal_facing_2d-2"
										}
									},
									{
										"condition": "(1.0)",
										"set_block_property": {
											"mc:variant": "math.random(0,1)"
										}
									}
								]
							},
							"chair:set_sit": {
								"sequence": [
									{
										"condition": "query.block_property('decor:face') == 0",
										"run_command": {
											"command": [
												"summon mc:chair_entity"
											]
										}
									},
									{
										"condition": "query.block_property('decor:face') == 1",
										"run_command": {
											"command": [
												"summon mc:chair_entity ~ ~ ~ facing_south"
											]
										}
									},
									{
										"condition": "query.block_property('decor:face') == 2",
										"run_command": {
											"command": [
												"summon mc:chair_entity ~ ~ ~ facing_west"
											]
										}
									},
									{
										"condition": "query.block_property('decor:face') == 3",
										"run_command": {
											"command": [
												"summon mc:chair_entity ~ ~ ~ facing_east"
											]
										}
									}
								]
							},
							"player:sit": {
								"sequence": [
									{
										"run_command": {
											"command": [
												"tag @s add player_chair_interact"
											],
											"target": "other"
										}
									},
									{
										"run_command": {
											"command": [
												"event entity @e[type=mc:chair_entity,r=0.01] player_interact"
											]
										}
									}
								]
							}
						}
					}
				},
				"key": "minecraft:block",
				"children": [
					{
						"open": {
							"description": {
								"identifier": "mc:fallen_log",
								"is_experimental": true,
								"properties": {
									"decor:face": [
										0,
										1,
										2,
										3
									],
									"mc:variant": [
										0,
										1
									]
								}
							},
							"components": {
								"minecraft:material_instances": {
									"*": {
										"texture": "mc_fallen_log",
										"ambient_occlusion": true
									}
								},
								"minecraft:destroy_time": 0.2,
								"minecraft:explosion_resistance": 1,
								"minecraft:block_light_emission": 0,
								"minecraft:block_light_absorption": 0,
								"minecraft:pick_collision": {
									"origin": [
										-8,
										0,
										-6
									],
									"size": [
										16,
										12,
										12
									]
								},
								"minecraft:on_player_placing": {
									"event": "decor:face"
								},
								"minecraft:on_interact": {
									"condition": "!query.is_sneaking",
									"event": "player:sit"
								},
								"minecraft:ticking": {
									"looping": false,
									"range": [
										0,
										0
									],
									"on_tick": {
										"event": "chair:set_sit"
									}
								},
								"minecraft:entity_collision": {
									"origin": [
										-8,
										0,
										-6
									],
									"size": [
										16,
										12,
										12
									]
								},
								"minecraft:creative_category": {
									"category": "construction"
								}
							},
							"permutations": [
								{
									"condition": "query.block_property('decor:face') == 0",
									"components": {
										"minecraft:rotation": [
											0,
											180,
											0
										]
									}
								},
								{
									"condition": "query.block_property('decor:face') == 1",
									"components": {
										"minecraft:rotation": [
											0,
											0,
											0
										]
									}
								},
								{
									"condition": "query.block_property('decor:face') == 2",
									"components": {
										"minecraft:rotation": [
											0,
											270,
											0
										]
									}
								},
								{
									"condition": "query.block_property('decor:face') == 3",
									"components": {
										"minecraft:rotation": [
											0,
											90,
											0
										]
									}
								},
								{
									"condition": "query.block_property('mc:variant') == 0",
									"components": {
										"minecraft:geometry": "geometry.fallen_log_0"
									}
								},
								{
									"condition": "query.block_property('mc:variant') == 1",
									"components": {
										"minecraft:geometry": "geometry.fallen_log_1"
									}
								}
							],
							"events": {
								"decor:face": {
									"sequence": [
										{
											"condition": "(1.0)",
											"set_block_property": {
												"decor:face": "query.cardinal_facing_2d-2"
											}
										},
										{
											"condition": "(1.0)",
											"set_block_property": {
												"mc:variant": "math.random(0,1)"
											}
										}
									]
								},
								"chair:set_sit": {
									"sequence": [
										{
											"condition": "query.block_property('decor:face') == 0",
											"run_command": {
												"command": [
													"summon mc:chair_entity"
												]
											}
										},
										{
											"condition": "query.block_property('decor:face') == 1",
											"run_command": {
												"command": [
													"summon mc:chair_entity ~ ~ ~ facing_south"
												]
											}
										},
										{
											"condition": "query.block_property('decor:face') == 2",
											"run_command": {
												"command": [
													"summon mc:chair_entity ~ ~ ~ facing_west"
												]
											}
										},
										{
											"condition": "query.block_property('decor:face') == 3",
											"run_command": {
												"command": [
													"summon mc:chair_entity ~ ~ ~ facing_east"
												]
											}
										}
									]
								},
								"player:sit": {
									"sequence": [
										{
											"run_command": {
												"command": [
													"tag @s add player_chair_interact"
												],
												"target": "other"
											}
										},
										{
											"run_command": {
												"command": [
													"event entity @e[type=mc:chair_entity,r=0.01] player_interact"
												]
											}
										}
									]
								}
							}
						},
						"key": "description",
						"children": [
							{
								"open": {
									"identifier": "mc:fallen_log",
									"is_experimental": true,
									"properties": {
										"decor:face": [
											0,
											1,
											2,
											3
										],
										"mc:variant": [
											0,
											1
										]
									}
								},
								"data": "mc:fallen_log",
								"key": "identifier"
							},
							{
								"data": "true",
								"key": "is_experimental"
							},
							{
								"open": {
									"identifier": "mc:fallen_log",
									"is_experimental": true,
									"properties": {
										"decor:face": [
											0,
											1,
											2,
											3
										],
										"mc:variant": [
											0,
											1
										]
									}
								},
								"key": "properties",
								"children": [
									{
										"key": "decor:face",
										"is_minified": true,
										"children": [
											0,
											1,
											2,
											3
										]
									},
									{
										"open": {
											"decor:face": [
												0,
												1,
												2,
												3
											],
											"mc:variant": [
												0,
												1
											]
										},
										"key": "mc:variant",
										"is_minified": true,
										"children": [
											0,
											1
										]
									}
								]
							}
						]
					},
					{
						"open": {
							"description": {
								"identifier": "mc:fallen_log",
								"is_experimental": true,
								"properties": {
									"decor:face": [
										0,
										1,
										2,
										3
									],
									"mc:variant": [
										0,
										1
									]
								}
							},
							"components": {
								"minecraft:material_instances": {
									"*": {
										"texture": "mc_fallen_log",
										"ambient_occlusion": true
									}
								},
								"minecraft:destroy_time": 0.2,
								"minecraft:explosion_resistance": 1,
								"minecraft:block_light_emission": 0,
								"minecraft:block_light_absorption": 0,
								"minecraft:pick_collision": {
									"origin": [
										-8,
										0,
										-6
									],
									"size": [
										16,
										12,
										12
									]
								},
								"minecraft:on_player_placing": {
									"event": "decor:face"
								},
								"minecraft:on_interact": {
									"condition": "!query.is_sneaking",
									"event": "player:sit"
								},
								"minecraft:ticking": {
									"looping": false,
									"range": [
										0,
										0
									],
									"on_tick": {
										"event": "chair:set_sit"
									}
								},
								"minecraft:entity_collision": {
									"origin": [
										-8,
										0,
										-6
									],
									"size": [
										16,
										12,
										12
									]
								},
								"minecraft:creative_category": {
									"category": "construction"
								}
							},
							"permutations": [
								{
									"condition": "query.block_property('decor:face') == 0",
									"components": {
										"minecraft:rotation": [
											0,
											180,
											0
										]
									}
								},
								{
									"condition": "query.block_property('decor:face') == 1",
									"components": {
										"minecraft:rotation": [
											0,
											0,
											0
										]
									}
								},
								{
									"condition": "query.block_property('decor:face') == 2",
									"components": {
										"minecraft:rotation": [
											0,
											270,
											0
										]
									}
								},
								{
									"condition": "query.block_property('decor:face') == 3",
									"components": {
										"minecraft:rotation": [
											0,
											90,
											0
										]
									}
								},
								{
									"condition": "query.block_property('mc:variant') == 0",
									"components": {
										"minecraft:geometry": "geometry.fallen_log_0"
									}
								},
								{
									"condition": "query.block_property('mc:variant') == 1",
									"components": {
										"minecraft:geometry": "geometry.fallen_log_1"
									}
								}
							],
							"events": {
								"decor:face": {
									"sequence": [
										{
											"condition": "(1.0)",
											"set_block_property": {
												"decor:face": "query.cardinal_facing_2d-2"
											}
										},
										{
											"condition": "(1.0)",
											"set_block_property": {
												"mc:variant": "math.random(0,1)"
											}
										}
									]
								},
								"chair:set_sit": {
									"sequence": [
										{
											"condition": "query.block_property('decor:face') == 0",
											"run_command": {
												"command": [
													"summon mc:chair_entity"
												]
											}
										},
										{
											"condition": "query.block_property('decor:face') == 1",
											"run_command": {
												"command": [
													"summon mc:chair_entity ~ ~ ~ facing_south"
												]
											}
										},
										{
											"condition": "query.block_property('decor:face') == 2",
											"run_command": {
												"command": [
													"summon mc:chair_entity ~ ~ ~ facing_west"
												]
											}
										},
										{
											"condition": "query.block_property('decor:face') == 3",
											"run_command": {
												"command": [
													"summon mc:chair_entity ~ ~ ~ facing_east"
												]
											}
										}
									]
								},
								"player:sit": {
									"sequence": [
										{
											"run_command": {
												"command": [
													"tag @s add player_chair_interact"
												],
												"target": "other"
											}
										},
										{
											"run_command": {
												"command": [
													"event entity @e[type=mc:chair_entity,r=0.01] player_interact"
												]
											}
										}
									]
								}
							}
						},
						"key": "components",
						"children": [
							{
								"key": "minecraft:material_instances",
								"children": [
									{
										"open": {
											"*": {
												"texture": "mc_fallen_log",
												"ambient_occlusion": true
											}
										},
										"key": "*",
										"is_minified": true,
										"children": {
											"texture": "mc_fallen_log",
											"ambient_occlusion": true
										}
									}
								]
							},
							{
								"data": "0.2",
								"key": "minecraft:destroy_time"
							},
							{
								"data": "1",
								"key": "minecraft:explosion_resistance"
							},
							{
								"data": "0",
								"key": "minecraft:block_light_emission"
							},
							{
								"data": "0",
								"key": "minecraft:block_light_absorption"
							},
							{
								"open": {
									"minecraft:material_instances": {
										"*": {
											"texture": "mc_fallen_log",
											"ambient_occlusion": true
										}
									},
									"minecraft:destroy_time": 0.2,
									"minecraft:explosion_resistance": 1,
									"minecraft:block_light_emission": 0,
									"minecraft:block_light_absorption": 0,
									"minecraft:pick_collision": {
										"origin": [
											-8,
											0,
											-6
										],
										"size": [
											16,
											12,
											12
										]
									},
									"minecraft:on_player_placing": {
										"event": "decor:face"
									},
									"minecraft:on_interact": {
										"condition": "!query.is_sneaking",
										"event": "player:sit"
									},
									"minecraft:ticking": {
										"looping": false,
										"range": [
											0,
											0
										],
										"on_tick": {
											"event": "chair:set_sit"
										}
									},
									"minecraft:entity_collision": {
										"origin": [
											-8,
											0,
											-6
										],
										"size": [
											16,
											12,
											12
										]
									},
									"minecraft:creative_category": {
										"category": "construction"
									}
								},
								"key": "minecraft:pick_collision",
								"children": [
									{
										"open": {
											"origin": [
												-8,
												0,
												-6
											],
											"size": [
												16,
												12,
												12
											]
										},
										"key": "origin",
										"is_minified": true,
										"children": [
											-8,
											0,
											-6
										]
									},
									{
										"open": {
											"origin": [
												-8,
												0,
												-6
											],
											"size": [
												16,
												12,
												12
											]
										},
										"key": "size",
										"is_minified": true,
										"children": [
											16,
											12,
											12
										]
									}
								]
							},
							{
								"key": "minecraft:on_player_placing",
								"is_minified": true,
								"children": {
									"event": "decor:face"
								}
							},
							{
								"key": "minecraft:on_interact",
								"is_minified": true,
								"children": {
									"condition": "!query.is_sneaking",
									"event": "player:sit"
								}
							},
							{
								"key": "minecraft:ticking",
								"children": [
									{
										"data": "false",
										"key": "looping"
									},
									{
										"key": "range",
										"is_minified": true,
										"children": [
											0,
											0
										]
									},
									{
										"open": {
											"looping": false,
											"range": [
												0,
												0
											],
											"on_tick": {
												"event": "chair:set_sit"
											}
										},
										"key": "on_tick",
										"is_minified": true,
										"children": {
											"event": "chair:set_sit"
										}
									}
								]
							},
							{
								"open": {
									"minecraft:material_instances": {
										"*": {
											"texture": "mc_fallen_log",
											"ambient_occlusion": true
										}
									},
									"minecraft:destroy_time": 0.2,
									"minecraft:explosion_resistance": 1,
									"minecraft:block_light_emission": 0,
									"minecraft:block_light_absorption": 0,
									"minecraft:pick_collision": {
										"origin": [
											-8,
											0,
											-6
										],
										"size": [
											16,
											12,
											12
										]
									},
									"minecraft:on_player_placing": {
										"event": "decor:face"
									},
									"minecraft:on_interact": {
										"condition": "!query.is_sneaking",
										"event": "player:sit"
									},
									"minecraft:ticking": {
										"looping": false,
										"range": [
											0,
											0
										],
										"on_tick": {
											"event": "chair:set_sit"
										}
									},
									"minecraft:entity_collision": {
										"origin": [
											-8,
											0,
											-6
										],
										"size": [
											16,
											12,
											12
										]
									},
									"minecraft:creative_category": {
										"category": "construction"
									}
								},
								"key": "minecraft:entity_collision",
								"is_minified": true,
								"children": {
									"origin": [
										-8,
										0,
										-6
									],
									"size": [
										16,
										12,
										12
									]
								}
							},
							{
								"key": "minecraft:creative_category",
								"is_minified": true,
								"children": {
									"category": "construction"
								}
							}
						]
					},
					{
						"open": {
							"description": {
								"identifier": "mc:fallen_log",
								"is_experimental": true,
								"properties": {
									"decor:face": [
										0,
										1,
										2,
										3
									],
									"mc:variant": [
										0,
										1
									]
								}
							},
							"components": {
								"minecraft:material_instances": {
									"*": {
										"texture": "mc_fallen_log",
										"ambient_occlusion": true
									}
								},
								"minecraft:destroy_time": 0.2,
								"minecraft:explosion_resistance": 1,
								"minecraft:block_light_emission": 0,
								"minecraft:block_light_absorption": 0,
								"minecraft:pick_collision": {
									"origin": [
										-8,
										0,
										-6
									],
									"size": [
										16,
										12,
										12
									]
								},
								"minecraft:on_player_placing": {
									"event": "decor:face"
								},
								"minecraft:on_interact": {
									"condition": "!query.is_sneaking",
									"event": "player:sit"
								},
								"minecraft:ticking": {
									"looping": false,
									"range": [
										0,
										0
									],
									"on_tick": {
										"event": "chair:set_sit"
									}
								},
								"minecraft:entity_collision": {
									"origin": [
										-8,
										0,
										-6
									],
									"size": [
										16,
										12,
										12
									]
								},
								"minecraft:creative_category": {
									"category": "construction"
								}
							},
							"permutations": [
								{
									"condition": "query.block_property('decor:face') == 0",
									"components": {
										"minecraft:rotation": [
											0,
											180,
											0
										]
									}
								},
								{
									"condition": "query.block_property('decor:face') == 1",
									"components": {
										"minecraft:rotation": [
											0,
											0,
											0
										]
									}
								},
								{
									"condition": "query.block_property('decor:face') == 2",
									"components": {
										"minecraft:rotation": [
											0,
											270,
											0
										]
									}
								},
								{
									"condition": "query.block_property('decor:face') == 3",
									"components": {
										"minecraft:rotation": [
											0,
											90,
											0
										]
									}
								},
								{
									"condition": "query.block_property('mc:variant') == 0",
									"components": {
										"minecraft:geometry": "geometry.fallen_log_0"
									}
								},
								{
									"condition": "query.block_property('mc:variant') == 1",
									"components": {
										"minecraft:geometry": "geometry.fallen_log_1"
									}
								}
							],
							"events": {
								"decor:face": {
									"sequence": [
										{
											"condition": "(1.0)",
											"set_block_property": {
												"decor:face": "query.cardinal_facing_2d-2"
											}
										},
										{
											"condition": "(1.0)",
											"set_block_property": {
												"mc:variant": "math.random(0,1)"
											}
										}
									]
								},
								"chair:set_sit": {
									"sequence": [
										{
											"condition": "query.block_property('decor:face') == 0",
											"run_command": {
												"command": [
													"summon mc:chair_entity"
												]
											}
										},
										{
											"condition": "query.block_property('decor:face') == 1",
											"run_command": {
												"command": [
													"summon mc:chair_entity ~ ~ ~ facing_south"
												]
											}
										},
										{
											"condition": "query.block_property('decor:face') == 2",
											"run_command": {
												"command": [
													"summon mc:chair_entity ~ ~ ~ facing_west"
												]
											}
										},
										{
											"condition": "query.block_property('decor:face') == 3",
											"run_command": {
												"command": [
													"summon mc:chair_entity ~ ~ ~ facing_east"
												]
											}
										}
									]
								},
								"player:sit": {
									"sequence": [
										{
											"run_command": {
												"command": [
													"tag @s add player_chair_interact"
												],
												"target": "other"
											}
										},
										{
											"run_command": {
												"command": [
													"event entity @e[type=mc:chair_entity,r=0.01] player_interact"
												]
											}
										}
									]
								}
							}
						},
						"key": "permutations",
						"children": [
							{
								"is_minified": true,
								"children": {
									"condition": "query.block_property('decor:face') == 0",
									"components": {
										"minecraft:rotation": [
											0,
											180,
											0
										]
									}
								}
							},
							{
								"is_minified": true,
								"children": {
									"condition": "query.block_property('decor:face') == 1",
									"components": {
										"minecraft:rotation": [
											0,
											0,
											0
										]
									}
								}
							},
							{
								"is_minified": true,
								"children": {
									"condition": "query.block_property('decor:face') == 2",
									"components": {
										"minecraft:rotation": [
											0,
											270,
											0
										]
									}
								}
							},
							{
								"is_minified": true,
								"children": {
									"condition": "query.block_property('decor:face') == 3",
									"components": {
										"minecraft:rotation": [
											0,
											90,
											0
										]
									}
								}
							},
							{
								"children": [
									{
										"data": "query.block_property('mc:variant') == 0",
										"key": "condition"
									},
									{
										"open": {
											"condition": "query.block_property('mc:variant') == 0",
											"components": {
												"minecraft:geometry": "geometry.fallen_log_0"
											}
										},
										"key": "components",
										"is_minified": true,
										"children": {
											"minecraft:geometry": "geometry.fallen_log_0"
										}
									}
								]
							},
							{
								"children": [
									{
										"open": {
											"condition": "query.block_property('mc:variant') == 1",
											"components": {
												"minecraft:geometry": "geometry.fallen_log_1"
											}
										},
										"data": "query.block_property('mc:variant') == 1",
										"key": "condition"
									},
									{
										"open": {
											"condition": "query.block_property('mc:variant') == 1",
											"components": {
												"minecraft:geometry": "geometry.fallen_log_1"
											}
										},
										"key": "components",
										"is_minified": true,
										"children": {
											"minecraft:geometry": "geometry.fallen_log_1"
										}
									}
								]
							}
						]
					},
					{
						"open": {
							"description": {
								"identifier": "mc:fallen_log",
								"is_experimental": true,
								"properties": {
									"decor:face": [
										0,
										1,
										2,
										3
									],
									"mc:variant": [
										0,
										1
									]
								}
							},
							"components": {
								"minecraft:material_instances": {
									"*": {
										"texture": "mc_fallen_log",
										"ambient_occlusion": true
									}
								},
								"minecraft:destroy_time": 0.2,
								"minecraft:explosion_resistance": 1,
								"minecraft:block_light_emission": 0,
								"minecraft:block_light_absorption": 0,
								"minecraft:pick_collision": {
									"origin": [
										-8,
										0,
										-6
									],
									"size": [
										16,
										12,
										12
									]
								},
								"minecraft:on_player_placing": {
									"event": "decor:face"
								},
								"minecraft:on_interact": {
									"condition": "!query.is_sneaking",
									"event": "player:sit"
								},
								"minecraft:ticking": {
									"looping": false,
									"range": [
										0,
										0
									],
									"on_tick": {
										"event": "chair:set_sit"
									}
								},
								"minecraft:entity_collision": {
									"origin": [
										-8,
										0,
										-6
									],
									"size": [
										16,
										12,
										12
									]
								},
								"minecraft:creative_category": {
									"category": "construction"
								}
							},
							"permutations": [
								{
									"condition": "query.block_property('decor:face') == 0",
									"components": {
										"minecraft:rotation": [
											0,
											180,
											0
										]
									}
								},
								{
									"condition": "query.block_property('decor:face') == 1",
									"components": {
										"minecraft:rotation": [
											0,
											0,
											0
										]
									}
								},
								{
									"condition": "query.block_property('decor:face') == 2",
									"components": {
										"minecraft:rotation": [
											0,
											270,
											0
										]
									}
								},
								{
									"condition": "query.block_property('decor:face') == 3",
									"components": {
										"minecraft:rotation": [
											0,
											90,
											0
										]
									}
								},
								{
									"condition": "query.block_property('mc:variant') == 0",
									"components": {
										"minecraft:geometry": "geometry.fallen_log_0"
									}
								},
								{
									"condition": "query.block_property('mc:variant') == 1",
									"components": {
										"minecraft:geometry": "geometry.fallen_log_1"
									}
								}
							],
							"events": {
								"decor:face": {
									"sequence": [
										{
											"condition": "(1.0)",
											"set_block_property": {
												"decor:face": "query.cardinal_facing_2d-2"
											}
										},
										{
											"condition": "(1.0)",
											"set_block_property": {
												"mc:variant": "math.random(0,1)"
											}
										}
									]
								},
								"chair:set_sit": {
									"sequence": [
										{
											"condition": "query.block_property('decor:face') == 0",
											"run_command": {
												"command": [
													"summon mc:chair_entity"
												]
											}
										},
										{
											"condition": "query.block_property('decor:face') == 1",
											"run_command": {
												"command": [
													"summon mc:chair_entity ~ ~ ~ facing_south"
												]
											}
										},
										{
											"condition": "query.block_property('decor:face') == 2",
											"run_command": {
												"command": [
													"summon mc:chair_entity ~ ~ ~ facing_west"
												]
											}
										},
										{
											"condition": "query.block_property('decor:face') == 3",
											"run_command": {
												"command": [
													"summon mc:chair_entity ~ ~ ~ facing_east"
												]
											}
										}
									]
								},
								"player:sit": {
									"sequence": [
										{
											"run_command": {
												"command": [
													"tag @s add player_chair_interact"
												],
												"target": "other"
											}
										},
										{
											"run_command": {
												"command": [
													"event entity @e[type=mc:chair_entity,r=0.01] player_interact"
												]
											}
										}
									]
								}
							}
						},
						"key": "events",
						"children": [
							{
								"open": {
									"decor:face": {
										"sequence": [
											{
												"condition": "(1.0)",
												"set_block_property": {
													"decor:face": "query.cardinal_facing_2d-2"
												}
											},
											{
												"condition": "(1.0)",
												"set_block_property": {
													"mc:variant": "math.random(0,1)"
												}
											}
										]
									},
									"chair:set_sit": {
										"sequence": [
											{
												"condition": "query.block_property('decor:face') == 0",
												"run_command": {
													"command": [
														"summon mc:chair_entity"
													]
												}
											},
											{
												"condition": "query.block_property('decor:face') == 1",
												"run_command": {
													"command": [
														"summon mc:chair_entity ~ ~ ~ facing_south"
													]
												}
											},
											{
												"condition": "query.block_property('decor:face') == 2",
												"run_command": {
													"command": [
														"summon mc:chair_entity ~ ~ ~ facing_west"
													]
												}
											},
											{
												"condition": "query.block_property('decor:face') == 3",
												"run_command": {
													"command": [
														"summon mc:chair_entity ~ ~ ~ facing_east"
													]
												}
											}
										]
									},
									"player:sit": {
										"sequence": [
											{
												"run_command": {
													"command": [
														"tag @s add player_chair_interact"
													],
													"target": "other"
												}
											},
											{
												"run_command": {
													"command": [
														"event entity @e[type=mc:chair_entity,r=0.01] player_interact"
													]
												}
											}
										]
									}
								},
								"key": "decor:face",
								"children": [
									{
										"open": {
											"sequence": [
												{
													"condition": "(1.0)",
													"set_block_property": {
														"decor:face": "query.cardinal_facing_2d-2"
													}
												},
												{
													"condition": "(1.0)",
													"set_block_property": {
														"mc:variant": "math.random(0,1)"
													}
												}
											]
										},
										"key": "sequence",
										"children": [
											{
												"open": [
													{
														"condition": "(1.0)",
														"set_block_property": {
															"decor:face": "query.cardinal_facing_2d-2"
														}
													},
													{
														"condition": "(1.0)",
														"set_block_property": {
															"mc:variant": "math.random(0,1)"
														}
													}
												],
												"is_minified": true,
												"children": {
													"condition": "(1.0)",
													"set_block_property": {
														"decor:face": "query.cardinal_facing_2d-2"
													}
												}
											},
											{
												"open": [
													{
														"condition": "(1.0)",
														"set_block_property": {
															"decor:face": "query.cardinal_facing_2d-2"
														}
													},
													{
														"condition": "(1.0)",
														"set_block_property": {
															"mc:variant": "math.random(0,1)"
														}
													}
												],
												"children": [
													{
														"data": "(1.0)",
														"key": "condition"
													},
													{
														"open": {
															"condition": "(1.0)",
															"set_block_property": {
																"mc:variant": "math.random(0,1)"
															}
														},
														"key": "set_block_property",
														"is_minified": true,
														"children": {
															"mc:variant": "math.random(0,1)"
														}
													}
												]
											}
										]
									}
								]
							},
							{
								"open": {
									"decor:face": {
										"sequence": [
											{
												"condition": "(1.0)",
												"set_block_property": {
													"decor:face": "query.cardinal_facing_2d-2"
												}
											},
											{
												"condition": "(1.0)",
												"set_block_property": {
													"mc:variant": "math.random(0,1)"
												}
											}
										]
									},
									"chair:set_sit": {
										"sequence": [
											{
												"condition": "query.block_property('decor:face') == 0",
												"run_command": {
													"command": [
														"summon mc:chair_entity"
													]
												}
											},
											{
												"condition": "query.block_property('decor:face') == 1",
												"run_command": {
													"command": [
														"summon mc:chair_entity ~ ~ ~ facing_south"
													]
												}
											},
											{
												"condition": "query.block_property('decor:face') == 2",
												"run_command": {
													"command": [
														"summon mc:chair_entity ~ ~ ~ facing_west"
													]
												}
											},
											{
												"condition": "query.block_property('decor:face') == 3",
												"run_command": {
													"command": [
														"summon mc:chair_entity ~ ~ ~ facing_east"
													]
												}
											}
										]
									},
									"player:sit": {
										"sequence": [
											{
												"run_command": {
													"command": [
														"tag @s add player_chair_interact"
													],
													"target": "other"
												}
											},
											{
												"run_command": {
													"command": [
														"event entity @e[type=mc:chair_entity,r=0.01] player_interact"
													]
												}
											}
										]
									}
								},
								"key": "chair:set_sit",
								"children": [
									{
										"open": {
											"sequence": [
												{
													"condition": "query.block_property('decor:face') == 0",
													"run_command": {
														"command": [
															"summon mc:chair_entity"
														]
													}
												},
												{
													"condition": "query.block_property('decor:face') == 1",
													"run_command": {
														"command": [
															"summon mc:chair_entity ~ ~ ~ facing_south"
														]
													}
												},
												{
													"condition": "query.block_property('decor:face') == 2",
													"run_command": {
														"command": [
															"summon mc:chair_entity ~ ~ ~ facing_west"
														]
													}
												},
												{
													"condition": "query.block_property('decor:face') == 3",
													"run_command": {
														"command": [
															"summon mc:chair_entity ~ ~ ~ facing_east"
														]
													}
												}
											]
										},
										"key": "sequence",
										"children": [
											{
												"is_minified": true,
												"children": {
													"condition": "query.block_property('decor:face') == 0",
													"run_command": {
														"command": [
															"summon mc:chair_entity"
														]
													}
												}
											},
											{
												"is_minified": true,
												"children": {
													"condition": "query.block_property('decor:face') == 1",
													"run_command": {
														"command": [
															"summon mc:chair_entity ~ ~ ~ facing_south"
														]
													}
												}
											},
											{
												"is_minified": true,
												"children": {
													"condition": "query.block_property('decor:face') == 2",
													"run_command": {
														"command": [
															"summon mc:chair_entity ~ ~ ~ facing_west"
														]
													}
												}
											},
											{
												"open": [
													{
														"condition": "query.block_property('decor:face') == 0",
														"run_command": {
															"command": [
																"summon mc:chair_entity"
															]
														}
													},
													{
														"condition": "query.block_property('decor:face') == 1",
														"run_command": {
															"command": [
																"summon mc:chair_entity ~ ~ ~ facing_south"
															]
														}
													},
													{
														"condition": "query.block_property('decor:face') == 2",
														"run_command": {
															"command": [
																"summon mc:chair_entity ~ ~ ~ facing_west"
															]
														}
													},
													{
														"condition": "query.block_property('decor:face') == 3",
														"run_command": {
															"command": [
																"summon mc:chair_entity ~ ~ ~ facing_east"
															]
														}
													}
												],
												"children": [
													{
														"data": "query.block_property('decor:face') == 3",
														"key": "condition"
													},
													{
														"open": {
															"condition": "query.block_property('decor:face') == 3",
															"run_command": {
																"command": [
																	"summon mc:chair_entity ~ ~ ~ facing_east"
																]
															}
														},
														"key": "run_command",
														"children": [
															{
																"open": {
																	"command": [
																		"summon mc:chair_entity ~ ~ ~ facing_east"
																	]
																},
																"key": "command",
																"is_minified": true,
																"children": [
																	"summon mc:chair_entity ~ ~ ~ facing_east"
																]
															}
														]
													}
												]
											}
										]
									}
								]
							},
							{
								"key": "player:sit",
								"is_minified": true,
								"children": {
									"sequence": [
										{
											"run_command": {
												"command": [
													"tag @s add player_chair_interact"
												],
												"target": "other"
											}
										},
										{
											"run_command": {
												"command": [
													"event entity @e[type=mc:chair_entity,r=0.01] player_interact"
												]
											}
										}
									]
								}
							}
						]
					}
				]
			}
		]
	}
}