{
	"file_path": "C:\\Users\\chupi\\AppData\\Local\\Packages\\Microsoft.MinecraftUWP_8wekyb3d8bbwe\\LocalState\\games\\com.mojang\\development_behavior_packs\\ModernDecoration\\blocks\\picnic\\hat_stand.json",
	"file_type": "block",
	"format_version": 1,
	"file_uuid": "102aaf5b_c8a8_4ad3_8748_9c4218423250",
	"file_version": 46,
	"cache_content": {
		"children": [
			{
				"open": {
					"format_version": "1.17.0",
					"minecraft:block": {
						"description": {
							"identifier": "mc:hat_stand",
							"is_experimental": false,
							"properties": {
								"decor:face": [
									0,
									1,
									2,
									3
								],
								"hat:type": [
									"none",
									"leather_helmet",
									"chainmail_helmet",
									"iron_helmet",
									"golden_helmet",
									"diamond_helmet",
									"netherite_helmet",
									"brim_straw_helmet"
								]
							}
						},
						"components": {
							"minecraft:geometry": "geometry.hat_stand",
							"minecraft:material_instances": {
								"*": {
									"texture": "mc_hat_stand",
									"ambient_occlusion": true,
									"render_method": "alpha_test"
								}
							},
							"minecraft:destroy_time": 0.4,
							"minecraft:explosion_resistance": 1,
							"minecraft:on_player_placing": {
								"event": "decor:face"
							},
							"minecraft:block_light_absorption": 0,
							"minecraft:on_interact": {
								"event": "stand:set_hat"
							},
							"minecraft:pick_collision": {
								"origin": [
									-4,
									0,
									-4
								],
								"size": [
									8,
									13,
									8
								]
							},
							"minecraft:creative_category": {
								"category": "construction"
							}
						},
						"permutations": [
							{
								"condition": "query.block_property('decor:face') == 0",
								"components": {
									"minecraft:rotation": [
										0,
										180,
										0
									]
								}
							},
							{
								"condition": "query.block_property('decor:face') == 1",
								"components": {
									"minecraft:rotation": [
										0,
										0,
										0
									]
								}
							},
							{
								"condition": "query.block_property('decor:face') == 2",
								"components": {
									"minecraft:rotation": [
										0,
										270,
										0
									]
								}
							},
							{
								"condition": "query.block_property('decor:face') == 3",
								"components": {
									"minecraft:rotation": [
										0,
										90,
										0
									]
								}
							},
							{
								"condition": "query.block_property('hat:type') == 'leather_helmet'",
								"components": {
									"minecraft:material_instances": {
										"*": {
											"texture": "mc_hat_stand_cloth",
											"render_method": "alpha_test"
										}
									},
									"minecraft:on_interact": {
										"event": "stand:loot_cloth"
									}
								}
							},
							{
								"condition": "query.block_property('hat:type') == 'chainmail_helmet'",
								"components": {
									"minecraft:material_instances": {
										"*": {
											"texture": "mc_hat_stand_chain",
											"render_method": "alpha_test"
										}
									},
									"minecraft:on_interact": {
										"event": "stand:loot_chain"
									}
								}
							},
							{
								"condition": "query.block_property('hat:type') == 'iron_helmet'",
								"components": {
									"minecraft:material_instances": {
										"*": {
											"texture": "mc_hat_stand_iron",
											"render_method": "alpha_test"
										}
									},
									"minecraft:on_interact": {
										"event": "stand:loot_iron"
									}
								}
							},
							{
								"condition": "query.block_property('hat:type') == 'golden_helmet'",
								"components": {
									"minecraft:material_instances": {
										"*": {
											"texture": "mc_hat_stand_gold",
											"render_method": "alpha_test"
										}
									},
									"minecraft:on_interact": {
										"event": "stand:loot_gold"
									}
								}
							},
							{
								"condition": "query.block_property('hat:type') == 'diamond_helmet'",
								"components": {
									"minecraft:material_instances": {
										"*": {
											"texture": "mc_hat_stand_diamond",
											"render_method": "alpha_test"
										}
									},
									"minecraft:on_interact": {
										"event": "stand:loot_diamond"
									}
								}
							},
							{
								"condition": "query.block_property('hat:type') == 'netherite_helmet'",
								"components": {
									"minecraft:material_instances": {
										"*": {
											"texture": "mc_hat_stand_netherite",
											"render_method": "alpha_test"
										}
									},
									"minecraft:on_interact": {
										"event": "stand:loot_netherite"
									}
								}
							},
							{
								"condition": "query.block_property('hat:type') == 'brim_straw_helmet'",
								"components": {
									"minecraft:material_instances": {
										"*": {
											"texture": "mc_hat_stand_brim_straw",
											"render_method": "alpha_test"
										}
									},
									"minecraft:on_interact": {
										"event": "stand:loot_brim_straw"
									},
									"minecraft:geometry": "geometry.hat_stand_brim_straw"
								}
							}
						],
						"events": {
							"decor:face": {
								"set_block_property": {
									"decor:face": "query.cardinal_facing_2d-2"
								}
							},
							"stand:set_hat": {
								"set_block_property": {
									"hat:type": "query.get_equipped_item_name"
								},
								"decrement_stack": {}
							},
							"stand:loot_cloth": {
								"set_block_property": {
									"hat:type": "'none'"
								},
								"spawn_loot": {
									"table": "loot_tables/hat_stand/cloth.json"
								}
							},
							"stand:loot_chain": {
								"set_block_property": {
									"hat:type": "'none'"
								},
								"spawn_loot": {
									"table": "loot_tables/hat_stand/chain.json"
								}
							},
							"stand:loot_iron": {
								"set_block_property": {
									"hat:type": "'none'"
								},
								"spawn_loot": {
									"table": "loot_tables/hat_stand/iron.json"
								}
							},
							"stand:loot_gold": {
								"set_block_property": {
									"hat:type": "'none'"
								},
								"spawn_loot": {
									"table": "loot_tables/hat_stand/gold.json"
								}
							},
							"stand:loot_diamond": {
								"set_block_property": {
									"hat:type": "'none'"
								},
								"spawn_loot": {
									"table": "loot_tables/hat_stand/diamond.json"
								}
							},
							"stand:loot_netherite": {
								"set_block_property": {
									"hat:type": "'none'"
								},
								"spawn_loot": {
									"table": "loot_tables/hat_stand/netherite.json"
								}
							},
							"stand:loot_brim_straw": {
								"set_block_property": {
									"hat:type": "'none'"
								},
								"spawn_loot": {
									"table": "loot_tables/hat_stand/brim_straw.json"
								}
							}
						}
					}
				},
				"data": "1.17.0",
				"key": "format_version"
			},
			{
				"open": {
					"format_version": "1.17.0",
					"minecraft:block": {
						"description": {
							"identifier": "mc:hat_stand",
							"is_experimental": false,
							"properties": {
								"decor:face": [
									0,
									1,
									2,
									3
								],
								"hat:type": [
									"none",
									"leather_helmet",
									"chainmail_helmet",
									"iron_helmet",
									"golden_helmet",
									"diamond_helmet",
									"netherite_helmet",
									"brim_straw_helmet"
								]
							}
						},
						"components": {
							"minecraft:geometry": "geometry.hat_stand",
							"minecraft:material_instances": {
								"*": {
									"texture": "mc_hat_stand",
									"ambient_occlusion": true,
									"render_method": "alpha_test"
								}
							},
							"minecraft:destroy_time": 0.4,
							"minecraft:explosion_resistance": 1,
							"minecraft:on_player_placing": {
								"event": "decor:face"
							},
							"minecraft:block_light_absorption": 0,
							"minecraft:on_interact": {
								"event": "stand:set_hat"
							},
							"minecraft:pick_collision": {
								"origin": [
									-4,
									0,
									-4
								],
								"size": [
									8,
									13,
									8
								]
							},
							"minecraft:creative_category": {
								"category": "construction"
							}
						},
						"permutations": [
							{
								"condition": "query.block_property('decor:face') == 0",
								"components": {
									"minecraft:rotation": [
										0,
										180,
										0
									]
								}
							},
							{
								"condition": "query.block_property('decor:face') == 1",
								"components": {
									"minecraft:rotation": [
										0,
										0,
										0
									]
								}
							},
							{
								"condition": "query.block_property('decor:face') == 2",
								"components": {
									"minecraft:rotation": [
										0,
										270,
										0
									]
								}
							},
							{
								"condition": "query.block_property('decor:face') == 3",
								"components": {
									"minecraft:rotation": [
										0,
										90,
										0
									]
								}
							},
							{
								"condition": "query.block_property('hat:type') == 'leather_helmet'",
								"components": {
									"minecraft:material_instances": {
										"*": {
											"texture": "mc_hat_stand_cloth",
											"render_method": "alpha_test"
										}
									},
									"minecraft:on_interact": {
										"event": "stand:loot_cloth"
									}
								}
							},
							{
								"condition": "query.block_property('hat:type') == 'chainmail_helmet'",
								"components": {
									"minecraft:material_instances": {
										"*": {
											"texture": "mc_hat_stand_chain",
											"render_method": "alpha_test"
										}
									},
									"minecraft:on_interact": {
										"event": "stand:loot_chain"
									}
								}
							},
							{
								"condition": "query.block_property('hat:type') == 'iron_helmet'",
								"components": {
									"minecraft:material_instances": {
										"*": {
											"texture": "mc_hat_stand_iron",
											"render_method": "alpha_test"
										}
									},
									"minecraft:on_interact": {
										"event": "stand:loot_iron"
									}
								}
							},
							{
								"condition": "query.block_property('hat:type') == 'golden_helmet'",
								"components": {
									"minecraft:material_instances": {
										"*": {
											"texture": "mc_hat_stand_gold",
											"render_method": "alpha_test"
										}
									},
									"minecraft:on_interact": {
										"event": "stand:loot_gold"
									}
								}
							},
							{
								"condition": "query.block_property('hat:type') == 'diamond_helmet'",
								"components": {
									"minecraft:material_instances": {
										"*": {
											"texture": "mc_hat_stand_diamond",
											"render_method": "alpha_test"
										}
									},
									"minecraft:on_interact": {
										"event": "stand:loot_diamond"
									}
								}
							},
							{
								"condition": "query.block_property('hat:type') == 'netherite_helmet'",
								"components": {
									"minecraft:material_instances": {
										"*": {
											"texture": "mc_hat_stand_netherite",
											"render_method": "alpha_test"
										}
									},
									"minecraft:on_interact": {
										"event": "stand:loot_netherite"
									}
								}
							},
							{
								"condition": "query.block_property('hat:type') == 'brim_straw_helmet'",
								"components": {
									"minecraft:material_instances": {
										"*": {
											"texture": "mc_hat_stand_brim_straw",
											"render_method": "alpha_test"
										}
									},
									"minecraft:on_interact": {
										"event": "stand:loot_brim_straw"
									},
									"minecraft:geometry": "geometry.hat_stand_brim_straw"
								}
							}
						],
						"events": {
							"decor:face": {
								"set_block_property": {
									"decor:face": "query.cardinal_facing_2d-2"
								}
							},
							"stand:set_hat": {
								"set_block_property": {
									"hat:type": "query.get_equipped_item_name"
								},
								"decrement_stack": {}
							},
							"stand:loot_cloth": {
								"set_block_property": {
									"hat:type": "'none'"
								},
								"spawn_loot": {
									"table": "loot_tables/hat_stand/cloth.json"
								}
							},
							"stand:loot_chain": {
								"set_block_property": {
									"hat:type": "'none'"
								},
								"spawn_loot": {
									"table": "loot_tables/hat_stand/chain.json"
								}
							},
							"stand:loot_iron": {
								"set_block_property": {
									"hat:type": "'none'"
								},
								"spawn_loot": {
									"table": "loot_tables/hat_stand/iron.json"
								}
							},
							"stand:loot_gold": {
								"set_block_property": {
									"hat:type": "'none'"
								},
								"spawn_loot": {
									"table": "loot_tables/hat_stand/gold.json"
								}
							},
							"stand:loot_diamond": {
								"set_block_property": {
									"hat:type": "'none'"
								},
								"spawn_loot": {
									"table": "loot_tables/hat_stand/diamond.json"
								}
							},
							"stand:loot_netherite": {
								"set_block_property": {
									"hat:type": "'none'"
								},
								"spawn_loot": {
									"table": "loot_tables/hat_stand/netherite.json"
								}
							},
							"stand:loot_brim_straw": {
								"set_block_property": {
									"hat:type": "'none'"
								},
								"spawn_loot": {
									"table": "loot_tables/hat_stand/brim_straw.json"
								}
							}
						}
					}
				},
				"key": "minecraft:block",
				"children": [
					{
						"key": "description",
						"children": [
							{
								"open": {
									"identifier": "mc:hat_stand",
									"is_experimental": false,
									"properties": {
										"decor:face": [
											0,
											1,
											2,
											3
										],
										"hat:type": [
											"none",
											"leather_helmet",
											"chainmail_helmet",
											"iron_helmet",
											"golden_helmet",
											"diamond_helmet",
											"netherite_helmet",
											"brim_straw_helmet"
										]
									}
								},
								"data": "mc:hat_stand",
								"key": "identifier"
							},
							{
								"data": "false",
								"key": "is_experimental"
							},
							{
								"open": {
									"identifier": "mc:hat_stand",
									"is_experimental": false,
									"properties": {
										"decor:face": [
											0,
											1,
											2,
											3
										],
										"hat:type": [
											"none",
											"leather_helmet",
											"chainmail_helmet",
											"iron_helmet",
											"golden_helmet",
											"diamond_helmet",
											"netherite_helmet",
											"brim_straw_helmet"
										]
									}
								},
								"key": "properties",
								"children": [
									{
										"key": "decor:face",
										"is_minified": true,
										"children": [
											0,
											1,
											2,
											3
										]
									},
									{
										"open": {
											"decor:face": [
												0,
												1,
												2,
												3
											],
											"hat:type": [
												"none",
												"leather_helmet",
												"chainmail_helmet",
												"iron_helmet",
												"golden_helmet",
												"diamond_helmet",
												"netherite_helmet",
												"brim_straw_helmet"
											]
										},
										"key": "hat:type",
										"is_minified": true,
										"children": [
											"none",
											"leather_helmet",
											"chainmail_helmet",
											"iron_helmet",
											"golden_helmet",
											"diamond_helmet",
											"netherite_helmet",
											"brim_straw_helmet"
										]
									}
								]
							}
						]
					},
					{
						"open": {
							"description": {
								"identifier": "mc:hat_stand",
								"is_experimental": false,
								"properties": {
									"decor:face": [
										0,
										1,
										2,
										3
									],
									"hat:type": [
										"none",
										"leather_helmet",
										"chainmail_helmet",
										"iron_helmet",
										"golden_helmet",
										"diamond_helmet",
										"netherite_helmet",
										"brim_straw_helmet"
									]
								}
							},
							"components": {
								"minecraft:geometry": "geometry.hat_stand",
								"minecraft:material_instances": {
									"*": {
										"texture": "mc_hat_stand",
										"ambient_occlusion": true,
										"render_method": "alpha_test"
									}
								},
								"minecraft:destroy_time": 0.4,
								"minecraft:explosion_resistance": 1,
								"minecraft:on_player_placing": {
									"event": "decor:face"
								},
								"minecraft:block_light_absorption": 0,
								"minecraft:on_interact": {
									"event": "stand:set_hat"
								},
								"minecraft:pick_collision": {
									"origin": [
										-4,
										0,
										-4
									],
									"size": [
										8,
										13,
										8
									]
								},
								"minecraft:creative_category": {
									"category": "construction"
								}
							},
							"permutations": [
								{
									"condition": "query.block_property('decor:face') == 0",
									"components": {
										"minecraft:rotation": [
											0,
											180,
											0
										]
									}
								},
								{
									"condition": "query.block_property('decor:face') == 1",
									"components": {
										"minecraft:rotation": [
											0,
											0,
											0
										]
									}
								},
								{
									"condition": "query.block_property('decor:face') == 2",
									"components": {
										"minecraft:rotation": [
											0,
											270,
											0
										]
									}
								},
								{
									"condition": "query.block_property('decor:face') == 3",
									"components": {
										"minecraft:rotation": [
											0,
											90,
											0
										]
									}
								},
								{
									"condition": "query.block_property('hat:type') == 'leather_helmet'",
									"components": {
										"minecraft:material_instances": {
											"*": {
												"texture": "mc_hat_stand_cloth",
												"render_method": "alpha_test"
											}
										},
										"minecraft:on_interact": {
											"event": "stand:loot_cloth"
										}
									}
								},
								{
									"condition": "query.block_property('hat:type') == 'chainmail_helmet'",
									"components": {
										"minecraft:material_instances": {
											"*": {
												"texture": "mc_hat_stand_chain",
												"render_method": "alpha_test"
											}
										},
										"minecraft:on_interact": {
											"event": "stand:loot_chain"
										}
									}
								},
								{
									"condition": "query.block_property('hat:type') == 'iron_helmet'",
									"components": {
										"minecraft:material_instances": {
											"*": {
												"texture": "mc_hat_stand_iron",
												"render_method": "alpha_test"
											}
										},
										"minecraft:on_interact": {
											"event": "stand:loot_iron"
										}
									}
								},
								{
									"condition": "query.block_property('hat:type') == 'golden_helmet'",
									"components": {
										"minecraft:material_instances": {
											"*": {
												"texture": "mc_hat_stand_gold",
												"render_method": "alpha_test"
											}
										},
										"minecraft:on_interact": {
											"event": "stand:loot_gold"
										}
									}
								},
								{
									"condition": "query.block_property('hat:type') == 'diamond_helmet'",
									"components": {
										"minecraft:material_instances": {
											"*": {
												"texture": "mc_hat_stand_diamond",
												"render_method": "alpha_test"
											}
										},
										"minecraft:on_interact": {
											"event": "stand:loot_diamond"
										}
									}
								},
								{
									"condition": "query.block_property('hat:type') == 'netherite_helmet'",
									"components": {
										"minecraft:material_instances": {
											"*": {
												"texture": "mc_hat_stand_netherite",
												"render_method": "alpha_test"
											}
										},
										"minecraft:on_interact": {
											"event": "stand:loot_netherite"
										}
									}
								},
								{
									"condition": "query.block_property('hat:type') == 'brim_straw_helmet'",
									"components": {
										"minecraft:material_instances": {
											"*": {
												"texture": "mc_hat_stand_brim_straw",
												"render_method": "alpha_test"
											}
										},
										"minecraft:on_interact": {
											"event": "stand:loot_brim_straw"
										},
										"minecraft:geometry": "geometry.hat_stand_brim_straw"
									}
								}
							],
							"events": {
								"decor:face": {
									"set_block_property": {
										"decor:face": "query.cardinal_facing_2d-2"
									}
								},
								"stand:set_hat": {
									"set_block_property": {
										"hat:type": "query.get_equipped_item_name"
									},
									"decrement_stack": {}
								},
								"stand:loot_cloth": {
									"set_block_property": {
										"hat:type": "'none'"
									},
									"spawn_loot": {
										"table": "loot_tables/hat_stand/cloth.json"
									}
								},
								"stand:loot_chain": {
									"set_block_property": {
										"hat:type": "'none'"
									},
									"spawn_loot": {
										"table": "loot_tables/hat_stand/chain.json"
									}
								},
								"stand:loot_iron": {
									"set_block_property": {
										"hat:type": "'none'"
									},
									"spawn_loot": {
										"table": "loot_tables/hat_stand/iron.json"
									}
								},
								"stand:loot_gold": {
									"set_block_property": {
										"hat:type": "'none'"
									},
									"spawn_loot": {
										"table": "loot_tables/hat_stand/gold.json"
									}
								},
								"stand:loot_diamond": {
									"set_block_property": {
										"hat:type": "'none'"
									},
									"spawn_loot": {
										"table": "loot_tables/hat_stand/diamond.json"
									}
								},
								"stand:loot_netherite": {
									"set_block_property": {
										"hat:type": "'none'"
									},
									"spawn_loot": {
										"table": "loot_tables/hat_stand/netherite.json"
									}
								},
								"stand:loot_brim_straw": {
									"set_block_property": {
										"hat:type": "'none'"
									},
									"spawn_loot": {
										"table": "loot_tables/hat_stand/brim_straw.json"
									}
								}
							}
						},
						"key": "components",
						"children": [
							{
								"data": "geometry.hat_stand",
								"key": "minecraft:geometry"
							},
							{
								"open": {
									"minecraft:geometry": "geometry.hat_stand",
									"minecraft:material_instances": {
										"*": {
											"texture": "mc_hat_stand",
											"ambient_occlusion": true,
											"render_method": "alpha_test"
										}
									},
									"minecraft:destroy_time": 0.4,
									"minecraft:explosion_resistance": 1,
									"minecraft:on_player_placing": {
										"event": "decor:face"
									},
									"minecraft:block_light_absorption": 0,
									"minecraft:on_interact": {
										"event": "stand:set_hat"
									},
									"minecraft:pick_collision": {
										"origin": [
											-4,
											0,
											-4
										],
										"size": [
											8,
											13,
											8
										]
									},
									"minecraft:creative_category": {
										"category": "construction"
									}
								},
								"key": "minecraft:material_instances",
								"children": [
									{
										"open": {
											"*": {
												"texture": "mc_hat_stand",
												"ambient_occlusion": true,
												"render_method": "alpha_test"
											}
										},
										"key": "*",
										"is_minified": true,
										"children": {
											"texture": "mc_hat_stand",
											"ambient_occlusion": true,
											"render_method": "alpha_test"
										}
									}
								]
							},
							{
								"data": "0.4",
								"key": "minecraft:destroy_time"
							},
							{
								"data": "1",
								"key": "minecraft:explosion_resistance"
							},
							{
								"key": "minecraft:on_player_placing",
								"is_minified": true,
								"children": {
									"event": "decor:face"
								}
							},
							{
								"data": "0.0",
								"key": "minecraft:block_light_absorption"
							},
							{
								"open": {
									"minecraft:geometry": "geometry.hat_stand",
									"minecraft:material_instances": {
										"*": {
											"texture": "mc_hat_stand",
											"ambient_occlusion": true,
											"render_method": "alpha_test"
										}
									},
									"minecraft:destroy_time": 0.4,
									"minecraft:explosion_resistance": 1,
									"minecraft:on_player_placing": {
										"event": "decor:face"
									},
									"minecraft:block_light_absorption": 0,
									"minecraft:on_interact": {
										"event": "stand:set_hat"
									},
									"minecraft:pick_collision": {
										"origin": [
											-4,
											0,
											-4
										],
										"size": [
											8,
											13,
											8
										]
									},
									"minecraft:creative_category": {
										"category": "construction"
									}
								},
								"key": "minecraft:on_interact",
								"is_minified": true,
								"children": {
									"event": "stand:set_hat"
								}
							},
							{
								"open": {
									"minecraft:geometry": "geometry.hat_stand",
									"minecraft:material_instances": {
										"*": {
											"texture": "mc_hat_stand",
											"ambient_occlusion": true,
											"render_method": "alpha_test"
										}
									},
									"minecraft:destroy_time": 0.4,
									"minecraft:explosion_resistance": 1,
									"minecraft:on_player_placing": {
										"event": "decor:face"
									},
									"minecraft:block_light_absorption": 0,
									"minecraft:on_interact": {
										"event": "stand:set_hat"
									},
									"minecraft:pick_collision": {
										"origin": [
											-4,
											0,
											-4
										],
										"size": [
											8,
											13,
											8
										]
									},
									"minecraft:creative_category": {
										"category": "construction"
									}
								},
								"key": "minecraft:pick_collision",
								"children": [
									{
										"open": {
											"origin": [
												-4,
												0,
												-4
											],
											"size": [
												8,
												13,
												8
											]
										},
										"key": "origin",
										"is_minified": true,
										"children": [
											-4,
											0,
											-4
										]
									},
									{
										"open": {
											"origin": [
												-4,
												0,
												-4
											],
											"size": [
												8,
												13,
												8
											]
										},
										"key": "size",
										"is_minified": true,
										"children": [
											8,
											13,
											8
										]
									}
								]
							},
							{
								"key": "minecraft:creative_category",
								"is_minified": true,
								"children": {
									"category": "construction"
								}
							}
						]
					},
					{
						"open": {
							"description": {
								"identifier": "mc:hat_stand",
								"is_experimental": false,
								"properties": {
									"decor:face": [
										0,
										1,
										2,
										3
									],
									"hat:type": [
										"none",
										"leather_helmet",
										"chainmail_helmet",
										"iron_helmet",
										"golden_helmet",
										"diamond_helmet",
										"netherite_helmet",
										"brim_straw_helmet"
									]
								}
							},
							"components": {
								"minecraft:geometry": "geometry.hat_stand",
								"minecraft:material_instances": {
									"*": {
										"texture": "mc_hat_stand",
										"ambient_occlusion": true,
										"render_method": "alpha_test"
									}
								},
								"minecraft:destroy_time": 0.4,
								"minecraft:explosion_resistance": 1,
								"minecraft:on_player_placing": {
									"event": "decor:face"
								},
								"minecraft:block_light_absorption": 0,
								"minecraft:on_interact": {
									"event": "stand:set_hat"
								},
								"minecraft:pick_collision": {
									"origin": [
										-4,
										0,
										-4
									],
									"size": [
										8,
										13,
										8
									]
								},
								"minecraft:creative_category": {
									"category": "construction"
								}
							},
							"permutations": [
								{
									"condition": "query.block_property('decor:face') == 0",
									"components": {
										"minecraft:rotation": [
											0,
											180,
											0
										]
									}
								},
								{
									"condition": "query.block_property('decor:face') == 1",
									"components": {
										"minecraft:rotation": [
											0,
											0,
											0
										]
									}
								},
								{
									"condition": "query.block_property('decor:face') == 2",
									"components": {
										"minecraft:rotation": [
											0,
											270,
											0
										]
									}
								},
								{
									"condition": "query.block_property('decor:face') == 3",
									"components": {
										"minecraft:rotation": [
											0,
											90,
											0
										]
									}
								},
								{
									"condition": "query.block_property('hat:type') == 'leather_helmet'",
									"components": {
										"minecraft:material_instances": {
											"*": {
												"texture": "mc_hat_stand_cloth",
												"render_method": "alpha_test"
											}
										},
										"minecraft:on_interact": {
											"event": "stand:loot_cloth"
										}
									}
								},
								{
									"condition": "query.block_property('hat:type') == 'chainmail_helmet'",
									"components": {
										"minecraft:material_instances": {
											"*": {
												"texture": "mc_hat_stand_chain",
												"render_method": "alpha_test"
											}
										},
										"minecraft:on_interact": {
											"event": "stand:loot_chain"
										}
									}
								},
								{
									"condition": "query.block_property('hat:type') == 'iron_helmet'",
									"components": {
										"minecraft:material_instances": {
											"*": {
												"texture": "mc_hat_stand_iron",
												"render_method": "alpha_test"
											}
										},
										"minecraft:on_interact": {
											"event": "stand:loot_iron"
										}
									}
								},
								{
									"condition": "query.block_property('hat:type') == 'golden_helmet'",
									"components": {
										"minecraft:material_instances": {
											"*": {
												"texture": "mc_hat_stand_gold",
												"render_method": "alpha_test"
											}
										},
										"minecraft:on_interact": {
											"event": "stand:loot_gold"
										}
									}
								},
								{
									"condition": "query.block_property('hat:type') == 'diamond_helmet'",
									"components": {
										"minecraft:material_instances": {
											"*": {
												"texture": "mc_hat_stand_diamond",
												"render_method": "alpha_test"
											}
										},
										"minecraft:on_interact": {
											"event": "stand:loot_diamond"
										}
									}
								},
								{
									"condition": "query.block_property('hat:type') == 'netherite_helmet'",
									"components": {
										"minecraft:material_instances": {
											"*": {
												"texture": "mc_hat_stand_netherite",
												"render_method": "alpha_test"
											}
										},
										"minecraft:on_interact": {
											"event": "stand:loot_netherite"
										}
									}
								},
								{
									"condition": "query.block_property('hat:type') == 'brim_straw_helmet'",
									"components": {
										"minecraft:material_instances": {
											"*": {
												"texture": "mc_hat_stand_brim_straw",
												"render_method": "alpha_test"
											}
										},
										"minecraft:on_interact": {
											"event": "stand:loot_brim_straw"
										},
										"minecraft:geometry": "geometry.hat_stand_brim_straw"
									}
								}
							],
							"events": {
								"decor:face": {
									"set_block_property": {
										"decor:face": "query.cardinal_facing_2d-2"
									}
								},
								"stand:set_hat": {
									"set_block_property": {
										"hat:type": "query.get_equipped_item_name"
									},
									"decrement_stack": {}
								},
								"stand:loot_cloth": {
									"set_block_property": {
										"hat:type": "'none'"
									},
									"spawn_loot": {
										"table": "loot_tables/hat_stand/cloth.json"
									}
								},
								"stand:loot_chain": {
									"set_block_property": {
										"hat:type": "'none'"
									},
									"spawn_loot": {
										"table": "loot_tables/hat_stand/chain.json"
									}
								},
								"stand:loot_iron": {
									"set_block_property": {
										"hat:type": "'none'"
									},
									"spawn_loot": {
										"table": "loot_tables/hat_stand/iron.json"
									}
								},
								"stand:loot_gold": {
									"set_block_property": {
										"hat:type": "'none'"
									},
									"spawn_loot": {
										"table": "loot_tables/hat_stand/gold.json"
									}
								},
								"stand:loot_diamond": {
									"set_block_property": {
										"hat:type": "'none'"
									},
									"spawn_loot": {
										"table": "loot_tables/hat_stand/diamond.json"
									}
								},
								"stand:loot_netherite": {
									"set_block_property": {
										"hat:type": "'none'"
									},
									"spawn_loot": {
										"table": "loot_tables/hat_stand/netherite.json"
									}
								},
								"stand:loot_brim_straw": {
									"set_block_property": {
										"hat:type": "'none'"
									},
									"spawn_loot": {
										"table": "loot_tables/hat_stand/brim_straw.json"
									}
								}
							}
						},
						"key": "permutations",
						"children": [
							{
								"is_minified": true,
								"children": {
									"condition": "query.block_property('decor:face') == 0",
									"components": {
										"minecraft:rotation": [
											0,
											180,
											0
										]
									}
								}
							},
							{
								"is_minified": true,
								"children": {
									"condition": "query.block_property('decor:face') == 1",
									"components": {
										"minecraft:rotation": [
											0,
											0,
											0
										]
									}
								}
							},
							{
								"is_minified": true,
								"children": {
									"condition": "query.block_property('decor:face') == 2",
									"components": {
										"minecraft:rotation": [
											0,
											270,
											0
										]
									}
								}
							},
							{
								"is_minified": true,
								"children": {
									"condition": "query.block_property('decor:face') == 3",
									"components": {
										"minecraft:rotation": [
											0,
											90,
											0
										]
									}
								}
							},
							{
								"children": [
									{
										"data": "query.block_property('hat:type') == 'leather_helmet'",
										"key": "condition"
									},
									{
										"open": {
											"condition": "query.block_property('hat:type') == 'leather_helmet'",
											"components": {
												"minecraft:material_instances": {
													"*": {
														"texture": "mc_hat_stand_cloth",
														"render_method": "alpha_test"
													}
												},
												"minecraft:on_interact": {
													"event": "stand:loot_cloth"
												}
											}
										},
										"key": "components",
										"children": [
											{
												"key": "minecraft:material_instances",
												"children": [
													{
														"open": {
															"*": {
																"texture": "mc_hat_stand_cloth",
																"render_method": "alpha_test"
															}
														},
														"key": "*",
														"is_minified": true,
														"children": {
															"texture": "mc_hat_stand_cloth",
															"render_method": "alpha_test"
														}
													}
												]
											},
											{
												"open": {
													"minecraft:material_instances": {
														"*": {
															"texture": "mc_hat_stand_cloth",
															"render_method": "alpha_test"
														}
													},
													"minecraft:on_interact": {
														"event": "stand:loot_cloth"
													}
												},
												"key": "minecraft:on_interact",
												"is_minified": true,
												"children": {
													"event": "stand:loot_cloth"
												}
											}
										]
									}
								]
							},
							{
								"children": [
									{
										"open": {
											"condition": "query.block_property('hat:type') == 'chainmail_helmet'",
											"components": {
												"minecraft:material_instances": {
													"*": {
														"texture": "mc_hat_stand_chain",
														"render_method": "alpha_test"
													}
												},
												"minecraft:on_interact": {
													"event": "stand:loot_chain"
												}
											}
										},
										"data": "query.block_property('hat:type') == 'chainmail_helmet'",
										"key": "condition"
									},
									{
										"open": {
											"condition": "query.block_property('hat:type') == 'chainmail_helmet'",
											"components": {
												"minecraft:material_instances": {
													"*": {
														"texture": "mc_hat_stand_chain",
														"render_method": "alpha_test"
													}
												},
												"minecraft:on_interact": {
													"event": "stand:loot_chain"
												}
											}
										},
										"key": "components",
										"children": [
											{
												"open": {
													"minecraft:material_instances": {
														"*": {
															"texture": "mc_hat_stand_chain",
															"render_method": "alpha_test"
														}
													},
													"minecraft:on_interact": {
														"event": "stand:loot_chain"
													}
												},
												"key": "minecraft:material_instances",
												"children": [
													{
														"open": {
															"*": {
																"texture": "mc_hat_stand_chain",
																"render_method": "alpha_test"
															}
														},
														"key": "*",
														"is_minified": true,
														"children": {
															"texture": "mc_hat_stand_chain",
															"render_method": "alpha_test"
														}
													}
												]
											},
											{
												"open": {
													"minecraft:material_instances": {
														"*": {
															"texture": "mc_hat_stand_chain",
															"render_method": "alpha_test"
														}
													},
													"minecraft:on_interact": {
														"event": "stand:loot_chain"
													}
												},
												"key": "minecraft:on_interact",
												"is_minified": true,
												"children": {
													"event": "stand:loot_chain"
												}
											}
										]
									}
								]
							},
							{
								"children": [
									{
										"open": {
											"condition": "query.block_property('hat:type') == 'iron_helmet'",
											"components": {
												"minecraft:material_instances": {
													"*": {
														"texture": "mc_hat_stand_iron",
														"render_method": "alpha_test"
													}
												},
												"minecraft:on_interact": {
													"event": "stand:loot_iron"
												}
											}
										},
										"data": "query.block_property('hat:type') == 'iron_helmet'",
										"key": "condition"
									},
									{
										"open": {
											"condition": "query.block_property('hat:type') == 'iron_helmet'",
											"components": {
												"minecraft:material_instances": {
													"*": {
														"texture": "mc_hat_stand_iron",
														"render_method": "alpha_test"
													}
												},
												"minecraft:on_interact": {
													"event": "stand:loot_iron"
												}
											}
										},
										"key": "components",
										"children": [
											{
												"open": {
													"minecraft:material_instances": {
														"*": {
															"texture": "mc_hat_stand_iron",
															"render_method": "alpha_test"
														}
													},
													"minecraft:on_interact": {
														"event": "stand:loot_iron"
													}
												},
												"key": "minecraft:material_instances",
												"children": [
													{
														"open": {
															"*": {
																"texture": "mc_hat_stand_iron",
																"render_method": "alpha_test"
															}
														},
														"key": "*",
														"is_minified": true,
														"children": {
															"texture": "mc_hat_stand_iron",
															"render_method": "alpha_test"
														}
													}
												]
											},
											{
												"open": {
													"minecraft:material_instances": {
														"*": {
															"texture": "mc_hat_stand_iron",
															"render_method": "alpha_test"
														}
													},
													"minecraft:on_interact": {
														"event": "stand:loot_iron"
													}
												},
												"key": "minecraft:on_interact",
												"is_minified": true,
												"children": {
													"event": "stand:loot_iron"
												}
											}
										]
									}
								]
							},
							{
								"children": [
									{
										"open": {
											"condition": "query.block_property('hat:type') == 'golden_helmet'",
											"components": {
												"minecraft:material_instances": {
													"*": {
														"texture": "mc_hat_stand_gold",
														"render_method": "alpha_test"
													}
												},
												"minecraft:on_interact": {
													"event": "stand:loot_gold"
												}
											}
										},
										"data": "query.block_property('hat:type') == 'golden_helmet'",
										"key": "condition"
									},
									{
										"open": {
											"condition": "query.block_property('hat:type') == 'golden_helmet'",
											"components": {
												"minecraft:material_instances": {
													"*": {
														"texture": "mc_hat_stand_gold",
														"render_method": "alpha_test"
													}
												},
												"minecraft:on_interact": {
													"event": "stand:loot_gold"
												}
											}
										},
										"key": "components",
										"children": [
											{
												"open": {
													"minecraft:material_instances": {
														"*": {
															"texture": "mc_hat_stand_gold",
															"render_method": "alpha_test"
														}
													},
													"minecraft:on_interact": {
														"event": "stand:loot_gold"
													}
												},
												"key": "minecraft:material_instances",
												"children": [
													{
														"open": {
															"*": {
																"texture": "mc_hat_stand_gold",
																"render_method": "alpha_test"
															}
														},
														"key": "*",
														"is_minified": true,
														"children": {
															"texture": "mc_hat_stand_gold",
															"render_method": "alpha_test"
														}
													}
												]
											},
											{
												"open": {
													"minecraft:material_instances": {
														"*": {
															"texture": "mc_hat_stand_gold",
															"render_method": "alpha_test"
														}
													},
													"minecraft:on_interact": {
														"event": "stand:loot_gold"
													}
												},
												"key": "minecraft:on_interact",
												"is_minified": true,
												"children": {
													"event": "stand:loot_gold"
												}
											}
										]
									}
								]
							},
							{
								"children": [
									{
										"open": {
											"condition": "query.block_property('hat:type') == 'diamond_helmet'",
											"components": {
												"minecraft:material_instances": {
													"*": {
														"texture": "mc_hat_stand_diamond",
														"render_method": "alpha_test"
													}
												},
												"minecraft:on_interact": {
													"event": "stand:loot_diamond"
												}
											}
										},
										"data": "query.block_property('hat:type') == 'diamond_helmet'",
										"key": "condition"
									},
									{
										"open": {
											"condition": "query.block_property('hat:type') == 'diamond_helmet'",
											"components": {
												"minecraft:material_instances": {
													"*": {
														"texture": "mc_hat_stand_diamond",
														"render_method": "alpha_test"
													}
												},
												"minecraft:on_interact": {
													"event": "stand:loot_diamond"
												}
											}
										},
										"key": "components",
										"children": [
											{
												"open": {
													"minecraft:material_instances": {
														"*": {
															"texture": "mc_hat_stand_diamond",
															"render_method": "alpha_test"
														}
													},
													"minecraft:on_interact": {
														"event": "stand:loot_diamond"
													}
												},
												"key": "minecraft:material_instances",
												"children": [
													{
														"open": {
															"*": {
																"texture": "mc_hat_stand_diamond",
																"render_method": "alpha_test"
															}
														},
														"key": "*",
														"is_minified": true,
														"children": {
															"texture": "mc_hat_stand_diamond",
															"render_method": "alpha_test"
														}
													}
												]
											},
											{
												"open": {
													"minecraft:material_instances": {
														"*": {
															"texture": "mc_hat_stand_diamond",
															"render_method": "alpha_test"
														}
													},
													"minecraft:on_interact": {
														"event": "stand:loot_diamond"
													}
												},
												"key": "minecraft:on_interact",
												"is_minified": true,
												"children": {
													"event": "stand:loot_diamond"
												}
											}
										]
									}
								]
							},
							{
								"children": [
									{
										"open": {
											"condition": "query.block_property('hat:type') == 'netherite_helmet'",
											"components": {
												"minecraft:material_instances": {
													"*": {
														"texture": "mc_hat_stand_netherite",
														"render_method": "alpha_test"
													}
												},
												"minecraft:on_interact": {
													"event": "stand:loot_netherite"
												}
											}
										},
										"data": "query.block_property('hat:type') == 'netherite_helmet'",
										"key": "condition"
									},
									{
										"open": {
											"condition": "query.block_property('hat:type') == 'netherite_helmet'",
											"components": {
												"minecraft:material_instances": {
													"*": {
														"texture": "mc_hat_stand_netherite",
														"render_method": "alpha_test"
													}
												},
												"minecraft:on_interact": {
													"event": "stand:loot_netherite"
												}
											}
										},
										"key": "components",
										"children": [
											{
												"open": {
													"minecraft:material_instances": {
														"*": {
															"texture": "mc_hat_stand_netherite",
															"render_method": "alpha_test"
														}
													},
													"minecraft:on_interact": {
														"event": "stand:loot_netherite"
													}
												},
												"key": "minecraft:material_instances",
												"children": [
													{
														"open": {
															"*": {
																"texture": "mc_hat_stand_netherite",
																"render_method": "alpha_test"
															}
														},
														"key": "*",
														"is_minified": true,
														"children": {
															"texture": "mc_hat_stand_netherite",
															"render_method": "alpha_test"
														}
													}
												]
											},
											{
												"open": {
													"minecraft:material_instances": {
														"*": {
															"texture": "mc_hat_stand_netherite",
															"render_method": "alpha_test"
														}
													},
													"minecraft:on_interact": {
														"event": "stand:loot_netherite"
													}
												},
												"key": "minecraft:on_interact",
												"is_minified": true,
												"children": {
													"event": "stand:loot_netherite"
												}
											}
										]
									}
								]
							},
							{
								"open": [
									{
										"condition": "query.block_property('decor:face') == 0",
										"components": {
											"minecraft:rotation": [
												0,
												180,
												0
											]
										}
									},
									{
										"condition": "query.block_property('decor:face') == 1",
										"components": {
											"minecraft:rotation": [
												0,
												0,
												0
											]
										}
									},
									{
										"condition": "query.block_property('decor:face') == 2",
										"components": {
											"minecraft:rotation": [
												0,
												270,
												0
											]
										}
									},
									{
										"condition": "query.block_property('decor:face') == 3",
										"components": {
											"minecraft:rotation": [
												0,
												90,
												0
											]
										}
									},
									{
										"condition": "query.block_property('hat:type') == 'leather_helmet'",
										"components": {
											"minecraft:material_instances": {
												"*": {
													"texture": "mc_hat_stand_cloth",
													"render_method": "alpha_test"
												}
											},
											"minecraft:on_interact": {
												"event": "stand:loot_cloth"
											}
										}
									},
									{
										"condition": "query.block_property('hat:type') == 'chainmail_helmet'",
										"components": {
											"minecraft:material_instances": {
												"*": {
													"texture": "mc_hat_stand_chain",
													"render_method": "alpha_test"
												}
											},
											"minecraft:on_interact": {
												"event": "stand:loot_chain"
											}
										}
									},
									{
										"condition": "query.block_property('hat:type') == 'iron_helmet'",
										"components": {
											"minecraft:material_instances": {
												"*": {
													"texture": "mc_hat_stand_iron",
													"render_method": "alpha_test"
												}
											},
											"minecraft:on_interact": {
												"event": "stand:loot_iron"
											}
										}
									},
									{
										"condition": "query.block_property('hat:type') == 'golden_helmet'",
										"components": {
											"minecraft:material_instances": {
												"*": {
													"texture": "mc_hat_stand_gold",
													"render_method": "alpha_test"
												}
											},
											"minecraft:on_interact": {
												"event": "stand:loot_gold"
											}
										}
									},
									{
										"condition": "query.block_property('hat:type') == 'diamond_helmet'",
										"components": {
											"minecraft:material_instances": {
												"*": {
													"texture": "mc_hat_stand_diamond",
													"render_method": "alpha_test"
												}
											},
											"minecraft:on_interact": {
												"event": "stand:loot_diamond"
											}
										}
									},
									{
										"condition": "query.block_property('hat:type') == 'netherite_helmet'",
										"components": {
											"minecraft:material_instances": {
												"*": {
													"texture": "mc_hat_stand_netherite",
													"render_method": "alpha_test"
												}
											},
											"minecraft:on_interact": {
												"event": "stand:loot_netherite"
											}
										}
									},
									{
										"condition": "query.block_property('hat:type') == 'brim_straw_helmet'",
										"components": {
											"minecraft:material_instances": {
												"*": {
													"texture": "mc_hat_stand_brim_straw",
													"render_method": "alpha_test"
												}
											},
											"minecraft:on_interact": {
												"event": "stand:loot_brim_straw"
											},
											"minecraft:geometry": "geometry.hat_stand_brim_straw"
										}
									}
								],
								"children": [
									{
										"open": {
											"condition": "query.block_property('hat:type') == 'brim_straw_helmet'",
											"components": {
												"minecraft:material_instances": {
													"*": {
														"texture": "mc_hat_stand_brim_straw",
														"render_method": "alpha_test"
													}
												},
												"minecraft:on_interact": {
													"event": "stand:loot_brim_straw"
												},
												"minecraft:geometry": "geometry.hat_stand_brim_straw"
											}
										},
										"data": "query.block_property('hat:type') == 'brim_straw_helmet'",
										"key": "condition"
									},
									{
										"open": {
											"condition": "query.block_property('hat:type') == 'brim_straw_helmet'",
											"components": {
												"minecraft:material_instances": {
													"*": {
														"texture": "mc_hat_stand_brim_straw",
														"render_method": "alpha_test"
													}
												},
												"minecraft:on_interact": {
													"event": "stand:loot_brim_straw"
												},
												"minecraft:geometry": "geometry.hat_stand_brim_straw"
											}
										},
										"key": "components",
										"children": [
											{
												"open": {
													"minecraft:material_instances": {
														"*": {
															"texture": "mc_hat_stand_brim_straw",
															"render_method": "alpha_test"
														}
													},
													"minecraft:on_interact": {
														"event": "stand:loot_brim_straw"
													},
													"minecraft:geometry": "geometry.hat_stand_brim_straw"
												},
												"key": "minecraft:material_instances",
												"children": [
													{
														"open": {
															"*": {
																"texture": "mc_hat_stand_brim_straw",
																"render_method": "alpha_test"
															}
														},
														"key": "*",
														"is_minified": true,
														"children": {
															"texture": "mc_hat_stand_brim_straw",
															"render_method": "alpha_test"
														}
													}
												]
											},
											{
												"open": {
													"minecraft:material_instances": {
														"*": {
															"texture": "mc_hat_stand_brim_straw",
															"render_method": "alpha_test"
														}
													},
													"minecraft:on_interact": {
														"event": "stand:loot_brim_straw"
													},
													"minecraft:geometry": "geometry.hat_stand_brim_straw"
												},
												"key": "minecraft:on_interact",
												"is_minified": true,
												"children": {
													"event": "stand:loot_brim_straw"
												}
											},
											{
												"data": "geometry.hat_stand_brim_straw",
												"key": "minecraft:geometry"
											}
										]
									}
								]
							}
						]
					},
					{
						"open": {
							"description": {
								"identifier": "mc:hat_stand",
								"is_experimental": false,
								"properties": {
									"decor:face": [
										0,
										1,
										2,
										3
									],
									"hat:type": [
										"none",
										"leather_helmet",
										"chainmail_helmet",
										"iron_helmet",
										"golden_helmet",
										"diamond_helmet",
										"netherite_helmet",
										"brim_straw_helmet"
									]
								}
							},
							"components": {
								"minecraft:geometry": "geometry.hat_stand",
								"minecraft:material_instances": {
									"*": {
										"texture": "mc_hat_stand",
										"ambient_occlusion": true,
										"render_method": "alpha_test"
									}
								},
								"minecraft:destroy_time": 0.4,
								"minecraft:explosion_resistance": 1,
								"minecraft:on_player_placing": {
									"event": "decor:face"
								},
								"minecraft:block_light_absorption": 0,
								"minecraft:on_interact": {
									"event": "stand:set_hat"
								},
								"minecraft:pick_collision": {
									"origin": [
										-4,
										0,
										-4
									],
									"size": [
										8,
										13,
										8
									]
								},
								"minecraft:creative_category": {
									"category": "construction"
								}
							},
							"permutations": [
								{
									"condition": "query.block_property('decor:face') == 0",
									"components": {
										"minecraft:rotation": [
											0,
											180,
											0
										]
									}
								},
								{
									"condition": "query.block_property('decor:face') == 1",
									"components": {
										"minecraft:rotation": [
											0,
											0,
											0
										]
									}
								},
								{
									"condition": "query.block_property('decor:face') == 2",
									"components": {
										"minecraft:rotation": [
											0,
											270,
											0
										]
									}
								},
								{
									"condition": "query.block_property('decor:face') == 3",
									"components": {
										"minecraft:rotation": [
											0,
											90,
											0
										]
									}
								},
								{
									"condition": "query.block_property('hat:type') == 'leather_helmet'",
									"components": {
										"minecraft:material_instances": {
											"*": {
												"texture": "mc_hat_stand_cloth",
												"render_method": "alpha_test"
											}
										},
										"minecraft:on_interact": {
											"event": "stand:loot_cloth"
										}
									}
								},
								{
									"condition": "query.block_property('hat:type') == 'chainmail_helmet'",
									"components": {
										"minecraft:material_instances": {
											"*": {
												"texture": "mc_hat_stand_chain",
												"render_method": "alpha_test"
											}
										},
										"minecraft:on_interact": {
											"event": "stand:loot_chain"
										}
									}
								},
								{
									"condition": "query.block_property('hat:type') == 'iron_helmet'",
									"components": {
										"minecraft:material_instances": {
											"*": {
												"texture": "mc_hat_stand_iron",
												"render_method": "alpha_test"
											}
										},
										"minecraft:on_interact": {
											"event": "stand:loot_iron"
										}
									}
								},
								{
									"condition": "query.block_property('hat:type') == 'golden_helmet'",
									"components": {
										"minecraft:material_instances": {
											"*": {
												"texture": "mc_hat_stand_gold",
												"render_method": "alpha_test"
											}
										},
										"minecraft:on_interact": {
											"event": "stand:loot_gold"
										}
									}
								},
								{
									"condition": "query.block_property('hat:type') == 'diamond_helmet'",
									"components": {
										"minecraft:material_instances": {
											"*": {
												"texture": "mc_hat_stand_diamond",
												"render_method": "alpha_test"
											}
										},
										"minecraft:on_interact": {
											"event": "stand:loot_diamond"
										}
									}
								},
								{
									"condition": "query.block_property('hat:type') == 'netherite_helmet'",
									"components": {
										"minecraft:material_instances": {
											"*": {
												"texture": "mc_hat_stand_netherite",
												"render_method": "alpha_test"
											}
										},
										"minecraft:on_interact": {
											"event": "stand:loot_netherite"
										}
									}
								},
								{
									"condition": "query.block_property('hat:type') == 'brim_straw_helmet'",
									"components": {
										"minecraft:material_instances": {
											"*": {
												"texture": "mc_hat_stand_brim_straw",
												"render_method": "alpha_test"
											}
										},
										"minecraft:on_interact": {
											"event": "stand:loot_brim_straw"
										},
										"minecraft:geometry": "geometry.hat_stand_brim_straw"
									}
								}
							],
							"events": {
								"decor:face": {
									"set_block_property": {
										"decor:face": "query.cardinal_facing_2d-2"
									}
								},
								"stand:set_hat": {
									"set_block_property": {
										"hat:type": "query.get_equipped_item_name"
									},
									"decrement_stack": {}
								},
								"stand:loot_cloth": {
									"set_block_property": {
										"hat:type": "'none'"
									},
									"spawn_loot": {
										"table": "loot_tables/hat_stand/cloth.json"
									}
								},
								"stand:loot_chain": {
									"set_block_property": {
										"hat:type": "'none'"
									},
									"spawn_loot": {
										"table": "loot_tables/hat_stand/chain.json"
									}
								},
								"stand:loot_iron": {
									"set_block_property": {
										"hat:type": "'none'"
									},
									"spawn_loot": {
										"table": "loot_tables/hat_stand/iron.json"
									}
								},
								"stand:loot_gold": {
									"set_block_property": {
										"hat:type": "'none'"
									},
									"spawn_loot": {
										"table": "loot_tables/hat_stand/gold.json"
									}
								},
								"stand:loot_diamond": {
									"set_block_property": {
										"hat:type": "'none'"
									},
									"spawn_loot": {
										"table": "loot_tables/hat_stand/diamond.json"
									}
								},
								"stand:loot_netherite": {
									"set_block_property": {
										"hat:type": "'none'"
									},
									"spawn_loot": {
										"table": "loot_tables/hat_stand/netherite.json"
									}
								},
								"stand:loot_brim_straw": {
									"set_block_property": {
										"hat:type": "'none'"
									},
									"spawn_loot": {
										"table": "loot_tables/hat_stand/brim_straw.json"
									}
								}
							}
						},
						"key": "events",
						"children": [
							{
								"key": "decor:face",
								"is_minified": true,
								"children": {
									"set_block_property": {
										"decor:face": "query.cardinal_facing_2d-2"
									}
								}
							},
							{
								"open": {
									"decor:face": {
										"set_block_property": {
											"decor:face": "query.cardinal_facing_2d-2"
										}
									},
									"stand:set_hat": {
										"set_block_property": {
											"hat:type": "query.get_equipped_item_name"
										},
										"decrement_stack": {}
									},
									"stand:loot_cloth": {
										"set_block_property": {
											"hat:type": "'none'"
										},
										"spawn_loot": {
											"table": "loot_tables/hat_stand/cloth.json"
										}
									},
									"stand:loot_chain": {
										"set_block_property": {
											"hat:type": "'none'"
										},
										"spawn_loot": {
											"table": "loot_tables/hat_stand/chain.json"
										}
									},
									"stand:loot_iron": {
										"set_block_property": {
											"hat:type": "'none'"
										},
										"spawn_loot": {
											"table": "loot_tables/hat_stand/iron.json"
										}
									},
									"stand:loot_gold": {
										"set_block_property": {
											"hat:type": "'none'"
										},
										"spawn_loot": {
											"table": "loot_tables/hat_stand/gold.json"
										}
									},
									"stand:loot_diamond": {
										"set_block_property": {
											"hat:type": "'none'"
										},
										"spawn_loot": {
											"table": "loot_tables/hat_stand/diamond.json"
										}
									},
									"stand:loot_netherite": {
										"set_block_property": {
											"hat:type": "'none'"
										},
										"spawn_loot": {
											"table": "loot_tables/hat_stand/netherite.json"
										}
									},
									"stand:loot_brim_straw": {
										"set_block_property": {
											"hat:type": "'none'"
										},
										"spawn_loot": {
											"table": "loot_tables/hat_stand/brim_straw.json"
										}
									}
								},
								"key": "stand:set_hat",
								"children": [
									{
										"open": {
											"set_block_property": {
												"hat:type": "query.get_equipped_item_name"
											},
											"decrement_stack": {}
										},
										"key": "set_block_property",
										"is_minified": true,
										"children": {
											"hat:type": "query.get_equipped_item_name"
										}
									},
									{
										"key": "decrement_stack",
										"is_minified": true,
										"children": {}
									}
								]
							},
							{
								"open": {
									"decor:face": {
										"set_block_property": {
											"decor:face": "query.cardinal_facing_2d-2"
										}
									},
									"stand:set_hat": {
										"set_block_property": {
											"hat:type": "query.get_equipped_item_name"
										},
										"decrement_stack": {}
									},
									"stand:loot_cloth": {
										"set_block_property": {
											"hat:type": "'none'"
										},
										"spawn_loot": {
											"table": "loot_tables/hat_stand/cloth.json"
										}
									},
									"stand:loot_chain": {
										"set_block_property": {
											"hat:type": "'none'"
										},
										"spawn_loot": {
											"table": "loot_tables/hat_stand/chain.json"
										}
									},
									"stand:loot_iron": {
										"set_block_property": {
											"hat:type": "'none'"
										},
										"spawn_loot": {
											"table": "loot_tables/hat_stand/iron.json"
										}
									},
									"stand:loot_gold": {
										"set_block_property": {
											"hat:type": "'none'"
										},
										"spawn_loot": {
											"table": "loot_tables/hat_stand/gold.json"
										}
									},
									"stand:loot_diamond": {
										"set_block_property": {
											"hat:type": "'none'"
										},
										"spawn_loot": {
											"table": "loot_tables/hat_stand/diamond.json"
										}
									},
									"stand:loot_netherite": {
										"set_block_property": {
											"hat:type": "'none'"
										},
										"spawn_loot": {
											"table": "loot_tables/hat_stand/netherite.json"
										}
									},
									"stand:loot_brim_straw": {
										"set_block_property": {
											"hat:type": "'none'"
										},
										"spawn_loot": {
											"table": "loot_tables/hat_stand/brim_straw.json"
										}
									}
								},
								"key": "stand:loot_cloth",
								"children": [
									{
										"open": {
											"set_block_property": {
												"hat:type": "'none'"
											},
											"spawn_loot": {
												"table": "loot_tables/hat_stand/cloth.json"
											}
										},
										"key": "set_block_property",
										"is_minified": true,
										"children": {
											"hat:type": "'none'"
										}
									},
									{
										"open": {
											"set_block_property": {
												"hat:type": "'none'"
											},
											"spawn_loot": {
												"table": "loot_tables/hat_stand/cloth.json"
											}
										},
										"key": "spawn_loot",
										"is_minified": true,
										"children": {
											"table": "loot_tables/hat_stand/cloth.json"
										}
									}
								]
							},
							{
								"open": {
									"decor:face": {
										"set_block_property": {
											"decor:face": "query.cardinal_facing_2d-2"
										}
									},
									"stand:set_hat": {
										"set_block_property": {
											"hat:type": "query.get_equipped_item_name"
										},
										"decrement_stack": {}
									},
									"stand:loot_cloth": {
										"set_block_property": {
											"hat:type": "'none'"
										},
										"spawn_loot": {
											"table": "loot_tables/hat_stand/cloth.json"
										}
									},
									"stand:loot_chain": {
										"set_block_property": {
											"hat:type": "'none'"
										},
										"spawn_loot": {
											"table": "loot_tables/hat_stand/chain.json"
										}
									},
									"stand:loot_iron": {
										"set_block_property": {
											"hat:type": "'none'"
										},
										"spawn_loot": {
											"table": "loot_tables/hat_stand/iron.json"
										}
									},
									"stand:loot_gold": {
										"set_block_property": {
											"hat:type": "'none'"
										},
										"spawn_loot": {
											"table": "loot_tables/hat_stand/gold.json"
										}
									},
									"stand:loot_diamond": {
										"set_block_property": {
											"hat:type": "'none'"
										},
										"spawn_loot": {
											"table": "loot_tables/hat_stand/diamond.json"
										}
									},
									"stand:loot_netherite": {
										"set_block_property": {
											"hat:type": "'none'"
										},
										"spawn_loot": {
											"table": "loot_tables/hat_stand/netherite.json"
										}
									},
									"stand:loot_brim_straw": {
										"set_block_property": {
											"hat:type": "'none'"
										},
										"spawn_loot": {
											"table": "loot_tables/hat_stand/brim_straw.json"
										}
									}
								},
								"key": "stand:loot_chain",
								"children": [
									{
										"key": "set_block_property",
										"is_minified": true,
										"children": {
											"hat:type": "'none'"
										}
									},
									{
										"open": {
											"set_block_property": {
												"hat:type": "'none'"
											},
											"spawn_loot": {
												"table": "loot_tables/hat_stand/chain.json"
											}
										},
										"key": "spawn_loot",
										"is_minified": true,
										"children": {
											"table": "loot_tables/hat_stand/chain.json"
										}
									}
								]
							},
							{
								"open": {
									"decor:face": {
										"set_block_property": {
											"decor:face": "query.cardinal_facing_2d-2"
										}
									},
									"stand:set_hat": {
										"set_block_property": {
											"hat:type": "query.get_equipped_item_name"
										},
										"decrement_stack": {}
									},
									"stand:loot_cloth": {
										"set_block_property": {
											"hat:type": "'none'"
										},
										"spawn_loot": {
											"table": "loot_tables/hat_stand/cloth.json"
										}
									},
									"stand:loot_chain": {
										"set_block_property": {
											"hat:type": "'none'"
										},
										"spawn_loot": {
											"table": "loot_tables/hat_stand/chain.json"
										}
									},
									"stand:loot_iron": {
										"set_block_property": {
											"hat:type": "'none'"
										},
										"spawn_loot": {
											"table": "loot_tables/hat_stand/iron.json"
										}
									},
									"stand:loot_gold": {
										"set_block_property": {
											"hat:type": "'none'"
										},
										"spawn_loot": {
											"table": "loot_tables/hat_stand/gold.json"
										}
									},
									"stand:loot_diamond": {
										"set_block_property": {
											"hat:type": "'none'"
										},
										"spawn_loot": {
											"table": "loot_tables/hat_stand/diamond.json"
										}
									},
									"stand:loot_netherite": {
										"set_block_property": {
											"hat:type": "'none'"
										},
										"spawn_loot": {
											"table": "loot_tables/hat_stand/netherite.json"
										}
									},
									"stand:loot_brim_straw": {
										"set_block_property": {
											"hat:type": "'none'"
										},
										"spawn_loot": {
											"table": "loot_tables/hat_stand/brim_straw.json"
										}
									}
								},
								"key": "stand:loot_iron",
								"children": [
									{
										"key": "set_block_property",
										"is_minified": true,
										"children": {
											"hat:type": "'none'"
										}
									},
									{
										"open": {
											"set_block_property": {
												"hat:type": "'none'"
											},
											"spawn_loot": {
												"table": "loot_tables/hat_stand/iron.json"
											}
										},
										"key": "spawn_loot",
										"is_minified": true,
										"children": {
											"table": "loot_tables/hat_stand/iron.json"
										}
									}
								]
							},
							{
								"open": {
									"decor:face": {
										"set_block_property": {
											"decor:face": "query.cardinal_facing_2d-2"
										}
									},
									"stand:set_hat": {
										"set_block_property": {
											"hat:type": "query.get_equipped_item_name"
										},
										"decrement_stack": {}
									},
									"stand:loot_cloth": {
										"set_block_property": {
											"hat:type": "'none'"
										},
										"spawn_loot": {
											"table": "loot_tables/hat_stand/cloth.json"
										}
									},
									"stand:loot_chain": {
										"set_block_property": {
											"hat:type": "'none'"
										},
										"spawn_loot": {
											"table": "loot_tables/hat_stand/chain.json"
										}
									},
									"stand:loot_iron": {
										"set_block_property": {
											"hat:type": "'none'"
										},
										"spawn_loot": {
											"table": "loot_tables/hat_stand/iron.json"
										}
									},
									"stand:loot_gold": {
										"set_block_property": {
											"hat:type": "'none'"
										},
										"spawn_loot": {
											"table": "loot_tables/hat_stand/gold.json"
										}
									},
									"stand:loot_diamond": {
										"set_block_property": {
											"hat:type": "'none'"
										},
										"spawn_loot": {
											"table": "loot_tables/hat_stand/diamond.json"
										}
									},
									"stand:loot_netherite": {
										"set_block_property": {
											"hat:type": "'none'"
										},
										"spawn_loot": {
											"table": "loot_tables/hat_stand/netherite.json"
										}
									},
									"stand:loot_brim_straw": {
										"set_block_property": {
											"hat:type": "'none'"
										},
										"spawn_loot": {
											"table": "loot_tables/hat_stand/brim_straw.json"
										}
									}
								},
								"key": "stand:loot_gold",
								"children": [
									{
										"key": "set_block_property",
										"is_minified": true,
										"children": {
											"hat:type": "'none'"
										}
									},
									{
										"open": {
											"set_block_property": {
												"hat:type": "'none'"
											},
											"spawn_loot": {
												"table": "loot_tables/hat_stand/gold.json"
											}
										},
										"key": "spawn_loot",
										"is_minified": true,
										"children": {
											"table": "loot_tables/hat_stand/gold.json"
										}
									}
								]
							},
							{
								"open": {
									"decor:face": {
										"set_block_property": {
											"decor:face": "query.cardinal_facing_2d-2"
										}
									},
									"stand:set_hat": {
										"set_block_property": {
											"hat:type": "query.get_equipped_item_name"
										},
										"decrement_stack": {}
									},
									"stand:loot_cloth": {
										"set_block_property": {
											"hat:type": "'none'"
										},
										"spawn_loot": {
											"table": "loot_tables/hat_stand/cloth.json"
										}
									},
									"stand:loot_chain": {
										"set_block_property": {
											"hat:type": "'none'"
										},
										"spawn_loot": {
											"table": "loot_tables/hat_stand/chain.json"
										}
									},
									"stand:loot_iron": {
										"set_block_property": {
											"hat:type": "'none'"
										},
										"spawn_loot": {
											"table": "loot_tables/hat_stand/iron.json"
										}
									},
									"stand:loot_gold": {
										"set_block_property": {
											"hat:type": "'none'"
										},
										"spawn_loot": {
											"table": "loot_tables/hat_stand/gold.json"
										}
									},
									"stand:loot_diamond": {
										"set_block_property": {
											"hat:type": "'none'"
										},
										"spawn_loot": {
											"table": "loot_tables/hat_stand/diamond.json"
										}
									},
									"stand:loot_netherite": {
										"set_block_property": {
											"hat:type": "'none'"
										},
										"spawn_loot": {
											"table": "loot_tables/hat_stand/netherite.json"
										}
									},
									"stand:loot_brim_straw": {
										"set_block_property": {
											"hat:type": "'none'"
										},
										"spawn_loot": {
											"table": "loot_tables/hat_stand/brim_straw.json"
										}
									}
								},
								"key": "stand:loot_diamond",
								"children": [
									{
										"key": "set_block_property",
										"is_minified": true,
										"children": {
											"hat:type": "'none'"
										}
									},
									{
										"open": {
											"set_block_property": {
												"hat:type": "'none'"
											},
											"spawn_loot": {
												"table": "loot_tables/hat_stand/diamond.json"
											}
										},
										"key": "spawn_loot",
										"is_minified": true,
										"children": {
											"table": "loot_tables/hat_stand/diamond.json"
										}
									}
								]
							},
							{
								"open": {
									"decor:face": {
										"set_block_property": {
											"decor:face": "query.cardinal_facing_2d-2"
										}
									},
									"stand:set_hat": {
										"set_block_property": {
											"hat:type": "query.get_equipped_item_name"
										},
										"decrement_stack": {}
									},
									"stand:loot_cloth": {
										"set_block_property": {
											"hat:type": "'none'"
										},
										"spawn_loot": {
											"table": "loot_tables/hat_stand/cloth.json"
										}
									},
									"stand:loot_chain": {
										"set_block_property": {
											"hat:type": "'none'"
										},
										"spawn_loot": {
											"table": "loot_tables/hat_stand/chain.json"
										}
									},
									"stand:loot_iron": {
										"set_block_property": {
											"hat:type": "'none'"
										},
										"spawn_loot": {
											"table": "loot_tables/hat_stand/iron.json"
										}
									},
									"stand:loot_gold": {
										"set_block_property": {
											"hat:type": "'none'"
										},
										"spawn_loot": {
											"table": "loot_tables/hat_stand/gold.json"
										}
									},
									"stand:loot_diamond": {
										"set_block_property": {
											"hat:type": "'none'"
										},
										"spawn_loot": {
											"table": "loot_tables/hat_stand/diamond.json"
										}
									},
									"stand:loot_netherite": {
										"set_block_property": {
											"hat:type": "'none'"
										},
										"spawn_loot": {
											"table": "loot_tables/hat_stand/netherite.json"
										}
									},
									"stand:loot_brim_straw": {
										"set_block_property": {
											"hat:type": "'none'"
										},
										"spawn_loot": {
											"table": "loot_tables/hat_stand/brim_straw.json"
										}
									}
								},
								"key": "stand:loot_netherite",
								"children": [
									{
										"key": "set_block_property",
										"is_minified": true,
										"children": {
											"hat:type": "'none'"
										}
									},
									{
										"open": {
											"set_block_property": {
												"hat:type": "'none'"
											},
											"spawn_loot": {
												"table": "loot_tables/hat_stand/netherite.json"
											}
										},
										"key": "spawn_loot",
										"is_minified": true,
										"children": {
											"table": "loot_tables/hat_stand/netherite.json"
										}
									}
								]
							},
							{
								"open": {
									"decor:face": {
										"set_block_property": {
											"decor:face": "query.cardinal_facing_2d-2"
										}
									},
									"stand:set_hat": {
										"set_block_property": {
											"hat:type": "query.get_equipped_item_name"
										},
										"decrement_stack": {}
									},
									"stand:loot_cloth": {
										"set_block_property": {
											"hat:type": "'none'"
										},
										"spawn_loot": {
											"table": "loot_tables/hat_stand/cloth.json"
										}
									},
									"stand:loot_chain": {
										"set_block_property": {
											"hat:type": "'none'"
										},
										"spawn_loot": {
											"table": "loot_tables/hat_stand/chain.json"
										}
									},
									"stand:loot_iron": {
										"set_block_property": {
											"hat:type": "'none'"
										},
										"spawn_loot": {
											"table": "loot_tables/hat_stand/iron.json"
										}
									},
									"stand:loot_gold": {
										"set_block_property": {
											"hat:type": "'none'"
										},
										"spawn_loot": {
											"table": "loot_tables/hat_stand/gold.json"
										}
									},
									"stand:loot_diamond": {
										"set_block_property": {
											"hat:type": "'none'"
										},
										"spawn_loot": {
											"table": "loot_tables/hat_stand/diamond.json"
										}
									},
									"stand:loot_netherite": {
										"set_block_property": {
											"hat:type": "'none'"
										},
										"spawn_loot": {
											"table": "loot_tables/hat_stand/netherite.json"
										}
									},
									"stand:loot_brim_straw": {
										"set_block_property": {
											"hat:type": "'none'"
										},
										"spawn_loot": {
											"table": "loot_tables/hat_stand/brim_straw.json"
										}
									}
								},
								"key": "stand:loot_brim_straw",
								"children": [
									{
										"open": {
											"set_block_property": {
												"hat:type": "'none'"
											},
											"spawn_loot": {
												"table": "loot_tables/hat_stand/brim_straw.json"
											}
										},
										"key": "set_block_property",
										"is_minified": true,
										"children": {
											"hat:type": "'none'"
										}
									},
									{
										"open": {
											"set_block_property": {
												"hat:type": "'none'"
											},
											"spawn_loot": {
												"table": "loot_tables/hat_stand/brim_straw.json"
											}
										},
										"key": "spawn_loot",
										"is_minified": true,
										"children": {
											"table": "loot_tables/hat_stand/brim_straw.json"
										}
									}
								]
							}
						]
					}
				]
			}
		]
	}
}