{
	"file_path": "C:\\Users\\chupi\\AppData\\Local\\Packages\\Microsoft.MinecraftUWP_8wekyb3d8bbwe\\LocalState\\games\\com.mojang\\development_behavior_packs\\ModernDecoration\\blocks\\picnic\\picnic_table_oak.json",
	"file_type": "block",
	"format_version": 1,
	"file_uuid": "75e70759_8796_4c8e_a06d_5047f56d8b17",
	"file_version": 7,
	"cache_content": {
		"children": [
			{
				"open": {
					"format_version": "1.17.0",
					"minecraft:block": {
						"description": {
							"identifier": "mc:picnic_table_oak",
							"is_experimental": false,
							"properties": {
								"decor:face": [
									0,
									1,
									2,
									3
								]
							}
						},
						"components": {
							"minecraft:geometry": "geometry.picnic_table",
							"minecraft:material_instances": {
								"*": {
									"texture": "oak_planks",
									"ambient_occlusion": true
								}
							},
							"minecraft:destroy_time": 0.4,
							"minecraft:explosion_resistance": 1,
							"minecraft:on_player_placing": {
								"event": "decor:face"
							},
							"minecraft:block_light_absorption": 0,
							"minecraft:creative_category": {
								"category": "construction"
							}
						},
						"permutations": [
							{
								"condition": "query.block_property('decor:face') == 0",
								"components": {
									"minecraft:rotation": [
										0,
										180,
										0
									]
								}
							},
							{
								"condition": "query.block_property('decor:face') == 1",
								"components": {
									"minecraft:rotation": [
										0,
										0,
										0
									]
								}
							},
							{
								"condition": "query.block_property('decor:face') == 2",
								"components": {
									"minecraft:rotation": [
										0,
										270,
										0
									]
								}
							},
							{
								"condition": "query.block_property('decor:face') == 3",
								"components": {
									"minecraft:rotation": [
										0,
										90,
										0
									]
								}
							}
						],
						"events": {
							"decor:face": {
								"set_block_property": {
									"decor:face": "query.cardinal_facing_2d-2"
								}
							}
						}
					}
				},
				"data": "1.17.0",
				"key": "format_version"
			},
			{
				"open": {
					"format_version": "1.17.0",
					"minecraft:block": {
						"description": {
							"identifier": "mc:picnic_table_oak",
							"is_experimental": false,
							"properties": {
								"decor:face": [
									0,
									1,
									2,
									3
								]
							}
						},
						"components": {
							"minecraft:geometry": "geometry.picnic_table",
							"minecraft:material_instances": {
								"*": {
									"texture": "oak_planks",
									"ambient_occlusion": true
								}
							},
							"minecraft:destroy_time": 0.4,
							"minecraft:explosion_resistance": 1,
							"minecraft:on_player_placing": {
								"event": "decor:face"
							},
							"minecraft:block_light_absorption": 0,
							"minecraft:creative_category": {
								"category": "construction"
							}
						},
						"permutations": [
							{
								"condition": "query.block_property('decor:face') == 0",
								"components": {
									"minecraft:rotation": [
										0,
										180,
										0
									]
								}
							},
							{
								"condition": "query.block_property('decor:face') == 1",
								"components": {
									"minecraft:rotation": [
										0,
										0,
										0
									]
								}
							},
							{
								"condition": "query.block_property('decor:face') == 2",
								"components": {
									"minecraft:rotation": [
										0,
										270,
										0
									]
								}
							},
							{
								"condition": "query.block_property('decor:face') == 3",
								"components": {
									"minecraft:rotation": [
										0,
										90,
										0
									]
								}
							}
						],
						"events": {
							"decor:face": {
								"set_block_property": {
									"decor:face": "query.cardinal_facing_2d-2"
								}
							}
						}
					}
				},
				"key": "minecraft:block",
				"children": [
					{
						"open": {
							"description": {
								"identifier": "mc:picnic_table_oak",
								"is_experimental": false,
								"properties": {
									"decor:face": [
										0,
										1,
										2,
										3
									]
								}
							},
							"components": {
								"minecraft:geometry": "geometry.picnic_table",
								"minecraft:material_instances": {
									"*": {
										"texture": "oak_planks",
										"ambient_occlusion": true
									}
								},
								"minecraft:destroy_time": 0.4,
								"minecraft:explosion_resistance": 1,
								"minecraft:on_player_placing": {
									"event": "decor:face"
								},
								"minecraft:block_light_absorption": 0,
								"minecraft:creative_category": {
									"category": "construction"
								}
							},
							"permutations": [
								{
									"condition": "query.block_property('decor:face') == 0",
									"components": {
										"minecraft:rotation": [
											0,
											180,
											0
										]
									}
								},
								{
									"condition": "query.block_property('decor:face') == 1",
									"components": {
										"minecraft:rotation": [
											0,
											0,
											0
										]
									}
								},
								{
									"condition": "query.block_property('decor:face') == 2",
									"components": {
										"minecraft:rotation": [
											0,
											270,
											0
										]
									}
								},
								{
									"condition": "query.block_property('decor:face') == 3",
									"components": {
										"minecraft:rotation": [
											0,
											90,
											0
										]
									}
								}
							],
							"events": {
								"decor:face": {
									"set_block_property": {
										"decor:face": "query.cardinal_facing_2d-2"
									}
								}
							}
						},
						"key": "description",
						"is_minified": true,
						"children": {
							"identifier": "mc:picnic_table_oak",
							"is_experimental": false,
							"properties": {
								"decor:face": [
									0,
									1,
									2,
									3
								]
							}
						}
					},
					{
						"open": {
							"description": {
								"identifier": "mc:picnic_table_oak",
								"is_experimental": false,
								"properties": {
									"decor:face": [
										0,
										1,
										2,
										3
									]
								}
							},
							"components": {
								"minecraft:geometry": "geometry.picnic_table",
								"minecraft:material_instances": {
									"*": {
										"texture": "oak_planks",
										"ambient_occlusion": true
									}
								},
								"minecraft:destroy_time": 0.4,
								"minecraft:explosion_resistance": 1,
								"minecraft:on_player_placing": {
									"event": "decor:face"
								},
								"minecraft:block_light_absorption": 0,
								"minecraft:creative_category": {
									"category": "construction"
								}
							},
							"permutations": [
								{
									"condition": "query.block_property('decor:face') == 0",
									"components": {
										"minecraft:rotation": [
											0,
											180,
											0
										]
									}
								},
								{
									"condition": "query.block_property('decor:face') == 1",
									"components": {
										"minecraft:rotation": [
											0,
											0,
											0
										]
									}
								},
								{
									"condition": "query.block_property('decor:face') == 2",
									"components": {
										"minecraft:rotation": [
											0,
											270,
											0
										]
									}
								},
								{
									"condition": "query.block_property('decor:face') == 3",
									"components": {
										"minecraft:rotation": [
											0,
											90,
											0
										]
									}
								}
							],
							"events": {
								"decor:face": {
									"set_block_property": {
										"decor:face": "query.cardinal_facing_2d-2"
									}
								}
							}
						},
						"key": "components",
						"children": [
							{
								"open": {
									"minecraft:geometry": "geometry.picnic_table",
									"minecraft:material_instances": {
										"*": {
											"texture": "oak_planks",
											"ambient_occlusion": true
										}
									},
									"minecraft:destroy_time": 0.4,
									"minecraft:explosion_resistance": 1,
									"minecraft:on_player_placing": {
										"event": "decor:face"
									},
									"minecraft:block_light_absorption": 0,
									"minecraft:creative_category": {
										"category": "construction"
									}
								},
								"data": "geometry.picnic_table",
								"key": "minecraft:geometry"
							},
							{
								"open": {
									"minecraft:geometry": "geometry.picnic_table",
									"minecraft:material_instances": {
										"*": {
											"texture": "oak_planks",
											"ambient_occlusion": true
										}
									},
									"minecraft:destroy_time": 0.4,
									"minecraft:explosion_resistance": 1,
									"minecraft:on_player_placing": {
										"event": "decor:face"
									},
									"minecraft:block_light_absorption": 0,
									"minecraft:creative_category": {
										"category": "construction"
									}
								},
								"key": "minecraft:material_instances",
								"children": [
									{
										"open": {
											"*": {
												"texture": "oak_planks",
												"ambient_occlusion": true
											}
										},
										"key": "*",
										"is_minified": true,
										"children": {
											"texture": "oak_planks",
											"ambient_occlusion": true
										}
									}
								]
							},
							{
								"data": "0.4",
								"key": "minecraft:destroy_time"
							},
							{
								"data": "1",
								"key": "minecraft:explosion_resistance"
							},
							{
								"key": "minecraft:on_player_placing",
								"is_minified": true,
								"children": {
									"event": "decor:face"
								}
							},
							{
								"data": "0.0",
								"key": "minecraft:block_light_absorption"
							},
							{
								"key": "minecraft:creative_category",
								"is_minified": true,
								"children": {
									"category": "construction"
								}
							}
						]
					},
					{
						"open": {
							"description": {
								"identifier": "mc:picnic_table_oak",
								"is_experimental": false,
								"properties": {
									"decor:face": [
										0,
										1,
										2,
										3
									]
								}
							},
							"components": {
								"minecraft:geometry": "geometry.picnic_table",
								"minecraft:material_instances": {
									"*": {
										"texture": "oak_planks",
										"ambient_occlusion": true
									}
								},
								"minecraft:destroy_time": 0.4,
								"minecraft:explosion_resistance": 1,
								"minecraft:on_player_placing": {
									"event": "decor:face"
								},
								"minecraft:block_light_absorption": 0,
								"minecraft:creative_category": {
									"category": "construction"
								}
							},
							"permutations": [
								{
									"condition": "query.block_property('decor:face') == 0",
									"components": {
										"minecraft:rotation": [
											0,
											180,
											0
										]
									}
								},
								{
									"condition": "query.block_property('decor:face') == 1",
									"components": {
										"minecraft:rotation": [
											0,
											0,
											0
										]
									}
								},
								{
									"condition": "query.block_property('decor:face') == 2",
									"components": {
										"minecraft:rotation": [
											0,
											270,
											0
										]
									}
								},
								{
									"condition": "query.block_property('decor:face') == 3",
									"components": {
										"minecraft:rotation": [
											0,
											90,
											0
										]
									}
								}
							],
							"events": {
								"decor:face": {
									"set_block_property": {
										"decor:face": "query.cardinal_facing_2d-2"
									}
								}
							}
						},
						"key": "permutations",
						"children": [
							{
								"is_minified": true,
								"children": {
									"condition": "query.block_property('decor:face') == 0",
									"components": {
										"minecraft:rotation": [
											0,
											180,
											0
										]
									}
								}
							},
							{
								"is_minified": true,
								"children": {
									"condition": "query.block_property('decor:face') == 1",
									"components": {
										"minecraft:rotation": [
											0,
											0,
											0
										]
									}
								}
							},
							{
								"is_minified": true,
								"children": {
									"condition": "query.block_property('decor:face') == 2",
									"components": {
										"minecraft:rotation": [
											0,
											270,
											0
										]
									}
								}
							},
							{
								"open": [
									{
										"condition": "query.block_property('decor:face') == 0",
										"components": {
											"minecraft:rotation": [
												0,
												180,
												0
											]
										}
									},
									{
										"condition": "query.block_property('decor:face') == 1",
										"components": {
											"minecraft:rotation": [
												0,
												0,
												0
											]
										}
									},
									{
										"condition": "query.block_property('decor:face') == 2",
										"components": {
											"minecraft:rotation": [
												0,
												270,
												0
											]
										}
									},
									{
										"condition": "query.block_property('decor:face') == 3",
										"components": {
											"minecraft:rotation": [
												0,
												90,
												0
											]
										}
									}
								],
								"is_minified": true,
								"children": {
									"condition": "query.block_property('decor:face') == 3",
									"components": {
										"minecraft:rotation": [
											0,
											90,
											0
										]
									}
								}
							}
						]
					},
					{
						"key": "events",
						"is_minified": true,
						"children": {
							"decor:face": {
								"set_block_property": {
									"decor:face": "query.cardinal_facing_2d-2"
								}
							}
						}
					}
				]
			}
		]
	}
}