{
	"file_path": "C:\\Users\\chupi\\AppData\\Local\\Packages\\Microsoft.MinecraftUWP_8wekyb3d8bbwe\\LocalState\\games\\com.mojang\\development_behavior_packs\\ModernDecoration\\blocks\\picnic\\picnic_chair_jungle.json",
	"file_type": "block",
	"format_version": 1,
	"file_uuid": "10d6e07f_0d8f_4cb1_8a27_2da834fffc95",
	"file_version": 22,
	"cache_content": {
		"children": [
			{
				"data": "1.16.0",
				"key": "format_version"
			},
			{
				"open": {
					"format_version": "1.16.0",
					"minecraft:block": {
						"description": {
							"identifier": "mc:picnic_chair_jungle",
							"is_experimental": true,
							"properties": {
								"decor:face": [
									0,
									1,
									2,
									3
								]
							}
						},
						"components": {
							"minecraft:geometry": "geometry.picnic_chair",
							"minecraft:material_instances": {
								"*": {
									"texture": "jungle_planks",
									"ambient_occlusion": true
								}
							},
							"minecraft:destroy_time": 0.4,
							"minecraft:explosion_resistance": 1,
							"minecraft:block_light_emission": 0,
							"minecraft:block_light_absorption": 0,
							"minecraft:pick_collision": {
								"origin": [
									-8,
									0,
									-5
								],
								"size": [
									16,
									10,
									10
								]
							},
							"minecraft:on_player_placing": {
								"event": "decor:face"
							},
							"minecraft:on_interact": {
								"condition": "!query.is_sneaking",
								"event": "player:sit"
							},
							"minecraft:ticking": {
								"looping": false,
								"range": [
									0,
									0
								],
								"on_tick": {
									"event": "chair:set_sit"
								}
							},
							"minecraft:entity_collision": {
								"origin": [
									-8,
									0,
									-5
								],
								"size": [
									16,
									10,
									10
								]
							},
							"minecraft:creative_category": {
								"category": "construction"
							}
						},
						"permutations": [
							{
								"condition": "query.block_property('decor:face') == 0",
								"components": {
									"minecraft:rotation": [
										0,
										180,
										0
									]
								}
							},
							{
								"condition": "query.block_property('decor:face') == 1",
								"components": {
									"minecraft:rotation": [
										0,
										0,
										0
									]
								}
							},
							{
								"condition": "query.block_property('decor:face') == 2",
								"components": {
									"minecraft:rotation": [
										0,
										270,
										0
									]
								}
							},
							{
								"condition": "query.block_property('decor:face') == 3",
								"components": {
									"minecraft:rotation": [
										0,
										90,
										0
									]
								}
							}
						],
						"events": {
							"decor:face": {
								"set_block_property": {
									"decor:face": "query.cardinal_facing_2d-2"
								}
							},
							"chair:set_sit": {
								"sequence": [
									{
										"condition": "query.block_property('decor:face') == 0",
										"run_command": {
											"command": [
												"summon mc:tiny_chair_entity"
											]
										}
									},
									{
										"condition": "query.block_property('decor:face') == 1",
										"run_command": {
											"command": [
												"summon mc:tiny_chair_entity ~ ~ ~ facing_south"
											]
										}
									},
									{
										"condition": "query.block_property('decor:face') == 2",
										"run_command": {
											"command": [
												"summon mc:tiny_chair_entity ~ ~ ~ facing_west"
											]
										}
									},
									{
										"condition": "query.block_property('decor:face') == 3",
										"run_command": {
											"command": [
												"summon mc:tiny_chair_entity ~ ~ ~ facing_east"
											]
										}
									}
								]
							},
							"player:sit": {
								"sequence": [
									{
										"run_command": {
											"command": [
												"tag @s add player_chair_interact"
											],
											"target": "other"
										}
									},
									{
										"run_command": {
											"command": [
												"event entity @e[type=mc:tiny_chair_entity,r=0.01] player_interact"
											]
										}
									}
								]
							}
						}
					}
				},
				"key": "minecraft:block",
				"children": [
					{
						"open": {
							"description": {
								"identifier": "mc:picnic_chair_jungle",
								"is_experimental": true,
								"properties": {
									"decor:face": [
										0,
										1,
										2,
										3
									]
								}
							},
							"components": {
								"minecraft:geometry": "geometry.picnic_chair",
								"minecraft:material_instances": {
									"*": {
										"texture": "jungle_planks",
										"ambient_occlusion": true
									}
								},
								"minecraft:destroy_time": 0.4,
								"minecraft:explosion_resistance": 1,
								"minecraft:block_light_emission": 0,
								"minecraft:block_light_absorption": 0,
								"minecraft:pick_collision": {
									"origin": [
										-8,
										0,
										-5
									],
									"size": [
										16,
										10,
										10
									]
								},
								"minecraft:on_player_placing": {
									"event": "decor:face"
								},
								"minecraft:on_interact": {
									"condition": "!query.is_sneaking",
									"event": "player:sit"
								},
								"minecraft:ticking": {
									"looping": false,
									"range": [
										0,
										0
									],
									"on_tick": {
										"event": "chair:set_sit"
									}
								},
								"minecraft:entity_collision": {
									"origin": [
										-8,
										0,
										-5
									],
									"size": [
										16,
										10,
										10
									]
								},
								"minecraft:creative_category": {
									"category": "construction"
								}
							},
							"permutations": [
								{
									"condition": "query.block_property('decor:face') == 0",
									"components": {
										"minecraft:rotation": [
											0,
											180,
											0
										]
									}
								},
								{
									"condition": "query.block_property('decor:face') == 1",
									"components": {
										"minecraft:rotation": [
											0,
											0,
											0
										]
									}
								},
								{
									"condition": "query.block_property('decor:face') == 2",
									"components": {
										"minecraft:rotation": [
											0,
											270,
											0
										]
									}
								},
								{
									"condition": "query.block_property('decor:face') == 3",
									"components": {
										"minecraft:rotation": [
											0,
											90,
											0
										]
									}
								}
							],
							"events": {
								"decor:face": {
									"set_block_property": {
										"decor:face": "query.cardinal_facing_2d-2"
									}
								},
								"chair:set_sit": {
									"sequence": [
										{
											"condition": "query.block_property('decor:face') == 0",
											"run_command": {
												"command": [
													"summon mc:tiny_chair_entity"
												]
											}
										},
										{
											"condition": "query.block_property('decor:face') == 1",
											"run_command": {
												"command": [
													"summon mc:tiny_chair_entity ~ ~ ~ facing_south"
												]
											}
										},
										{
											"condition": "query.block_property('decor:face') == 2",
											"run_command": {
												"command": [
													"summon mc:tiny_chair_entity ~ ~ ~ facing_west"
												]
											}
										},
										{
											"condition": "query.block_property('decor:face') == 3",
											"run_command": {
												"command": [
													"summon mc:tiny_chair_entity ~ ~ ~ facing_east"
												]
											}
										}
									]
								},
								"player:sit": {
									"sequence": [
										{
											"run_command": {
												"command": [
													"tag @s add player_chair_interact"
												],
												"target": "other"
											}
										},
										{
											"run_command": {
												"command": [
													"event entity @e[type=mc:tiny_chair_entity,r=0.01] player_interact"
												]
											}
										}
									]
								}
							}
						},
						"key": "description",
						"is_minified": true,
						"children": {
							"identifier": "mc:picnic_chair_jungle",
							"is_experimental": true,
							"properties": {
								"decor:face": [
									0,
									1,
									2,
									3
								]
							}
						}
					},
					{
						"open": {
							"description": {
								"identifier": "mc:picnic_chair_jungle",
								"is_experimental": true,
								"properties": {
									"decor:face": [
										0,
										1,
										2,
										3
									]
								}
							},
							"components": {
								"minecraft:geometry": "geometry.picnic_chair",
								"minecraft:material_instances": {
									"*": {
										"texture": "jungle_planks",
										"ambient_occlusion": true
									}
								},
								"minecraft:destroy_time": 0.4,
								"minecraft:explosion_resistance": 1,
								"minecraft:block_light_emission": 0,
								"minecraft:block_light_absorption": 0,
								"minecraft:pick_collision": {
									"origin": [
										-8,
										0,
										-5
									],
									"size": [
										16,
										10,
										10
									]
								},
								"minecraft:on_player_placing": {
									"event": "decor:face"
								},
								"minecraft:on_interact": {
									"condition": "!query.is_sneaking",
									"event": "player:sit"
								},
								"minecraft:ticking": {
									"looping": false,
									"range": [
										0,
										0
									],
									"on_tick": {
										"event": "chair:set_sit"
									}
								},
								"minecraft:entity_collision": {
									"origin": [
										-8,
										0,
										-5
									],
									"size": [
										16,
										10,
										10
									]
								},
								"minecraft:creative_category": {
									"category": "construction"
								}
							},
							"permutations": [
								{
									"condition": "query.block_property('decor:face') == 0",
									"components": {
										"minecraft:rotation": [
											0,
											180,
											0
										]
									}
								},
								{
									"condition": "query.block_property('decor:face') == 1",
									"components": {
										"minecraft:rotation": [
											0,
											0,
											0
										]
									}
								},
								{
									"condition": "query.block_property('decor:face') == 2",
									"components": {
										"minecraft:rotation": [
											0,
											270,
											0
										]
									}
								},
								{
									"condition": "query.block_property('decor:face') == 3",
									"components": {
										"minecraft:rotation": [
											0,
											90,
											0
										]
									}
								}
							],
							"events": {
								"decor:face": {
									"set_block_property": {
										"decor:face": "query.cardinal_facing_2d-2"
									}
								},
								"chair:set_sit": {
									"sequence": [
										{
											"condition": "query.block_property('decor:face') == 0",
											"run_command": {
												"command": [
													"summon mc:tiny_chair_entity"
												]
											}
										},
										{
											"condition": "query.block_property('decor:face') == 1",
											"run_command": {
												"command": [
													"summon mc:tiny_chair_entity ~ ~ ~ facing_south"
												]
											}
										},
										{
											"condition": "query.block_property('decor:face') == 2",
											"run_command": {
												"command": [
													"summon mc:tiny_chair_entity ~ ~ ~ facing_west"
												]
											}
										},
										{
											"condition": "query.block_property('decor:face') == 3",
											"run_command": {
												"command": [
													"summon mc:tiny_chair_entity ~ ~ ~ facing_east"
												]
											}
										}
									]
								},
								"player:sit": {
									"sequence": [
										{
											"run_command": {
												"command": [
													"tag @s add player_chair_interact"
												],
												"target": "other"
											}
										},
										{
											"run_command": {
												"command": [
													"event entity @e[type=mc:tiny_chair_entity,r=0.01] player_interact"
												]
											}
										}
									]
								}
							}
						},
						"key": "components",
						"children": [
							{
								"open": {
									"minecraft:geometry": "geometry.picnic_chair",
									"minecraft:material_instances": {
										"*": {
											"texture": "jungle_planks",
											"ambient_occlusion": true
										}
									},
									"minecraft:destroy_time": 0.4,
									"minecraft:explosion_resistance": 1,
									"minecraft:block_light_emission": 0,
									"minecraft:block_light_absorption": 0,
									"minecraft:pick_collision": {
										"origin": [
											-8,
											0,
											-5
										],
										"size": [
											16,
											10,
											10
										]
									},
									"minecraft:on_player_placing": {
										"event": "decor:face"
									},
									"minecraft:on_interact": {
										"condition": "!query.is_sneaking",
										"event": "player:sit"
									},
									"minecraft:ticking": {
										"looping": false,
										"range": [
											0,
											0
										],
										"on_tick": {
											"event": "chair:set_sit"
										}
									},
									"minecraft:entity_collision": {
										"origin": [
											-8,
											0,
											-5
										],
										"size": [
											16,
											10,
											10
										]
									},
									"minecraft:creative_category": {
										"category": "construction"
									}
								},
								"data": "geometry.picnic_chair",
								"key": "minecraft:geometry"
							},
							{
								"open": {
									"minecraft:geometry": "geometry.picnic_chair",
									"minecraft:material_instances": {
										"*": {
											"texture": "jungle_planks",
											"ambient_occlusion": true
										}
									},
									"minecraft:destroy_time": 0.4,
									"minecraft:explosion_resistance": 1,
									"minecraft:block_light_emission": 0,
									"minecraft:block_light_absorption": 0,
									"minecraft:pick_collision": {
										"origin": [
											-8,
											0,
											-5
										],
										"size": [
											16,
											10,
											10
										]
									},
									"minecraft:on_player_placing": {
										"event": "decor:face"
									},
									"minecraft:on_interact": {
										"condition": "!query.is_sneaking",
										"event": "player:sit"
									},
									"minecraft:ticking": {
										"looping": false,
										"range": [
											0,
											0
										],
										"on_tick": {
											"event": "chair:set_sit"
										}
									},
									"minecraft:entity_collision": {
										"origin": [
											-8,
											0,
											-5
										],
										"size": [
											16,
											10,
											10
										]
									},
									"minecraft:creative_category": {
										"category": "construction"
									}
								},
								"key": "minecraft:material_instances",
								"children": [
									{
										"open": {
											"*": {
												"texture": "jungle_planks",
												"ambient_occlusion": true
											}
										},
										"key": "*",
										"is_minified": true,
										"children": {
											"texture": "jungle_planks",
											"ambient_occlusion": true
										}
									}
								]
							},
							{
								"open": {
									"minecraft:geometry": "geometry.picnic_chair",
									"minecraft:material_instances": {
										"*": {
											"texture": "jungle_planks",
											"ambient_occlusion": true
										}
									},
									"minecraft:destroy_time": 0.4,
									"minecraft:explosion_resistance": 1,
									"minecraft:block_light_emission": 0,
									"minecraft:block_light_absorption": 0,
									"minecraft:pick_collision": {
										"origin": [
											-8,
											0,
											-5
										],
										"size": [
											16,
											10,
											10
										]
									},
									"minecraft:on_player_placing": {
										"event": "decor:face"
									},
									"minecraft:on_interact": {
										"condition": "!query.is_sneaking",
										"event": "player:sit"
									},
									"minecraft:ticking": {
										"looping": false,
										"range": [
											0,
											0
										],
										"on_tick": {
											"event": "chair:set_sit"
										}
									},
									"minecraft:entity_collision": {
										"origin": [
											-8,
											0,
											-5
										],
										"size": [
											16,
											10,
											10
										]
									},
									"minecraft:creative_category": {
										"category": "construction"
									}
								},
								"data": "0.4",
								"key": "minecraft:destroy_time"
							},
							{
								"data": "1",
								"key": "minecraft:explosion_resistance"
							},
							{
								"data": "0",
								"key": "minecraft:block_light_emission"
							},
							{
								"data": "0",
								"key": "minecraft:block_light_absorption"
							},
							{
								"open": {
									"minecraft:geometry": "geometry.picnic_chair",
									"minecraft:material_instances": {
										"*": {
											"texture": "jungle_planks",
											"ambient_occlusion": true
										}
									},
									"minecraft:destroy_time": 0.4,
									"minecraft:explosion_resistance": 1,
									"minecraft:block_light_emission": 0,
									"minecraft:block_light_absorption": 0,
									"minecraft:pick_collision": {
										"origin": [
											-8,
											0,
											-5
										],
										"size": [
											16,
											10,
											10
										]
									},
									"minecraft:on_player_placing": {
										"event": "decor:face"
									},
									"minecraft:on_interact": {
										"condition": "!query.is_sneaking",
										"event": "player:sit"
									},
									"minecraft:ticking": {
										"looping": false,
										"range": [
											0,
											0
										],
										"on_tick": {
											"event": "chair:set_sit"
										}
									},
									"minecraft:entity_collision": {
										"origin": [
											-8,
											0,
											-5
										],
										"size": [
											16,
											10,
											10
										]
									},
									"minecraft:creative_category": {
										"category": "construction"
									}
								},
								"key": "minecraft:pick_collision",
								"children": [
									{
										"open": {
											"origin": [
												-8,
												0,
												-5
											],
											"size": [
												16,
												10,
												10
											]
										},
										"key": "origin",
										"is_minified": true,
										"children": [
											-8,
											0,
											-5
										]
									},
									{
										"open": {
											"origin": [
												-8,
												0,
												-5
											],
											"size": [
												16,
												10,
												10
											]
										},
										"key": "size",
										"is_minified": true,
										"children": [
											16,
											10,
											10
										]
									}
								]
							},
							{
								"key": "minecraft:on_player_placing",
								"is_minified": true,
								"children": {
									"event": "decor:face"
								}
							},
							{
								"key": "minecraft:on_interact",
								"is_minified": true,
								"children": {
									"condition": "!query.is_sneaking",
									"event": "player:sit"
								}
							},
							{
								"key": "minecraft:ticking",
								"is_minified": true,
								"children": {
									"looping": false,
									"range": [
										0,
										0
									],
									"on_tick": {
										"event": "chair:set_sit"
									}
								}
							},
							{
								"open": {
									"minecraft:geometry": "geometry.picnic_chair",
									"minecraft:material_instances": {
										"*": {
											"texture": "jungle_planks",
											"ambient_occlusion": true
										}
									},
									"minecraft:destroy_time": 0.4,
									"minecraft:explosion_resistance": 1,
									"minecraft:block_light_emission": 0,
									"minecraft:block_light_absorption": 0,
									"minecraft:pick_collision": {
										"origin": [
											-8,
											0,
											-5
										],
										"size": [
											16,
											10,
											10
										]
									},
									"minecraft:on_player_placing": {
										"event": "decor:face"
									},
									"minecraft:on_interact": {
										"condition": "!query.is_sneaking",
										"event": "player:sit"
									},
									"minecraft:ticking": {
										"looping": false,
										"range": [
											0,
											0
										],
										"on_tick": {
											"event": "chair:set_sit"
										}
									},
									"minecraft:entity_collision": {
										"origin": [
											-8,
											0,
											-5
										],
										"size": [
											16,
											10,
											10
										]
									},
									"minecraft:creative_category": {
										"category": "construction"
									}
								},
								"key": "minecraft:entity_collision",
								"is_minified": true,
								"children": {
									"origin": [
										-8,
										0,
										-5
									],
									"size": [
										16,
										10,
										10
									]
								}
							},
							{
								"key": "minecraft:creative_category",
								"is_minified": true,
								"children": {
									"category": "construction"
								}
							}
						]
					},
					{
						"key": "permutations",
						"is_minified": true,
						"children": [
							{
								"condition": "query.block_property('decor:face') == 0",
								"components": {
									"minecraft:rotation": [
										0,
										180,
										0
									]
								}
							},
							{
								"condition": "query.block_property('decor:face') == 1",
								"components": {
									"minecraft:rotation": [
										0,
										0,
										0
									]
								}
							},
							{
								"condition": "query.block_property('decor:face') == 2",
								"components": {
									"minecraft:rotation": [
										0,
										270,
										0
									]
								}
							},
							{
								"condition": "query.block_property('decor:face') == 3",
								"components": {
									"minecraft:rotation": [
										0,
										90,
										0
									]
								}
							}
						]
					},
					{
						"open": {
							"description": {
								"identifier": "mc:picnic_chair_jungle",
								"is_experimental": true,
								"properties": {
									"decor:face": [
										0,
										1,
										2,
										3
									]
								}
							},
							"components": {
								"minecraft:geometry": "geometry.picnic_chair",
								"minecraft:material_instances": {
									"*": {
										"texture": "jungle_planks",
										"ambient_occlusion": true
									}
								},
								"minecraft:destroy_time": 0.4,
								"minecraft:explosion_resistance": 1,
								"minecraft:block_light_emission": 0,
								"minecraft:block_light_absorption": 0,
								"minecraft:pick_collision": {
									"origin": [
										-8,
										0,
										-5
									],
									"size": [
										16,
										10,
										10
									]
								},
								"minecraft:on_player_placing": {
									"event": "decor:face"
								},
								"minecraft:on_interact": {
									"condition": "!query.is_sneaking",
									"event": "player:sit"
								},
								"minecraft:ticking": {
									"looping": false,
									"range": [
										0,
										0
									],
									"on_tick": {
										"event": "chair:set_sit"
									}
								},
								"minecraft:entity_collision": {
									"origin": [
										-8,
										0,
										-5
									],
									"size": [
										16,
										10,
										10
									]
								},
								"minecraft:creative_category": {
									"category": "construction"
								}
							},
							"permutations": [
								{
									"condition": "query.block_property('decor:face') == 0",
									"components": {
										"minecraft:rotation": [
											0,
											180,
											0
										]
									}
								},
								{
									"condition": "query.block_property('decor:face') == 1",
									"components": {
										"minecraft:rotation": [
											0,
											0,
											0
										]
									}
								},
								{
									"condition": "query.block_property('decor:face') == 2",
									"components": {
										"minecraft:rotation": [
											0,
											270,
											0
										]
									}
								},
								{
									"condition": "query.block_property('decor:face') == 3",
									"components": {
										"minecraft:rotation": [
											0,
											90,
											0
										]
									}
								}
							],
							"events": {
								"decor:face": {
									"set_block_property": {
										"decor:face": "query.cardinal_facing_2d-2"
									}
								},
								"chair:set_sit": {
									"sequence": [
										{
											"condition": "query.block_property('decor:face') == 0",
											"run_command": {
												"command": [
													"summon mc:tiny_chair_entity"
												]
											}
										},
										{
											"condition": "query.block_property('decor:face') == 1",
											"run_command": {
												"command": [
													"summon mc:tiny_chair_entity ~ ~ ~ facing_south"
												]
											}
										},
										{
											"condition": "query.block_property('decor:face') == 2",
											"run_command": {
												"command": [
													"summon mc:tiny_chair_entity ~ ~ ~ facing_west"
												]
											}
										},
										{
											"condition": "query.block_property('decor:face') == 3",
											"run_command": {
												"command": [
													"summon mc:tiny_chair_entity ~ ~ ~ facing_east"
												]
											}
										}
									]
								},
								"player:sit": {
									"sequence": [
										{
											"run_command": {
												"command": [
													"tag @s add player_chair_interact"
												],
												"target": "other"
											}
										},
										{
											"run_command": {
												"command": [
													"event entity @e[type=mc:tiny_chair_entity,r=0.01] player_interact"
												]
											}
										}
									]
								}
							}
						},
						"key": "events",
						"children": [
							{
								"key": "decor:face",
								"is_minified": true,
								"children": {
									"set_block_property": {
										"decor:face": "query.cardinal_facing_2d-2"
									}
								}
							},
							{
								"open": {
									"decor:face": {
										"set_block_property": {
											"decor:face": "query.cardinal_facing_2d-2"
										}
									},
									"chair:set_sit": {
										"sequence": [
											{
												"condition": "query.block_property('decor:face') == 0",
												"run_command": {
													"command": [
														"summon mc:tiny_chair_entity"
													]
												}
											},
											{
												"condition": "query.block_property('decor:face') == 1",
												"run_command": {
													"command": [
														"summon mc:tiny_chair_entity ~ ~ ~ facing_south"
													]
												}
											},
											{
												"condition": "query.block_property('decor:face') == 2",
												"run_command": {
													"command": [
														"summon mc:tiny_chair_entity ~ ~ ~ facing_west"
													]
												}
											},
											{
												"condition": "query.block_property('decor:face') == 3",
												"run_command": {
													"command": [
														"summon mc:tiny_chair_entity ~ ~ ~ facing_east"
													]
												}
											}
										]
									},
									"player:sit": {
										"sequence": [
											{
												"run_command": {
													"command": [
														"tag @s add player_chair_interact"
													],
													"target": "other"
												}
											},
											{
												"run_command": {
													"command": [
														"event entity @e[type=mc:tiny_chair_entity,r=0.01] player_interact"
													]
												}
											}
										]
									}
								},
								"key": "chair:set_sit",
								"children": [
									{
										"open": {
											"sequence": [
												{
													"condition": "query.block_property('decor:face') == 0",
													"run_command": {
														"command": [
															"summon mc:tiny_chair_entity"
														]
													}
												},
												{
													"condition": "query.block_property('decor:face') == 1",
													"run_command": {
														"command": [
															"summon mc:tiny_chair_entity ~ ~ ~ facing_south"
														]
													}
												},
												{
													"condition": "query.block_property('decor:face') == 2",
													"run_command": {
														"command": [
															"summon mc:tiny_chair_entity ~ ~ ~ facing_west"
														]
													}
												},
												{
													"condition": "query.block_property('decor:face') == 3",
													"run_command": {
														"command": [
															"summon mc:tiny_chair_entity ~ ~ ~ facing_east"
														]
													}
												}
											]
										},
										"key": "sequence",
										"children": [
											{
												"open": [
													{
														"condition": "query.block_property('decor:face') == 0",
														"run_command": {
															"command": [
																"summon mc:tiny_chair_entity"
															]
														}
													},
													{
														"condition": "query.block_property('decor:face') == 1",
														"run_command": {
															"command": [
																"summon mc:tiny_chair_entity ~ ~ ~ facing_south"
															]
														}
													},
													{
														"condition": "query.block_property('decor:face') == 2",
														"run_command": {
															"command": [
																"summon mc:tiny_chair_entity ~ ~ ~ facing_west"
															]
														}
													},
													{
														"condition": "query.block_property('decor:face') == 3",
														"run_command": {
															"command": [
																"summon mc:tiny_chair_entity ~ ~ ~ facing_east"
															]
														}
													}
												],
												"children": [
													{
														"data": "query.block_property('decor:face') == 0",
														"key": "condition"
													},
													{
														"open": {
															"condition": "query.block_property('decor:face') == 0",
															"run_command": {
																"command": [
																	"summon mc:tiny_chair_entity"
																]
															}
														},
														"key": "run_command",
														"children": [
															{
																"open": {
																	"command": [
																		"summon mc:tiny_chair_entity"
																	]
																},
																"key": "command",
																"is_minified": true,
																"children": [
																	"summon mc:tiny_chair_entity"
																]
															}
														]
													}
												]
											},
											{
												"open": [
													{
														"condition": "query.block_property('decor:face') == 0",
														"run_command": {
															"command": [
																"summon mc:tiny_chair_entity"
															]
														}
													},
													{
														"condition": "query.block_property('decor:face') == 1",
														"run_command": {
															"command": [
																"summon mc:tiny_chair_entity ~ ~ ~ facing_south"
															]
														}
													},
													{
														"condition": "query.block_property('decor:face') == 2",
														"run_command": {
															"command": [
																"summon mc:tiny_chair_entity ~ ~ ~ facing_west"
															]
														}
													},
													{
														"condition": "query.block_property('decor:face') == 3",
														"run_command": {
															"command": [
																"summon mc:tiny_chair_entity ~ ~ ~ facing_east"
															]
														}
													}
												],
												"children": [
													{
														"data": "query.block_property('decor:face') == 1",
														"key": "condition"
													},
													{
														"open": {
															"condition": "query.block_property('decor:face') == 1",
															"run_command": {
																"command": [
																	"summon mc:tiny_chair_entity ~ ~ ~ facing_south"
																]
															}
														},
														"key": "run_command",
														"children": [
															{
																"open": {
																	"command": [
																		"summon mc:tiny_chair_entity ~ ~ ~ facing_south"
																	]
																},
																"key": "command",
																"is_minified": true,
																"children": [
																	"summon mc:tiny_chair_entity ~ ~ ~ facing_south"
																]
															}
														]
													}
												]
											},
											{
												"open": [
													{
														"condition": "query.block_property('decor:face') == 0",
														"run_command": {
															"command": [
																"summon mc:tiny_chair_entity"
															]
														}
													},
													{
														"condition": "query.block_property('decor:face') == 1",
														"run_command": {
															"command": [
																"summon mc:tiny_chair_entity ~ ~ ~ facing_south"
															]
														}
													},
													{
														"condition": "query.block_property('decor:face') == 2",
														"run_command": {
															"command": [
																"summon mc:tiny_chair_entity ~ ~ ~ facing_west"
															]
														}
													},
													{
														"condition": "query.block_property('decor:face') == 3",
														"run_command": {
															"command": [
																"summon mc:tiny_chair_entity ~ ~ ~ facing_east"
															]
														}
													}
												],
												"children": [
													{
														"data": "query.block_property('decor:face') == 2",
														"key": "condition"
													},
													{
														"open": {
															"condition": "query.block_property('decor:face') == 2",
															"run_command": {
																"command": [
																	"summon mc:tiny_chair_entity ~ ~ ~ facing_west"
																]
															}
														},
														"key": "run_command",
														"children": [
															{
																"open": {
																	"command": [
																		"summon mc:tiny_chair_entity ~ ~ ~ facing_west"
																	]
																},
																"key": "command",
																"is_minified": true,
																"children": [
																	"summon mc:tiny_chair_entity ~ ~ ~ facing_west"
																]
															}
														]
													}
												]
											},
											{
												"open": [
													{
														"condition": "query.block_property('decor:face') == 0",
														"run_command": {
															"command": [
																"summon mc:tiny_chair_entity"
															]
														}
													},
													{
														"condition": "query.block_property('decor:face') == 1",
														"run_command": {
															"command": [
																"summon mc:tiny_chair_entity ~ ~ ~ facing_south"
															]
														}
													},
													{
														"condition": "query.block_property('decor:face') == 2",
														"run_command": {
															"command": [
																"summon mc:tiny_chair_entity ~ ~ ~ facing_west"
															]
														}
													},
													{
														"condition": "query.block_property('decor:face') == 3",
														"run_command": {
															"command": [
																"summon mc:tiny_chair_entity ~ ~ ~ facing_east"
															]
														}
													}
												],
												"children": [
													{
														"data": "query.block_property('decor:face') == 3",
														"key": "condition"
													},
													{
														"open": {
															"condition": "query.block_property('decor:face') == 3",
															"run_command": {
																"command": [
																	"summon mc:tiny_chair_entity ~ ~ ~ facing_east"
																]
															}
														},
														"key": "run_command",
														"children": [
															{
																"open": {
																	"command": [
																		"summon mc:tiny_chair_entity ~ ~ ~ facing_east"
																	]
																},
																"key": "command",
																"is_minified": true,
																"children": [
																	"summon mc:tiny_chair_entity ~ ~ ~ facing_east"
																]
															}
														]
													}
												]
											}
										]
									}
								]
							},
							{
								"open": {
									"decor:face": {
										"set_block_property": {
											"decor:face": "query.cardinal_facing_2d-2"
										}
									},
									"chair:set_sit": {
										"sequence": [
											{
												"condition": "query.block_property('decor:face') == 0",
												"run_command": {
													"command": [
														"summon mc:tiny_chair_entity"
													]
												}
											},
											{
												"condition": "query.block_property('decor:face') == 1",
												"run_command": {
													"command": [
														"summon mc:tiny_chair_entity ~ ~ ~ facing_south"
													]
												}
											},
											{
												"condition": "query.block_property('decor:face') == 2",
												"run_command": {
													"command": [
														"summon mc:tiny_chair_entity ~ ~ ~ facing_west"
													]
												}
											},
											{
												"condition": "query.block_property('decor:face') == 3",
												"run_command": {
													"command": [
														"summon mc:tiny_chair_entity ~ ~ ~ facing_east"
													]
												}
											}
										]
									},
									"player:sit": {
										"sequence": [
											{
												"run_command": {
													"command": [
														"tag @s add player_chair_interact"
													],
													"target": "other"
												}
											},
											{
												"run_command": {
													"command": [
														"event entity @e[type=mc:tiny_chair_entity,r=0.01] player_interact"
													]
												}
											}
										]
									}
								},
								"key": "player:sit",
								"children": [
									{
										"open": {
											"sequence": [
												{
													"run_command": {
														"command": [
															"tag @s add player_chair_interact"
														],
														"target": "other"
													}
												},
												{
													"run_command": {
														"command": [
															"event entity @e[type=mc:tiny_chair_entity,r=0.01] player_interact"
														]
													}
												}
											]
										},
										"key": "sequence",
										"children": [
											{
												"open": [
													{
														"run_command": {
															"command": [
																"tag @s add player_chair_interact"
															],
															"target": "other"
														}
													},
													{
														"run_command": {
															"command": [
																"event entity @e[type=mc:tiny_chair_entity,r=0.01] player_interact"
															]
														}
													}
												],
												"children": [
													{
														"open": {
															"run_command": {
																"command": [
																	"tag @s add player_chair_interact"
																],
																"target": "other"
															}
														},
														"key": "run_command",
														"children": [
															{
																"open": {
																	"command": [
																		"tag @s add player_chair_interact"
																	],
																	"target": "other"
																},
																"key": "command",
																"is_minified": true,
																"children": [
																	"tag @s add player_chair_interact"
																]
															},
															{
																"data": "other",
																"key": "target"
															}
														]
													}
												]
											},
											{
												"open": [
													{
														"run_command": {
															"command": [
																"tag @s add player_chair_interact"
															],
															"target": "other"
														}
													},
													{
														"run_command": {
															"command": [
																"event entity @e[type=mc:tiny_chair_entity,r=0.01] player_interact"
															]
														}
													}
												],
												"children": [
													{
														"open": {
															"run_command": {
																"command": [
																	"event entity @e[type=mc:tiny_chair_entity,r=0.01] player_interact"
																]
															}
														},
														"key": "run_command",
														"children": [
															{
																"open": {
																	"command": [
																		"event entity @e[type=mc:tiny_chair_entity,r=0.01] player_interact"
																	]
																},
																"key": "command",
																"is_minified": true,
																"children": [
																	"event entity @e[type=mc:tiny_chair_entity,r=0.01] player_interact"
																]
															}
														]
													}
												]
											}
										]
									}
								]
							}
						]
					}
				]
			}
		]
	}
}