{
	"file_path": "C:\\Users\\chupi\\AppData\\Local\\Packages\\Microsoft.MinecraftUWP_8wekyb3d8bbwe\\LocalState\\games\\com.mojang\\development_resource_packs\\ModernDeco\\entity\\fishbowl_entity.json",
	"file_type": "client_entity",
	"format_version": 1,
	"file_uuid": "0b5f98b7_0588_4a59_af31_6ca6162580af",
	"file_version": 21,
	"cache_content": {
		"children": [
			{
				"data": "1.8.0",
				"key": "format_version"
			},
			{
				"open": {
					"format_version": "1.8.0",
					"minecraft:client_entity": {
						"description": {
							"identifier": "mc:fishbowl_entity",
							"materials": {
								"default": "zombie"
							},
							"textures": {
								"default": "textures/entity/block/fishbowl"
							},
							"geometry": {
								"default": "geometry.fishbowl_entity"
							},
							"spawn_egg": {
								"texture": "furniture_trader",
								"texture_index": 0
							},
							"render_controllers": [
								"controller.render.zombie"
							],
							"animations": {
								"swim": "animation.fishbowl_entity.swim",
								"look_at_target_default": "animation.humanoid.look_at_target.default"
							},
							"animation_controllers": [
								{
									"swim": "controller.animation.fishbowl_entity.move"
								},
								{
									"look_at_target": "controller.animation.humanoid.look_at_target"
								}
							],
							"scripts": {
								"scale": 0.2
							}
						}
					}
				},
				"key": "minecraft:client_entity",
				"children": [
					{
						"open": {
							"description": {
								"identifier": "mc:fishbowl_entity",
								"materials": {
									"default": "zombie"
								},
								"textures": {
									"default": "textures/entity/block/fishbowl"
								},
								"geometry": {
									"default": "geometry.fishbowl_entity"
								},
								"spawn_egg": {
									"texture": "furniture_trader",
									"texture_index": 0
								},
								"render_controllers": [
									"controller.render.zombie"
								],
								"animations": {
									"swim": "animation.fishbowl_entity.swim",
									"look_at_target_default": "animation.humanoid.look_at_target.default"
								},
								"animation_controllers": [
									{
										"swim": "controller.animation.fishbowl_entity.move"
									},
									{
										"look_at_target": "controller.animation.humanoid.look_at_target"
									}
								],
								"scripts": {
									"scale": 0.2
								}
							}
						},
						"key": "description",
						"children": [
							{
								"data": "mc:fishbowl_entity",
								"key": "identifier"
							},
							{
								"open": {
									"identifier": "mc:fishbowl_entity",
									"materials": {
										"default": "zombie"
									},
									"textures": {
										"default": "textures/entity/block/fishbowl"
									},
									"geometry": {
										"default": "geometry.fishbowl_entity"
									},
									"spawn_egg": {
										"texture": "furniture_trader",
										"texture_index": 0
									},
									"render_controllers": [
										"controller.render.zombie"
									],
									"animations": {
										"swim": "animation.fishbowl_entity.swim",
										"look_at_target_default": "animation.humanoid.look_at_target.default"
									},
									"animation_controllers": [
										{
											"swim": "controller.animation.fishbowl_entity.move"
										},
										{
											"look_at_target": "controller.animation.humanoid.look_at_target"
										}
									],
									"scripts": {
										"scale": 0.2
									}
								},
								"key": "materials",
								"is_minified": true,
								"children": {
									"default": "zombie"
								}
							},
							{
								"open": {
									"identifier": "mc:fishbowl_entity",
									"materials": {
										"default": "zombie"
									},
									"textures": {
										"default": "textures/entity/block/fishbowl"
									},
									"geometry": {
										"default": "geometry.fishbowl_entity"
									},
									"spawn_egg": {
										"texture": "furniture_trader",
										"texture_index": 0
									},
									"render_controllers": [
										"controller.render.zombie"
									],
									"animations": {
										"swim": "animation.fishbowl_entity.swim",
										"look_at_target_default": "animation.humanoid.look_at_target.default"
									},
									"animation_controllers": [
										{
											"swim": "controller.animation.fishbowl_entity.move"
										},
										{
											"look_at_target": "controller.animation.humanoid.look_at_target"
										}
									],
									"scripts": {
										"scale": 0.2
									}
								},
								"key": "textures",
								"is_minified": true,
								"children": {
									"default": "textures/entity/block/fishbowl"
								}
							},
							{
								"open": {
									"identifier": "mc:fishbowl_entity",
									"materials": {
										"default": "zombie"
									},
									"textures": {
										"default": "textures/entity/block/fishbowl"
									},
									"geometry": {
										"default": "geometry.fishbowl_entity"
									},
									"spawn_egg": {
										"texture": "furniture_trader",
										"texture_index": 0
									},
									"render_controllers": [
										"controller.render.zombie"
									],
									"animations": {
										"swim": "animation.fishbowl_entity.swim",
										"look_at_target_default": "animation.humanoid.look_at_target.default"
									},
									"animation_controllers": [
										{
											"swim": "controller.animation.fishbowl_entity.move"
										},
										{
											"look_at_target": "controller.animation.humanoid.look_at_target"
										}
									],
									"scripts": {
										"scale": 0.2
									}
								},
								"key": "geometry",
								"is_minified": true,
								"children": {
									"default": "geometry.fishbowl_entity"
								}
							},
							{
								"open": {
									"identifier": "mc:fishbowl_entity",
									"materials": {
										"default": "zombie"
									},
									"textures": {
										"default": "textures/entity/block/fishbowl"
									},
									"geometry": {
										"default": "geometry.fishbowl_entity"
									},
									"spawn_egg": {
										"texture": "furniture_trader",
										"texture_index": 0
									},
									"render_controllers": [
										"controller.render.zombie"
									],
									"animations": {
										"swim": "animation.fishbowl_entity.swim",
										"look_at_target_default": "animation.humanoid.look_at_target.default"
									},
									"animation_controllers": [
										{
											"swim": "controller.animation.fishbowl_entity.move"
										},
										{
											"look_at_target": "controller.animation.humanoid.look_at_target"
										}
									],
									"scripts": {
										"scale": 0.2
									}
								},
								"key": "spawn_egg",
								"is_minified": true,
								"children": {
									"texture": "furniture_trader",
									"texture_index": 0
								}
							},
							{
								"open": {
									"identifier": "mc:fishbowl_entity",
									"materials": {
										"default": "zombie"
									},
									"textures": {
										"default": "textures/entity/block/fishbowl"
									},
									"geometry": {
										"default": "geometry.fishbowl_entity"
									},
									"spawn_egg": {
										"texture": "furniture_trader",
										"texture_index": 0
									},
									"render_controllers": [
										"controller.render.zombie"
									],
									"animations": {
										"swim": "animation.fishbowl_entity.swim",
										"look_at_target_default": "animation.humanoid.look_at_target.default"
									},
									"animation_controllers": [
										{
											"swim": "controller.animation.fishbowl_entity.move"
										},
										{
											"look_at_target": "controller.animation.humanoid.look_at_target"
										}
									],
									"scripts": {
										"scale": 0.2
									}
								},
								"key": "render_controllers",
								"is_minified": true,
								"children": [
									"controller.render.zombie"
								]
							},
							{
								"open": {
									"identifier": "mc:fishbowl_entity",
									"materials": {
										"default": "zombie"
									},
									"textures": {
										"default": "textures/entity/block/fishbowl"
									},
									"geometry": {
										"default": "geometry.fishbowl_entity"
									},
									"spawn_egg": {
										"texture": "furniture_trader",
										"texture_index": 0
									},
									"render_controllers": [
										"controller.render.zombie"
									],
									"animations": {
										"swim": "animation.fishbowl_entity.swim",
										"look_at_target_default": "animation.humanoid.look_at_target.default"
									},
									"animation_controllers": [
										{
											"swim": "controller.animation.fishbowl_entity.move"
										},
										{
											"look_at_target": "controller.animation.humanoid.look_at_target"
										}
									],
									"scripts": {
										"scale": 0.2
									}
								},
								"key": "animations",
								"is_minified": true,
								"children": {
									"swim": "animation.fishbowl_entity.swim",
									"look_at_target_default": "animation.humanoid.look_at_target.default"
								}
							},
							{
								"open": {
									"identifier": "mc:fishbowl_entity",
									"materials": {
										"default": "zombie"
									},
									"textures": {
										"default": "textures/entity/block/fishbowl"
									},
									"geometry": {
										"default": "geometry.fishbowl_entity"
									},
									"spawn_egg": {
										"texture": "furniture_trader",
										"texture_index": 0
									},
									"render_controllers": [
										"controller.render.zombie"
									],
									"animations": {
										"swim": "animation.fishbowl_entity.swim",
										"look_at_target_default": "animation.humanoid.look_at_target.default"
									},
									"animation_controllers": [
										{
											"swim": "controller.animation.fishbowl_entity.move"
										},
										{
											"look_at_target": "controller.animation.humanoid.look_at_target"
										}
									],
									"scripts": {
										"scale": 0.2
									}
								},
								"key": "animation_controllers",
								"children": [
									{
										"open": [
											{
												"swim": "controller.animation.fishbowl_entity.move"
											},
											{
												"look_at_target": "controller.animation.humanoid.look_at_target"
											}
										],
										"is_minified": true,
										"children": {
											"swim": "controller.animation.fishbowl_entity.move"
										}
									},
									{
										"open": [
											{
												"swim": "controller.animation.fishbowl_entity.move"
											},
											{
												"look_at_target": "controller.animation.humanoid.look_at_target"
											}
										],
										"is_minified": true,
										"children": {
											"look_at_target": "controller.animation.humanoid.look_at_target"
										}
									}
								]
							},
							{
								"open": {
									"identifier": "mc:fishbowl_entity",
									"materials": {
										"default": "zombie"
									},
									"textures": {
										"default": "textures/entity/block/fishbowl"
									},
									"geometry": {
										"default": "geometry.fishbowl_entity"
									},
									"spawn_egg": {
										"texture": "furniture_trader",
										"texture_index": 0
									},
									"render_controllers": [
										"controller.render.zombie"
									],
									"animations": {
										"swim": "animation.fishbowl_entity.swim",
										"look_at_target_default": "animation.humanoid.look_at_target.default"
									},
									"animation_controllers": [
										{
											"swim": "controller.animation.fishbowl_entity.move"
										},
										{
											"look_at_target": "controller.animation.humanoid.look_at_target"
										}
									],
									"scripts": {
										"scale": 0.2
									}
								},
								"key": "scripts",
								"is_minified": true,
								"children": {
									"scale": 0.2
								}
							}
						]
					}
				]
			}
		]
	}
}