{
	"file_path": "C:\\Users\\chupi\\AppData\\Local\\Packages\\Microsoft.MinecraftUWP_8wekyb3d8bbwe\\LocalState\\games\\com.mojang\\development_resource_packs\\ModernDeco\\entity\\flying_lantern.json",
	"file_type": "client_entity",
	"format_version": 1,
	"file_uuid": "8115331e_4bc3_467d_8154_8e1ac4ff1695",
	"file_version": 15,
	"cache_content": {
		"children": [
			{
				"data": "1.8.0",
				"key": "format_version"
			},
			{
				"open": {
					"format_version": "1.8.0",
					"minecraft:client_entity": {
						"description": {
							"identifier": "mc:skylantern",
							"materials": {
								"default": "entity_emissive_alpha"
							},
							"textures": {
								"default": "textures/entity/skylantern"
							},
							"geometry": {
								"default": "geometry.skylantern"
							},
							"render_controllers": [
								"controller.render.pool_float_2"
							],
							"spawn_egg": {
								"texture": "skylantern",
								"texture_index": 2
							}
						}
					}
				},
				"key": "minecraft:client_entity",
				"children": [
					{
						"open": {
							"description": {
								"identifier": "mc:skylantern",
								"materials": {
									"default": "entity_emissive_alpha"
								},
								"textures": {
									"default": "textures/entity/skylantern"
								},
								"geometry": {
									"default": "geometry.skylantern"
								},
								"render_controllers": [
									"controller.render.pool_float_2"
								],
								"spawn_egg": {
									"texture": "skylantern",
									"texture_index": 2
								}
							}
						},
						"key": "description",
						"children": [
							{
								"open": {
									"identifier": "mc:skylantern",
									"materials": {
										"default": "entity_emissive_alpha"
									},
									"textures": {
										"default": "textures/entity/skylantern"
									},
									"geometry": {
										"default": "geometry.skylantern"
									},
									"render_controllers": [
										"controller.render.pool_float_2"
									],
									"spawn_egg": {
										"texture": "skylantern",
										"texture_index": 2
									}
								},
								"data": "mc:skylantern",
								"key": "identifier"
							},
							{
								"open": {
									"identifier": "mc:skylantern",
									"materials": {
										"default": "entity_emissive_alpha"
									},
									"textures": {
										"default": "textures/entity/skylantern"
									},
									"geometry": {
										"default": "geometry.skylantern"
									},
									"render_controllers": [
										"controller.render.pool_float_2"
									],
									"spawn_egg": {
										"texture": "skylantern",
										"texture_index": 2
									}
								},
								"key": "materials",
								"is_minified": true,
								"children": {
									"default": "entity_emissive_alpha"
								}
							},
							{
								"open": {
									"identifier": "mc:skylantern",
									"materials": {
										"default": "entity_emissive_alpha"
									},
									"textures": {
										"default": "textures/entity/skylantern"
									},
									"geometry": {
										"default": "geometry.skylantern"
									},
									"render_controllers": [
										"controller.render.pool_float_2"
									],
									"spawn_egg": {
										"texture": "skylantern",
										"texture_index": 2
									}
								},
								"key": "textures",
								"is_minified": true,
								"children": {
									"default": "textures/entity/skylantern"
								}
							},
							{
								"open": {
									"identifier": "mc:skylantern",
									"materials": {
										"default": "entity_emissive_alpha"
									},
									"textures": {
										"default": "textures/entity/skylantern"
									},
									"geometry": {
										"default": "geometry.skylantern"
									},
									"render_controllers": [
										"controller.render.pool_float_2"
									],
									"spawn_egg": {
										"texture": "skylantern",
										"texture_index": 2
									}
								},
								"key": "geometry",
								"is_minified": true,
								"children": {
									"default": "geometry.skylantern"
								}
							},
							{
								"key": "render_controllers",
								"is_minified": true,
								"children": [
									"controller.render.pool_float_2"
								]
							},
							{
								"open": {
									"identifier": "mc:skylantern",
									"materials": {
										"default": "entity_emissive_alpha"
									},
									"textures": {
										"default": "textures/entity/skylantern"
									},
									"geometry": {
										"default": "geometry.skylantern"
									},
									"render_controllers": [
										"controller.render.pool_float_2"
									],
									"spawn_egg": {
										"texture": "skylantern",
										"texture_index": 2
									}
								},
								"key": "spawn_egg",
								"is_minified": true,
								"children": {
									"texture": "skylantern",
									"texture_index": 2
								}
							}
						]
					}
				]
			}
		]
	}
}