{
	"file_path": "C:\\Users\\chupi\\AppData\\Local\\Packages\\Microsoft.MinecraftUWP_8wekyb3d8bbwe\\LocalState\\games\\com.mojang\\development_behavior_packs\\ModernDecoration\\blocks\\bedroom\\desk_3.json",
	"file_type": "block",
	"format_version": 1,
	"file_uuid": "96242334_f0c8_41f7_be2b_6b4a17951615",
	"file_version": 32,
	"cache_content": {
		"children": [
			{
				"data": "1.16.0",
				"key": "format_version"
			},
			{
				"open": {
					"format_version": "1.16.0",
					"minecraft:block": {
						"description": {
							"identifier": "mc:desk_3",
							"is_experimental": true,
							"properties": {
								"decor:face": [
									0,
									1,
									2,
									3
								]
							}
						},
						"permutations": [
							{
								"condition": "query.block_property('decor:face') == 0",
								"components": {
									"minecraft:rotation": [
										0,
										180,
										0
									]
								}
							},
							{
								"condition": "query.block_property('decor:face') == 1",
								"components": {
									"minecraft:rotation": [
										0,
										0,
										0
									]
								}
							},
							{
								"condition": "query.block_property('decor:face') == 2",
								"components": {
									"minecraft:rotation": [
										0,
										270,
										0
									]
								}
							},
							{
								"condition": "query.block_property('decor:face') == 3",
								"components": {
									"minecraft:rotation": [
										0,
										90,
										0
									]
								}
							}
						],
						"components": {
							"minecraft:geometry": "geometry.desk_0",
							"minecraft:material_instances": {
								"*": {
									"texture": "mc_desk_3",
									"ambient_occlusion": true
								}
							},
							"minecraft:destroy_time": 0.4,
							"minecraft:explosion_resistance": 1,
							"minecraft:block_light_emission": 0,
							"minecraft:block_light_absorption": 0,
							"minecraft:on_player_placing": {
								"event": "decor:face"
							},
							"minecraft:ticking": {
								"range": [
									0,
									0
								],
								"looping": false,
								"on_tick": {
									"event": "mc:set_table_col"
								}
							},
							"minecraft:creative_category": {
								"category": "construction"
							}
						},
						"events": {
							"decor:face": {
								"set_block_property": {
									"decor:face": "query.cardinal_facing_2d-2"
								}
							},
							"mc:set_table_col": {
								"sequence": [
									{
										"condition": "query.block_property('decor:face') == 0",
										"run_command": {
											"command": [
												"setblock ~1~~ mc:table_collision"
											]
										}
									},
									{
										"condition": "query.block_property('decor:face') == 1",
										"run_command": {
											"command": [
												"setblock ~-1~~ mc:table_collision"
											]
										}
									},
									{
										"condition": "query.block_property('decor:face') == 2",
										"run_command": {
											"command": [
												"setblock ~~~-1 mc:table_collision"
											]
										}
									},
									{
										"condition": "query.block_property('decor:face') == 3",
										"run_command": {
											"command": [
												"setblock ~~~1 mc:table_collision"
											]
										}
									}
								]
							}
						}
					}
				},
				"key": "minecraft:block",
				"children": [
					{
						"key": "description",
						"is_minified": true,
						"children": {
							"identifier": "mc:desk_3",
							"is_experimental": true,
							"properties": {
								"decor:face": [
									0,
									1,
									2,
									3
								]
							}
						}
					},
					{
						"key": "permutations",
						"is_minified": true,
						"children": [
							{
								"condition": "query.block_property('decor:face') == 0",
								"components": {
									"minecraft:rotation": [
										0,
										180,
										0
									]
								}
							},
							{
								"condition": "query.block_property('decor:face') == 1",
								"components": {
									"minecraft:rotation": [
										0,
										0,
										0
									]
								}
							},
							{
								"condition": "query.block_property('decor:face') == 2",
								"components": {
									"minecraft:rotation": [
										0,
										270,
										0
									]
								}
							},
							{
								"condition": "query.block_property('decor:face') == 3",
								"components": {
									"minecraft:rotation": [
										0,
										90,
										0
									]
								}
							}
						]
					},
					{
						"open": {
							"description": {
								"identifier": "mc:desk_3",
								"is_experimental": true,
								"properties": {
									"decor:face": [
										0,
										1,
										2,
										3
									]
								}
							},
							"permutations": [
								{
									"condition": "query.block_property('decor:face') == 0",
									"components": {
										"minecraft:rotation": [
											0,
											180,
											0
										]
									}
								},
								{
									"condition": "query.block_property('decor:face') == 1",
									"components": {
										"minecraft:rotation": [
											0,
											0,
											0
										]
									}
								},
								{
									"condition": "query.block_property('decor:face') == 2",
									"components": {
										"minecraft:rotation": [
											0,
											270,
											0
										]
									}
								},
								{
									"condition": "query.block_property('decor:face') == 3",
									"components": {
										"minecraft:rotation": [
											0,
											90,
											0
										]
									}
								}
							],
							"components": {
								"minecraft:geometry": "geometry.desk_0",
								"minecraft:material_instances": {
									"*": {
										"texture": "mc_desk_3",
										"ambient_occlusion": true
									}
								},
								"minecraft:destroy_time": 0.4,
								"minecraft:explosion_resistance": 1,
								"minecraft:block_light_emission": 0,
								"minecraft:block_light_absorption": 0,
								"minecraft:on_player_placing": {
									"event": "decor:face"
								},
								"minecraft:ticking": {
									"range": [
										0,
										0
									],
									"looping": false,
									"on_tick": {
										"event": "mc:set_table_col"
									}
								},
								"minecraft:creative_category": {
									"category": "construction"
								}
							},
							"events": {
								"decor:face": {
									"set_block_property": {
										"decor:face": "query.cardinal_facing_2d-2"
									}
								},
								"mc:set_table_col": {
									"sequence": [
										{
											"condition": "query.block_property('decor:face') == 0",
											"run_command": {
												"command": [
													"setblock ~1~~ mc:table_collision"
												]
											}
										},
										{
											"condition": "query.block_property('decor:face') == 1",
											"run_command": {
												"command": [
													"setblock ~-1~~ mc:table_collision"
												]
											}
										},
										{
											"condition": "query.block_property('decor:face') == 2",
											"run_command": {
												"command": [
													"setblock ~~~-1 mc:table_collision"
												]
											}
										},
										{
											"condition": "query.block_property('decor:face') == 3",
											"run_command": {
												"command": [
													"setblock ~~~1 mc:table_collision"
												]
											}
										}
									]
								}
							}
						},
						"key": "components",
						"is_minified": true,
						"children": {
							"minecraft:geometry": "geometry.desk_0",
							"minecraft:material_instances": {
								"*": {
									"texture": "mc_desk_3",
									"ambient_occlusion": true
								}
							},
							"minecraft:destroy_time": 0.4,
							"minecraft:explosion_resistance": 1,
							"minecraft:block_light_emission": 0,
							"minecraft:block_light_absorption": 0,
							"minecraft:on_player_placing": {
								"event": "decor:face"
							},
							"minecraft:ticking": {
								"range": [
									0,
									0
								],
								"looping": false,
								"on_tick": {
									"event": "mc:set_table_col"
								}
							},
							"minecraft:creative_category": {
								"category": "construction"
							}
						}
					},
					{
						"key": "events",
						"is_minified": true,
						"children": {
							"decor:face": {
								"set_block_property": {
									"decor:face": "query.cardinal_facing_2d-2"
								}
							},
							"mc:set_table_col": {
								"sequence": [
									{
										"condition": "query.block_property('decor:face') == 0",
										"run_command": {
											"command": [
												"setblock ~1~~ mc:table_collision"
											]
										}
									},
									{
										"condition": "query.block_property('decor:face') == 1",
										"run_command": {
											"command": [
												"setblock ~-1~~ mc:table_collision"
											]
										}
									},
									{
										"condition": "query.block_property('decor:face') == 2",
										"run_command": {
											"command": [
												"setblock ~~~-1 mc:table_collision"
											]
										}
									},
									{
										"condition": "query.block_property('decor:face') == 3",
										"run_command": {
											"command": [
												"setblock ~~~1 mc:table_collision"
											]
										}
									}
								]
							}
						}
					}
				]
			}
		]
	}
}