{
	"file_path": "C:\\Users\\chupi\\AppData\\Local\\Packages\\Microsoft.MinecraftUWP_8wekyb3d8bbwe\\LocalState\\games\\com.mojang\\development_behavior_packs\\ModernDecoration\\blocks\\bedroom\\empty_sword_stand.json",
	"file_type": "block",
	"format_version": 1,
	"file_uuid": "969f03f1_f802_4dc6_9b1d_15ed89545683",
	"file_version": 166,
	"cache_content": {
		"children": [
			{
				"open": {
					"minecraft:block": {
						"components": {
							"minecraft:geometry": "geometry.empty_sword_stand",
							"minecraft:material_instances": {
								"*": {
									"texture": "mc_empty_sword_stand",
									"render_method": "alpha_test",
									"ambient_occlusion": true
								}
							},
							"minecraft:destroy_time": 0.2,
							"minecraft:explosion_resistance": 1,
							"minecraft:block_light_emission": 0,
							"minecraft:block_light_absorption": 0,
							"minecraft:on_player_placing": {
								"event": "decor:face"
							},
							"minecraft:on_interact": {
								"event": "sword:set_sword"
							},
							"minecraft:pick_collision": {
								"origin": [
									-6,
									2,
									2
								],
								"size": [
									12,
									12,
									6
								]
							},
							"minecraft:entity_collision": {
								"origin": [
									-6,
									2,
									2
								],
								"size": [
									12,
									12,
									6
								]
							},
							"minecraft:creative_category": {
								"category": "construction"
							}
						},
						"description": {
							"identifier": "mc:empty_sword_stand",
							"is_experimental": true,
							"properties": {
								"decor:face": [
									0,
									1,
									2,
									3
								],
								"sword:type": [
									0,
									1,
									2,
									3,
									4,
									5,
									6
								]
							}
						},
						"permutations": [
							{
								"condition": "query.block_property('decor:face') == 0",
								"components": {
									"minecraft:rotation": [
										0,
										180,
										0
									]
								}
							},
							{
								"condition": "query.block_property('decor:face') == 1",
								"components": {
									"minecraft:rotation": [
										0,
										0,
										0
									]
								}
							},
							{
								"condition": "query.block_property('decor:face') == 2",
								"components": {
									"minecraft:rotation": [
										0,
										270,
										0
									]
								}
							},
							{
								"condition": "query.block_property('decor:face') == 3",
								"components": {
									"minecraft:rotation": [
										0,
										90,
										0
									]
								}
							},
							{
								"condition": "query.block_property('sword:type') == 1",
								"components": {
									"minecraft:material_instances": {
										"*": {
											"texture": "sword_stand_0",
											"render_method": "alpha_test"
										}
									}
								}
							},
							{
								"condition": "query.block_property('sword:type') == 2",
								"components": {
									"minecraft:material_instances": {
										"*": {
											"texture": "sword_stand_1",
											"render_method": "alpha_test"
										}
									}
								}
							},
							{
								"condition": "query.block_property('sword:type') == 3",
								"components": {
									"minecraft:material_instances": {
										"*": {
											"texture": "sword_stand_2",
											"render_method": "alpha_test"
										}
									}
								}
							},
							{
								"condition": "query.block_property('sword:type') == 4",
								"components": {
									"minecraft:material_instances": {
										"*": {
											"texture": "sword_stand_3",
											"render_method": "alpha_test"
										}
									}
								}
							},
							{
								"condition": "query.block_property('sword:type') == 0",
								"components": {
									"minecraft:material_instances": {
										"*": {
											"texture": "mc_empty_sword_stand",
											"render_method": "alpha_test"
										}
									}
								}
							},
							{
								"condition": "query.block_property('sword:type') == 5",
								"components": {
									"minecraft:material_instances": {
										"*": {
											"texture": "sword_stand_4",
											"render_method": "alpha_test"
										}
									}
								}
							},
							{
								"condition": "query.block_property('sword:type') == 6",
								"components": {
									"minecraft:material_instances": {
										"*": {
											"texture": "sword_stand_5",
											"render_method": "alpha_test"
										}
									}
								}
							}
						],
						"events": {
							"decor:face": {
								"set_block_property": {
									"decor:face": "query.cardinal_facing_2d-2"
								}
							},
							"sword:set_sword": {
								"set_block_property": {
									"sword:type": "query.get_equipped_item_name=='wooden_sword'?1:(query.get_equipped_item_name=='stone_sword'?2:(query.get_equipped_item_name=='iron_sword'?3:(query.get_equipped_item_name=='golden_sword'?4:(query.get_equipped_item_name=='diamond_sword'?5:(query.get_equipped_item_name=='netherite_sword'?6:0)))))"
								},
								"run_command": {
									"command": [
										"playsound armor.equip_generic @p ~~~ 1 1"
									]
								},
								"decrement_stack": {}
							}
						}
					},
					"format_version": "1.16.0"
				},
				"key": "minecraft:block",
				"children": [
					{
						"open": {
							"components": {
								"minecraft:geometry": "geometry.empty_sword_stand",
								"minecraft:material_instances": {
									"*": {
										"texture": "mc_empty_sword_stand",
										"render_method": "alpha_test",
										"ambient_occlusion": true
									}
								},
								"minecraft:destroy_time": 0.2,
								"minecraft:explosion_resistance": 1,
								"minecraft:block_light_emission": 0,
								"minecraft:block_light_absorption": 0,
								"minecraft:on_player_placing": {
									"event": "decor:face"
								},
								"minecraft:on_interact": {
									"event": "sword:set_sword"
								},
								"minecraft:pick_collision": {
									"origin": [
										-6,
										2,
										2
									],
									"size": [
										12,
										12,
										6
									]
								},
								"minecraft:entity_collision": {
									"origin": [
										-6,
										2,
										2
									],
									"size": [
										12,
										12,
										6
									]
								},
								"minecraft:creative_category": {
									"category": "construction"
								}
							},
							"description": {
								"identifier": "mc:empty_sword_stand",
								"is_experimental": true,
								"properties": {
									"decor:face": [
										0,
										1,
										2,
										3
									],
									"sword:type": [
										0,
										1,
										2,
										3,
										4,
										5,
										6
									]
								}
							},
							"permutations": [
								{
									"condition": "query.block_property('decor:face') == 0",
									"components": {
										"minecraft:rotation": [
											0,
											180,
											0
										]
									}
								},
								{
									"condition": "query.block_property('decor:face') == 1",
									"components": {
										"minecraft:rotation": [
											0,
											0,
											0
										]
									}
								},
								{
									"condition": "query.block_property('decor:face') == 2",
									"components": {
										"minecraft:rotation": [
											0,
											270,
											0
										]
									}
								},
								{
									"condition": "query.block_property('decor:face') == 3",
									"components": {
										"minecraft:rotation": [
											0,
											90,
											0
										]
									}
								},
								{
									"condition": "query.block_property('sword:type') == 1",
									"components": {
										"minecraft:material_instances": {
											"*": {
												"texture": "sword_stand_0",
												"render_method": "alpha_test"
											}
										}
									}
								},
								{
									"condition": "query.block_property('sword:type') == 2",
									"components": {
										"minecraft:material_instances": {
											"*": {
												"texture": "sword_stand_1",
												"render_method": "alpha_test"
											}
										}
									}
								},
								{
									"condition": "query.block_property('sword:type') == 3",
									"components": {
										"minecraft:material_instances": {
											"*": {
												"texture": "sword_stand_2",
												"render_method": "alpha_test"
											}
										}
									}
								},
								{
									"condition": "query.block_property('sword:type') == 4",
									"components": {
										"minecraft:material_instances": {
											"*": {
												"texture": "sword_stand_3",
												"render_method": "alpha_test"
											}
										}
									}
								},
								{
									"condition": "query.block_property('sword:type') == 0",
									"components": {
										"minecraft:material_instances": {
											"*": {
												"texture": "mc_empty_sword_stand",
												"render_method": "alpha_test"
											}
										}
									}
								},
								{
									"condition": "query.block_property('sword:type') == 5",
									"components": {
										"minecraft:material_instances": {
											"*": {
												"texture": "sword_stand_4",
												"render_method": "alpha_test"
											}
										}
									}
								},
								{
									"condition": "query.block_property('sword:type') == 6",
									"components": {
										"minecraft:material_instances": {
											"*": {
												"texture": "sword_stand_5",
												"render_method": "alpha_test"
											}
										}
									}
								}
							],
							"events": {
								"decor:face": {
									"set_block_property": {
										"decor:face": "query.cardinal_facing_2d-2"
									}
								},
								"sword:set_sword": {
									"set_block_property": {
										"sword:type": "query.get_equipped_item_name=='wooden_sword'?1:(query.get_equipped_item_name=='stone_sword'?2:(query.get_equipped_item_name=='iron_sword'?3:(query.get_equipped_item_name=='golden_sword'?4:(query.get_equipped_item_name=='diamond_sword'?5:(query.get_equipped_item_name=='netherite_sword'?6:0)))))"
									},
									"run_command": {
										"command": [
											"playsound armor.equip_generic @p ~~~ 1 1"
										]
									},
									"decrement_stack": {}
								}
							}
						},
						"key": "components",
						"is_minified": true,
						"children": {
							"minecraft:geometry": "geometry.empty_sword_stand",
							"minecraft:material_instances": {
								"*": {
									"texture": "mc_empty_sword_stand",
									"render_method": "alpha_test",
									"ambient_occlusion": true
								}
							},
							"minecraft:destroy_time": 0.2,
							"minecraft:explosion_resistance": 1,
							"minecraft:block_light_emission": 0,
							"minecraft:block_light_absorption": 0,
							"minecraft:on_player_placing": {
								"event": "decor:face"
							},
							"minecraft:on_interact": {
								"event": "sword:set_sword"
							},
							"minecraft:pick_collision": {
								"origin": [
									-6,
									2,
									2
								],
								"size": [
									12,
									12,
									6
								]
							},
							"minecraft:entity_collision": {
								"origin": [
									-6,
									2,
									2
								],
								"size": [
									12,
									12,
									6
								]
							},
							"minecraft:creative_category": {
								"category": "construction"
							}
						}
					},
					{
						"key": "description",
						"is_minified": true,
						"children": {
							"identifier": "mc:empty_sword_stand",
							"is_experimental": true,
							"properties": {
								"decor:face": [
									0,
									1,
									2,
									3
								],
								"sword:type": [
									0,
									1,
									2,
									3,
									4,
									5,
									6
								]
							}
						}
					},
					{
						"key": "permutations",
						"is_minified": true,
						"children": [
							{
								"condition": "query.block_property('decor:face') == 0",
								"components": {
									"minecraft:rotation": [
										0,
										180,
										0
									]
								}
							},
							{
								"condition": "query.block_property('decor:face') == 1",
								"components": {
									"minecraft:rotation": [
										0,
										0,
										0
									]
								}
							},
							{
								"condition": "query.block_property('decor:face') == 2",
								"components": {
									"minecraft:rotation": [
										0,
										270,
										0
									]
								}
							},
							{
								"condition": "query.block_property('decor:face') == 3",
								"components": {
									"minecraft:rotation": [
										0,
										90,
										0
									]
								}
							},
							{
								"condition": "query.block_property('sword:type') == 1",
								"components": {
									"minecraft:material_instances": {
										"*": {
											"texture": "sword_stand_0",
											"render_method": "alpha_test"
										}
									}
								}
							},
							{
								"condition": "query.block_property('sword:type') == 2",
								"components": {
									"minecraft:material_instances": {
										"*": {
											"texture": "sword_stand_1",
											"render_method": "alpha_test"
										}
									}
								}
							},
							{
								"condition": "query.block_property('sword:type') == 3",
								"components": {
									"minecraft:material_instances": {
										"*": {
											"texture": "sword_stand_2",
											"render_method": "alpha_test"
										}
									}
								}
							},
							{
								"condition": "query.block_property('sword:type') == 4",
								"components": {
									"minecraft:material_instances": {
										"*": {
											"texture": "sword_stand_3",
											"render_method": "alpha_test"
										}
									}
								}
							},
							{
								"condition": "query.block_property('sword:type') == 0",
								"components": {
									"minecraft:material_instances": {
										"*": {
											"texture": "mc_empty_sword_stand",
											"render_method": "alpha_test"
										}
									}
								}
							},
							{
								"condition": "query.block_property('sword:type') == 5",
								"components": {
									"minecraft:material_instances": {
										"*": {
											"texture": "sword_stand_4",
											"render_method": "alpha_test"
										}
									}
								}
							},
							{
								"condition": "query.block_property('sword:type') == 6",
								"components": {
									"minecraft:material_instances": {
										"*": {
											"texture": "sword_stand_5",
											"render_method": "alpha_test"
										}
									}
								}
							}
						]
					},
					{
						"key": "events",
						"is_minified": true,
						"children": {
							"decor:face": {
								"set_block_property": {
									"decor:face": "query.cardinal_facing_2d-2"
								}
							},
							"sword:set_sword": {
								"set_block_property": {
									"sword:type": "query.get_equipped_item_name=='wooden_sword'?1:(query.get_equipped_item_name=='stone_sword'?2:(query.get_equipped_item_name=='iron_sword'?3:(query.get_equipped_item_name=='golden_sword'?4:(query.get_equipped_item_name=='diamond_sword'?5:(query.get_equipped_item_name=='netherite_sword'?6:0)))))"
								},
								"run_command": {
									"command": [
										"playsound armor.equip_generic @p ~~~ 1 1"
									]
								},
								"decrement_stack": {}
							}
						}
					}
				]
			},
			{
				"data": "1.16.0",
				"key": "format_version"
			}
		]
	}
}