{
	"file_path": "C:\\Users\\chupi\\AppData\\Local\\Packages\\Microsoft.MinecraftUWP_8wekyb3d8bbwe\\LocalState\\games\\com.mojang\\development_behavior_packs\\ModernDecoration\\blocks\\simple_blocks\\gray_bricks.json",
	"file_type": "block",
	"format_version": 1,
	"file_uuid": "d069e44f_e3d7_4d52_8bda_c877ad663571",
	"file_version": 12,
	"cache_content": {
		"children": [
			{
				"open": {
					"format_version": "1.17.0",
					"minecraft:block": {
						"description": {
							"identifier": "mc:gray_bricks",
							"is_experimental": false,
							"register_in_creative_menu": true
						},
						"components": {
							"minecraft:destroy_time": 0.6,
							"minecraft:explosion_resistance": 2,
							"minecraft:creative_category": {
								"category": "construction"
							}
						},
						"events": {}
					}
				},
				"data": "1.17.0",
				"key": "format_version"
			},
			{
				"open": {
					"format_version": "1.17.0",
					"minecraft:block": {
						"description": {
							"identifier": "mc:gray_bricks",
							"is_experimental": false,
							"register_in_creative_menu": true
						},
						"components": {
							"minecraft:destroy_time": 0.6,
							"minecraft:explosion_resistance": 2,
							"minecraft:creative_category": {
								"category": "construction"
							}
						},
						"events": {}
					}
				},
				"key": "minecraft:block",
				"children": [
					{
						"open": {
							"description": {
								"identifier": "mc:gray_bricks",
								"is_experimental": false,
								"register_in_creative_menu": true
							},
							"components": {
								"minecraft:destroy_time": 0.6,
								"minecraft:explosion_resistance": 2,
								"minecraft:creative_category": {
									"category": "construction"
								}
							},
							"events": {}
						},
						"key": "description",
						"is_minified": true,
						"children": {
							"identifier": "mc:gray_bricks",
							"is_experimental": false,
							"register_in_creative_menu": true
						}
					},
					{
						"open": {
							"description": {
								"identifier": "mc:gray_bricks",
								"is_experimental": false,
								"register_in_creative_menu": true
							},
							"components": {
								"minecraft:destroy_time": 0.6,
								"minecraft:explosion_resistance": 2,
								"minecraft:creative_category": {
									"category": "construction"
								}
							},
							"events": {}
						},
						"key": "components",
						"children": [
							{
								"data": "0.6",
								"key": "minecraft:destroy_time"
							},
							{
								"data": "2",
								"key": "minecraft:explosion_resistance"
							},
							{
								"open": {
									"minecraft:destroy_time": 0.6,
									"minecraft:explosion_resistance": 2,
									"minecraft:creative_category": {
										"category": "construction"
									}
								},
								"key": "minecraft:creative_category",
								"is_minified": true,
								"children": {
									"category": "construction"
								}
							}
						]
					},
					{
						"key": "events",
						"is_minified": true,
						"children": {}
					}
				]
			}
		]
	}
}