{
	"file_path": "C:\\Users\\chupi\\AppData\\Local\\Packages\\Microsoft.MinecraftUWP_8wekyb3d8bbwe\\LocalState\\games\\com.mojang\\development_behavior_packs\\ModernDecoration\\blocks\\simple_blocks\\parquet_0.json",
	"file_type": "block",
	"format_version": 1,
	"file_uuid": "0a6fa77a_7e9e_42d1_abff_32a05168a618",
	"file_version": 2,
	"cache_content": {
		"children": [
			{
				"data": "1.16.0",
				"key": "format_version"
			},
			{
				"open": {
					"format_version": "1.16.0",
					"minecraft:block": {
						"description": {
							"identifier": "mc:parquet_0",
							"is_experimental": false
						},
						"components": {
							"minecraft:destroy_time": 0.4,
							"minecraft:explosion_resistance": 1,
							"minecraft:creative_category": {
								"category": "construction"
							}
						},
						"events": {}
					}
				},
				"key": "minecraft:block",
				"children": [
					{
						"key": "description",
						"is_minified": true,
						"children": {
							"identifier": "mc:parquet_0",
							"is_experimental": false
						}
					},
					{
						"open": {
							"description": {
								"identifier": "mc:parquet_0",
								"is_experimental": false
							},
							"components": {
								"minecraft:destroy_time": 0.4,
								"minecraft:explosion_resistance": 1,
								"minecraft:creative_category": {
									"category": "construction"
								}
							},
							"events": {}
						},
						"key": "components",
						"is_minified": true,
						"children": {
							"minecraft:destroy_time": 0.4,
							"minecraft:explosion_resistance": 1,
							"minecraft:creative_category": {
								"category": "construction"
							}
						}
					},
					{
						"key": "events",
						"is_minified": true,
						"children": {}
					}
				]
			}
		]
	}
}