{
	"file_path": "C:\\Users\\chupi\\AppData\\Local\\Packages\\Microsoft.MinecraftUWP_8wekyb3d8bbwe\\LocalState\\games\\com.mojang\\development_behavior_packs\\ModernDecoration\\blocks\\living_room\\blinds_middle_closed.json",
	"file_type": "block",
	"format_version": 1,
	"file_uuid": "bbf578f1_f948_476d_ba95_ec90fd7d8063",
	"file_version": 51,
	"cache_content": {
		"children": [
			{
				"data": "1.16.0",
				"key": "format_version"
			},
			{
				"open": {
					"format_version": "1.16.0",
					"minecraft:block": {
						"description": {
							"identifier": "mc:blinds_middle_closed",
							"is_experimental": false,
							"properties": {
								"decor:face": [
									0,
									1,
									2,
									3
								],
								"minecraft:direction": {}
							}
						},
						"components": {
							"minecraft:destroy_time": 0.2,
							"minecraft:explosion_resistance": 1,
							"minecraft:geometry": "geometry.blinds_middle_closed",
							"minecraft:block_light_absorption": 1,
							"minecraft:material_instances": {
								"*": {
									"texture": "mc_blinds_0"
								}
							},
							"minecraft:entity_collision": false,
							"minecraft:pick_collision": {
								"origin": [
									-8,
									0,
									6
								],
								"size": [
									16,
									16,
									2
								]
							},
							"minecraft:placement_filter": {
								"conditions": [
									{
										"block_filter": [
											"mc:blinds_0",
											"mc:blinds_middle_closed"
										],
										"allowed_faces": [
											"up",
											"down"
										]
									}
								]
							},
							"minecraft:loot": "loot_tables/blinds.json"
						},
						"permutations": [
							{
								"condition": "query.block_property('mc:state')",
								"components": {
									"minecraft:block_light_absorption": 1,
									"minecraft:geometry": "geometry.blinds_top_closed"
								}
							},
							{
								"condition": "query.block_property('minecraft:direction') == 0",
								"components": {
									"minecraft:rotation": [
										0,
										180,
										0
									]
								}
							},
							{
								"condition": "query.block_property('minecraft:direction') == 1",
								"components": {
									"minecraft:rotation": [
										0,
										0,
										0
									]
								}
							},
							{
								"condition": "query.block_property('minecraft:direction') == 2",
								"components": {
									"minecraft:rotation": [
										0,
										270,
										0
									]
								}
							},
							{
								"condition": "query.block_property('minecraft:direction') == 3",
								"components": {
									"minecraft:rotation": [
										0,
										90,
										0
									]
								}
							}
						],
						"events": {
							"decor:face": {
								"set_block_property": {
									"decor:face": "query.cardinal_facing_2d-2"
								}
							}
						}
					}
				},
				"key": "minecraft:block",
				"children": [
					{
						"key": "description",
						"is_minified": true,
						"children": {
							"identifier": "mc:blinds_middle_closed",
							"is_experimental": false,
							"properties": {
								"decor:face": [
									0,
									1,
									2,
									3
								],
								"minecraft:direction": {}
							}
						}
					},
					{
						"open": {
							"description": {
								"identifier": "mc:blinds_middle_closed",
								"is_experimental": false,
								"properties": {
									"decor:face": [
										0,
										1,
										2,
										3
									],
									"minecraft:direction": {}
								}
							},
							"components": {
								"minecraft:destroy_time": 0.2,
								"minecraft:explosion_resistance": 1,
								"minecraft:geometry": "geometry.blinds_middle_closed",
								"minecraft:block_light_absorption": 1,
								"minecraft:material_instances": {
									"*": {
										"texture": "mc_blinds_0"
									}
								},
								"minecraft:entity_collision": false,
								"minecraft:pick_collision": {
									"origin": [
										-8,
										0,
										6
									],
									"size": [
										16,
										16,
										2
									]
								},
								"minecraft:placement_filter": {
									"conditions": [
										{
											"block_filter": [
												"mc:blinds_0",
												"mc:blinds_middle_closed"
											],
											"allowed_faces": [
												"up",
												"down"
											]
										}
									]
								},
								"minecraft:loot": "loot_tables/blinds.json"
							},
							"permutations": [
								{
									"condition": "query.block_property('mc:state')",
									"components": {
										"minecraft:block_light_absorption": 1,
										"minecraft:geometry": "geometry.blinds_top_closed"
									}
								},
								{
									"condition": "query.block_property('minecraft:direction') == 0",
									"components": {
										"minecraft:rotation": [
											0,
											180,
											0
										]
									}
								},
								{
									"condition": "query.block_property('minecraft:direction') == 1",
									"components": {
										"minecraft:rotation": [
											0,
											0,
											0
										]
									}
								},
								{
									"condition": "query.block_property('minecraft:direction') == 2",
									"components": {
										"minecraft:rotation": [
											0,
											270,
											0
										]
									}
								},
								{
									"condition": "query.block_property('minecraft:direction') == 3",
									"components": {
										"minecraft:rotation": [
											0,
											90,
											0
										]
									}
								}
							],
							"events": {
								"decor:face": {
									"set_block_property": {
										"decor:face": "query.cardinal_facing_2d-2"
									}
								}
							}
						},
						"key": "components",
						"is_minified": true,
						"children": {
							"minecraft:destroy_time": 0.2,
							"minecraft:explosion_resistance": 1,
							"minecraft:geometry": "geometry.blinds_middle_closed",
							"minecraft:block_light_absorption": 1,
							"minecraft:material_instances": {
								"*": {
									"texture": "mc_blinds_0"
								}
							},
							"minecraft:entity_collision": false,
							"minecraft:pick_collision": {
								"origin": [
									-8,
									0,
									6
								],
								"size": [
									16,
									16,
									2
								]
							},
							"minecraft:placement_filter": {
								"conditions": [
									{
										"block_filter": [
											"mc:blinds_0",
											"mc:blinds_middle_closed"
										],
										"allowed_faces": [
											"up",
											"down"
										]
									}
								]
							},
							"minecraft:loot": "loot_tables/blinds.json"
						}
					},
					{
						"key": "permutations",
						"is_minified": true,
						"children": [
							{
								"condition": "query.block_property('mc:state')",
								"components": {
									"minecraft:block_light_absorption": 1,
									"minecraft:geometry": "geometry.blinds_top_closed"
								}
							},
							{
								"condition": "query.block_property('minecraft:direction') == 0",
								"components": {
									"minecraft:rotation": [
										0,
										180,
										0
									]
								}
							},
							{
								"condition": "query.block_property('minecraft:direction') == 1",
								"components": {
									"minecraft:rotation": [
										0,
										0,
										0
									]
								}
							},
							{
								"condition": "query.block_property('minecraft:direction') == 2",
								"components": {
									"minecraft:rotation": [
										0,
										270,
										0
									]
								}
							},
							{
								"condition": "query.block_property('minecraft:direction') == 3",
								"components": {
									"minecraft:rotation": [
										0,
										90,
										0
									]
								}
							}
						]
					},
					{
						"key": "events",
						"is_minified": true,
						"children": {
							"decor:face": {
								"set_block_property": {
									"decor:face": "query.cardinal_facing_2d-2"
								}
							}
						}
					}
				]
			}
		]
	}
}