{
	"file_path": "C:\\Users\\chupi\\AppData\\Local\\Packages\\Microsoft.MinecraftUWP_8wekyb3d8bbwe\\LocalState\\games\\com.mojang\\development_behavior_packs\\ModernDecoration\\blocks\\living_room\\blinds_0.json",
	"file_type": "block",
	"format_version": 1,
	"file_uuid": "3c5b7b66_91a2_4677_8e75_bb78d5e9cf9d",
	"file_version": 80,
	"cache_content": {
		"children": [
			{
				"data": "1.16.0",
				"key": "format_version"
			},
			{
				"open": {
					"format_version": "1.16.0",
					"minecraft:block": {
						"description": {
							"identifier": "mc:blinds_0",
							"is_experimental": false,
							"properties": {
								"mc:state": [
									false,
									true
								],
								"decor:face": [
									0,
									1,
									2,
									3
								]
							}
						},
						"components": {
							"minecraft:destroy_time": 0.2,
							"minecraft:explosion_resistance": 1,
							"minecraft:geometry": "geometry.blinds_top_open",
							"minecraft:on_interact": {
								"event": "mc:toggle"
							},
							"minecraft:block_light_absorption": 0,
							"minecraft:material_instances": {
								"*": {
									"texture": "mc_blinds_0"
								}
							},
							"minecraft:on_player_placing": {
								"event": "decor:face"
							},
							"minecraft:entity_collision": false,
							"minecraft:pick_collision": {
								"size": [
									16,
									16,
									2
								],
								"origin": [
									-8,
									0,
									6
								]
							},
							"minecraft:creative_category": {
								"category": "construction"
							}
						},
						"permutations": [
							{
								"condition": "query.block_property('mc:state')",
								"components": {
									"minecraft:block_light_absorption": 1,
									"minecraft:geometry": "geometry.blinds_top_closed"
								}
							},
							{
								"condition": "query.block_property('decor:face') == 0",
								"components": {
									"minecraft:rotation": [
										0,
										180,
										0
									],
									"minecraft:ticking": {
										"range": [
											0,
											0
										],
										"on_tick": {
											"event": "blinds:replace_x0_default"
										}
									}
								}
							},
							{
								"condition": "query.block_property('decor:face') == 1",
								"components": {
									"minecraft:rotation": [
										0,
										0,
										0
									],
									"minecraft:ticking": {
										"range": [
											0,
											0
										],
										"on_tick": {
											"event": "blinds:replace_x1_default"
										}
									}
								}
							},
							{
								"condition": "query.block_property('decor:face') == 2",
								"components": {
									"minecraft:rotation": [
										0,
										270,
										0
									],
									"minecraft:ticking": {
										"range": [
											0,
											0
										],
										"on_tick": {
											"event": "blinds:replace_z0_default"
										}
									}
								}
							},
							{
								"condition": "query.block_property('decor:face') == 3",
								"components": {
									"minecraft:rotation": [
										0,
										90,
										0
									],
									"minecraft:ticking": {
										"range": [
											0,
											0
										],
										"on_tick": {
											"event": "blinds:replace_z1_default"
										}
									}
								}
							}
						],
						"events": {
							"mc:toggle": {
								"sequence": [
									{
										"condition": "query.block_property('decor:face') == 0 && !query.block_property('mc:state')",
										"run_command": {
											"command": [
												"fill ~~-4~ ~~-1~ mc:blinds_middle_closed [\"direction\":0] replace mc:blinds_middle_open",
												"playsound deco.blinds @p ~~~ 1 1"
											]
										},
										"set_block_property": {
											"mc:state": "query.block_property('mc:state') ? false : true"
										}
									},
									{
										"condition": "query.block_property('decor:face') == 1 && !query.block_property('mc:state')",
										"run_command": {
											"command": [
												"fill ~~-4~ ~~-1~ mc:blinds_middle_closed [\"direction\":1] replace mc:blinds_middle_open",
												"playsound deco.blinds @p ~~~ 1 1"
											]
										},
										"set_block_property": {
											"mc:state": "query.block_property('mc:state') ? false : true"
										}
									},
									{
										"condition": "query.block_property('decor:face') == 2 && !query.block_property('mc:state')",
										"run_command": {
											"command": [
												"fill ~~-4~ ~~-1~ mc:blinds_middle_closed [\"direction\":2] replace mc:blinds_middle_open",
												"playsound deco.blinds @p ~~~ 1 1"
											]
										},
										"set_block_property": {
											"mc:state": "query.block_property('mc:state') ? false : true"
										}
									},
									{
										"condition": "query.block_property('decor:face') == 3 && !query.block_property('mc:state')",
										"run_command": {
											"command": [
												"fill ~~-4~ ~~-1~ mc:blinds_middle_closed [\"direction\":3] replace mc:blinds_middle_open",
												"playsound deco.blinds @p ~~~ 1 1"
											]
										},
										"set_block_property": {
											"mc:state": "query.block_property('mc:state') ? false : true"
										}
									},
									{
										"condition": "query.block_property('decor:face') == 0 && query.block_property('mc:state')",
										"run_command": {
											"command": [
												"fill ~~-4~ ~~-1~ mc:blinds_middle_open [\"direction\":0] replace mc:blinds_middle_closed",
												"playsound deco.blinds @p ~~~ 1 1"
											]
										},
										"set_block_property": {
											"mc:state": "query.block_property('mc:state') ? false : true"
										}
									},
									{
										"condition": "query.block_property('decor:face') == 1 && query.block_property('mc:state')",
										"run_command": {
											"command": [
												"fill ~~-4~ ~~-1~ mc:blinds_middle_open [\"direction\":1] replace mc:blinds_middle_closed",
												"playsound deco.blinds @p ~~~ 1 1"
											]
										},
										"set_block_property": {
											"mc:state": "query.block_property('mc:state') ? false : true"
										}
									},
									{
										"condition": "query.block_property('decor:face') == 2 && query.block_property('mc:state')",
										"run_command": {
											"command": [
												"fill ~~-4~ ~~-1~ mc:blinds_middle_open [\"direction\":2] replace mc:blinds_middle_closed",
												"playsound deco.blinds @p ~~~ 1 1"
											]
										},
										"set_block_property": {
											"mc:state": "query.block_property('mc:state') ? false : true"
										}
									},
									{
										"condition": "query.block_property('decor:face') == 3 && query.block_property('mc:state')",
										"run_command": {
											"command": [
												"fill ~~-4~ ~~-1~ mc:blinds_middle_open [\"direction\":3] replace mc:blinds_middle_closed",
												"playsound deco.blinds @p ~~~ 1 1"
											]
										},
										"set_block_property": {
											"mc:state": "query.block_property('mc:state') ? false : true"
										}
									}
								]
							},
							"decor:face": {
								"set_block_property": {
									"decor:face": "query.cardinal_facing_2d-2"
								}
							},
							"blinds:replace_z0_default": {
								"run_command": {
									"command": [
										"fill ~~-4~ ~~-1~ mc:blinds_middle_open [\"direction\":2] replace mc:blinds_0"
									]
								}
							},
							"blinds:replace_z1_default": {
								"run_command": {
									"command": [
										"fill ~~-4~ ~~-1~ mc:blinds_middle_open [\"direction\":3] replace mc:blinds_0"
									]
								}
							},
							"blinds:replace_x0_default": {
								"run_command": {
									"command": [
										"fill ~~-4~ ~~-1~ mc:blinds_middle_open [\"direction\":0] replace mc:blinds_0"
									]
								}
							},
							"blinds:replace_x1_default": {
								"run_command": {
									"command": [
										"fill ~~-4~ ~~-1~ mc:blinds_middle_open [\"direction\":1] replace mc:blinds_0"
									]
								}
							}
						}
					}
				},
				"key": "minecraft:block",
				"children": [
					{
						"key": "description",
						"is_minified": true,
						"children": {
							"identifier": "mc:blinds_0",
							"is_experimental": false,
							"properties": {
								"mc:state": [
									false,
									true
								],
								"decor:face": [
									0,
									1,
									2,
									3
								]
							}
						}
					},
					{
						"open": {
							"description": {
								"identifier": "mc:blinds_0",
								"is_experimental": false,
								"properties": {
									"mc:state": [
										false,
										true
									],
									"decor:face": [
										0,
										1,
										2,
										3
									]
								}
							},
							"components": {
								"minecraft:destroy_time": 0.2,
								"minecraft:explosion_resistance": 1,
								"minecraft:geometry": "geometry.blinds_top_open",
								"minecraft:on_interact": {
									"event": "mc:toggle"
								},
								"minecraft:block_light_absorption": 0,
								"minecraft:material_instances": {
									"*": {
										"texture": "mc_blinds_0"
									}
								},
								"minecraft:on_player_placing": {
									"event": "decor:face"
								},
								"minecraft:entity_collision": false,
								"minecraft:pick_collision": {
									"size": [
										16,
										16,
										2
									],
									"origin": [
										-8,
										0,
										6
									]
								},
								"minecraft:creative_category": {
									"category": "construction"
								}
							},
							"permutations": [
								{
									"condition": "query.block_property('mc:state')",
									"components": {
										"minecraft:block_light_absorption": 1,
										"minecraft:geometry": "geometry.blinds_top_closed"
									}
								},
								{
									"condition": "query.block_property('decor:face') == 0",
									"components": {
										"minecraft:rotation": [
											0,
											180,
											0
										],
										"minecraft:ticking": {
											"range": [
												0,
												0
											],
											"on_tick": {
												"event": "blinds:replace_x0_default"
											}
										}
									}
								},
								{
									"condition": "query.block_property('decor:face') == 1",
									"components": {
										"minecraft:rotation": [
											0,
											0,
											0
										],
										"minecraft:ticking": {
											"range": [
												0,
												0
											],
											"on_tick": {
												"event": "blinds:replace_x1_default"
											}
										}
									}
								},
								{
									"condition": "query.block_property('decor:face') == 2",
									"components": {
										"minecraft:rotation": [
											0,
											270,
											0
										],
										"minecraft:ticking": {
											"range": [
												0,
												0
											],
											"on_tick": {
												"event": "blinds:replace_z0_default"
											}
										}
									}
								},
								{
									"condition": "query.block_property('decor:face') == 3",
									"components": {
										"minecraft:rotation": [
											0,
											90,
											0
										],
										"minecraft:ticking": {
											"range": [
												0,
												0
											],
											"on_tick": {
												"event": "blinds:replace_z1_default"
											}
										}
									}
								}
							],
							"events": {
								"mc:toggle": {
									"sequence": [
										{
											"condition": "query.block_property('decor:face') == 0 && !query.block_property('mc:state')",
											"run_command": {
												"command": [
													"fill ~~-4~ ~~-1~ mc:blinds_middle_closed [\"direction\":0] replace mc:blinds_middle_open",
													"playsound deco.blinds @p ~~~ 1 1"
												]
											},
											"set_block_property": {
												"mc:state": "query.block_property('mc:state') ? false : true"
											}
										},
										{
											"condition": "query.block_property('decor:face') == 1 && !query.block_property('mc:state')",
											"run_command": {
												"command": [
													"fill ~~-4~ ~~-1~ mc:blinds_middle_closed [\"direction\":1] replace mc:blinds_middle_open",
													"playsound deco.blinds @p ~~~ 1 1"
												]
											},
											"set_block_property": {
												"mc:state": "query.block_property('mc:state') ? false : true"
											}
										},
										{
											"condition": "query.block_property('decor:face') == 2 && !query.block_property('mc:state')",
											"run_command": {
												"command": [
													"fill ~~-4~ ~~-1~ mc:blinds_middle_closed [\"direction\":2] replace mc:blinds_middle_open",
													"playsound deco.blinds @p ~~~ 1 1"
												]
											},
											"set_block_property": {
												"mc:state": "query.block_property('mc:state') ? false : true"
											}
										},
										{
											"condition": "query.block_property('decor:face') == 3 && !query.block_property('mc:state')",
											"run_command": {
												"command": [
													"fill ~~-4~ ~~-1~ mc:blinds_middle_closed [\"direction\":3] replace mc:blinds_middle_open",
													"playsound deco.blinds @p ~~~ 1 1"
												]
											},
											"set_block_property": {
												"mc:state": "query.block_property('mc:state') ? false : true"
											}
										},
										{
											"condition": "query.block_property('decor:face') == 0 && query.block_property('mc:state')",
											"run_command": {
												"command": [
													"fill ~~-4~ ~~-1~ mc:blinds_middle_open [\"direction\":0] replace mc:blinds_middle_closed",
													"playsound deco.blinds @p ~~~ 1 1"
												]
											},
											"set_block_property": {
												"mc:state": "query.block_property('mc:state') ? false : true"
											}
										},
										{
											"condition": "query.block_property('decor:face') == 1 && query.block_property('mc:state')",
											"run_command": {
												"command": [
													"fill ~~-4~ ~~-1~ mc:blinds_middle_open [\"direction\":1] replace mc:blinds_middle_closed",
													"playsound deco.blinds @p ~~~ 1 1"
												]
											},
											"set_block_property": {
												"mc:state": "query.block_property('mc:state') ? false : true"
											}
										},
										{
											"condition": "query.block_property('decor:face') == 2 && query.block_property('mc:state')",
											"run_command": {
												"command": [
													"fill ~~-4~ ~~-1~ mc:blinds_middle_open [\"direction\":2] replace mc:blinds_middle_closed",
													"playsound deco.blinds @p ~~~ 1 1"
												]
											},
											"set_block_property": {
												"mc:state": "query.block_property('mc:state') ? false : true"
											}
										},
										{
											"condition": "query.block_property('decor:face') == 3 && query.block_property('mc:state')",
											"run_command": {
												"command": [
													"fill ~~-4~ ~~-1~ mc:blinds_middle_open [\"direction\":3] replace mc:blinds_middle_closed",
													"playsound deco.blinds @p ~~~ 1 1"
												]
											},
											"set_block_property": {
												"mc:state": "query.block_property('mc:state') ? false : true"
											}
										}
									]
								},
								"decor:face": {
									"set_block_property": {
										"decor:face": "query.cardinal_facing_2d-2"
									}
								},
								"blinds:replace_z0_default": {
									"run_command": {
										"command": [
											"fill ~~-4~ ~~-1~ mc:blinds_middle_open [\"direction\":2] replace mc:blinds_0"
										]
									}
								},
								"blinds:replace_z1_default": {
									"run_command": {
										"command": [
											"fill ~~-4~ ~~-1~ mc:blinds_middle_open [\"direction\":3] replace mc:blinds_0"
										]
									}
								},
								"blinds:replace_x0_default": {
									"run_command": {
										"command": [
											"fill ~~-4~ ~~-1~ mc:blinds_middle_open [\"direction\":0] replace mc:blinds_0"
										]
									}
								},
								"blinds:replace_x1_default": {
									"run_command": {
										"command": [
											"fill ~~-4~ ~~-1~ mc:blinds_middle_open [\"direction\":1] replace mc:blinds_0"
										]
									}
								}
							}
						},
						"key": "components",
						"is_minified": true,
						"children": {
							"minecraft:destroy_time": 0.2,
							"minecraft:explosion_resistance": 1,
							"minecraft:geometry": "geometry.blinds_top_open",
							"minecraft:on_interact": {
								"event": "mc:toggle"
							},
							"minecraft:block_light_absorption": 0,
							"minecraft:material_instances": {
								"*": {
									"texture": "mc_blinds_0"
								}
							},
							"minecraft:on_player_placing": {
								"event": "decor:face"
							},
							"minecraft:entity_collision": false,
							"minecraft:pick_collision": {
								"size": [
									16,
									16,
									2
								],
								"origin": [
									-8,
									0,
									6
								]
							},
							"minecraft:creative_category": {
								"category": "construction"
							}
						}
					},
					{
						"key": "permutations",
						"is_minified": true,
						"children": [
							{
								"condition": "query.block_property('mc:state')",
								"components": {
									"minecraft:block_light_absorption": 1,
									"minecraft:geometry": "geometry.blinds_top_closed"
								}
							},
							{
								"condition": "query.block_property('decor:face') == 0",
								"components": {
									"minecraft:rotation": [
										0,
										180,
										0
									],
									"minecraft:ticking": {
										"range": [
											0,
											0
										],
										"on_tick": {
											"event": "blinds:replace_x0_default"
										}
									}
								}
							},
							{
								"condition": "query.block_property('decor:face') == 1",
								"components": {
									"minecraft:rotation": [
										0,
										0,
										0
									],
									"minecraft:ticking": {
										"range": [
											0,
											0
										],
										"on_tick": {
											"event": "blinds:replace_x1_default"
										}
									}
								}
							},
							{
								"condition": "query.block_property('decor:face') == 2",
								"components": {
									"minecraft:rotation": [
										0,
										270,
										0
									],
									"minecraft:ticking": {
										"range": [
											0,
											0
										],
										"on_tick": {
											"event": "blinds:replace_z0_default"
										}
									}
								}
							},
							{
								"condition": "query.block_property('decor:face') == 3",
								"components": {
									"minecraft:rotation": [
										0,
										90,
										0
									],
									"minecraft:ticking": {
										"range": [
											0,
											0
										],
										"on_tick": {
											"event": "blinds:replace_z1_default"
										}
									}
								}
							}
						]
					},
					{
						"key": "events",
						"is_minified": true,
						"children": {
							"mc:toggle": {
								"sequence": [
									{
										"condition": "query.block_property('decor:face') == 0 && !query.block_property('mc:state')",
										"run_command": {
											"command": [
												"fill ~~-4~ ~~-1~ mc:blinds_middle_closed [\"direction\":0] replace mc:blinds_middle_open",
												"playsound deco.blinds @p ~~~ 1 1"
											]
										},
										"set_block_property": {
											"mc:state": "query.block_property('mc:state') ? false : true"
										}
									},
									{
										"condition": "query.block_property('decor:face') == 1 && !query.block_property('mc:state')",
										"run_command": {
											"command": [
												"fill ~~-4~ ~~-1~ mc:blinds_middle_closed [\"direction\":1] replace mc:blinds_middle_open",
												"playsound deco.blinds @p ~~~ 1 1"
											]
										},
										"set_block_property": {
											"mc:state": "query.block_property('mc:state') ? false : true"
										}
									},
									{
										"condition": "query.block_property('decor:face') == 2 && !query.block_property('mc:state')",
										"run_command": {
											"command": [
												"fill ~~-4~ ~~-1~ mc:blinds_middle_closed [\"direction\":2] replace mc:blinds_middle_open",
												"playsound deco.blinds @p ~~~ 1 1"
											]
										},
										"set_block_property": {
											"mc:state": "query.block_property('mc:state') ? false : true"
										}
									},
									{
										"condition": "query.block_property('decor:face') == 3 && !query.block_property('mc:state')",
										"run_command": {
											"command": [
												"fill ~~-4~ ~~-1~ mc:blinds_middle_closed [\"direction\":3] replace mc:blinds_middle_open",
												"playsound deco.blinds @p ~~~ 1 1"
											]
										},
										"set_block_property": {
											"mc:state": "query.block_property('mc:state') ? false : true"
										}
									},
									{
										"condition": "query.block_property('decor:face') == 0 && query.block_property('mc:state')",
										"run_command": {
											"command": [
												"fill ~~-4~ ~~-1~ mc:blinds_middle_open [\"direction\":0] replace mc:blinds_middle_closed",
												"playsound deco.blinds @p ~~~ 1 1"
											]
										},
										"set_block_property": {
											"mc:state": "query.block_property('mc:state') ? false : true"
										}
									},
									{
										"condition": "query.block_property('decor:face') == 1 && query.block_property('mc:state')",
										"run_command": {
											"command": [
												"fill ~~-4~ ~~-1~ mc:blinds_middle_open [\"direction\":1] replace mc:blinds_middle_closed",
												"playsound deco.blinds @p ~~~ 1 1"
											]
										},
										"set_block_property": {
											"mc:state": "query.block_property('mc:state') ? false : true"
										}
									},
									{
										"condition": "query.block_property('decor:face') == 2 && query.block_property('mc:state')",
										"run_command": {
											"command": [
												"fill ~~-4~ ~~-1~ mc:blinds_middle_open [\"direction\":2] replace mc:blinds_middle_closed",
												"playsound deco.blinds @p ~~~ 1 1"
											]
										},
										"set_block_property": {
											"mc:state": "query.block_property('mc:state') ? false : true"
										}
									},
									{
										"condition": "query.block_property('decor:face') == 3 && query.block_property('mc:state')",
										"run_command": {
											"command": [
												"fill ~~-4~ ~~-1~ mc:blinds_middle_open [\"direction\":3] replace mc:blinds_middle_closed",
												"playsound deco.blinds @p ~~~ 1 1"
											]
										},
										"set_block_property": {
											"mc:state": "query.block_property('mc:state') ? false : true"
										}
									}
								]
							},
							"decor:face": {
								"set_block_property": {
									"decor:face": "query.cardinal_facing_2d-2"
								}
							},
							"blinds:replace_z0_default": {
								"run_command": {
									"command": [
										"fill ~~-4~ ~~-1~ mc:blinds_middle_open [\"direction\":2] replace mc:blinds_0"
									]
								}
							},
							"blinds:replace_z1_default": {
								"run_command": {
									"command": [
										"fill ~~-4~ ~~-1~ mc:blinds_middle_open [\"direction\":3] replace mc:blinds_0"
									]
								}
							},
							"blinds:replace_x0_default": {
								"run_command": {
									"command": [
										"fill ~~-4~ ~~-1~ mc:blinds_middle_open [\"direction\":0] replace mc:blinds_0"
									]
								}
							},
							"blinds:replace_x1_default": {
								"run_command": {
									"command": [
										"fill ~~-4~ ~~-1~ mc:blinds_middle_open [\"direction\":1] replace mc:blinds_0"
									]
								}
							}
						}
					}
				]
			}
		]
	}
}