{
	"file_path": "C:\\Users\\chupi\\AppData\\Local\\Packages\\Microsoft.MinecraftUWP_8wekyb3d8bbwe\\LocalState\\games\\com.mojang\\development_behavior_packs\\ModernDecoration\\blocks\\living_room\\ceiling_fan_0.json",
	"file_type": "block",
	"format_version": 1,
	"file_uuid": "f02c683c_07a9_493c_9c17_734a752356b3",
	"file_version": 32,
	"cache_content": {
		"children": [
			{
				"data": "1.16.0",
				"key": "format_version"
			},
			{
				"open": {
					"format_version": "1.16.0",
					"minecraft:block": {
						"description": {
							"identifier": "mc:ceiling_fan_0",
							"is_experimental": false,
							"properties": {
								"fan:on": [
									false,
									true
								],
								"animation:frame": [
									0,
									1,
									2,
									3,
									4,
									5,
									6
								]
							}
						},
						"components": {
							"minecraft:destroy_time": 0.2,
							"minecraft:explosion_resistance": 1,
							"minecraft:material_instances": {
								"*": {
									"texture": "mc_ceiling_fan_0",
									"ambient_occlusion": true
								}
							},
							"minecraft:block_light_emission": 0,
							"minecraft:block_light_absorption": 0,
							"minecraft:on_interact": {
								"event": "fan:toggle"
							},
							"minecraft:geometry": "geometry.ceiling_fan_0",
							"minecraft:creative_category": {
								"category": "construction"
							}
						},
						"permutations": [
							{
								"condition": "query.block_property('animation:frame') == 0",
								"components": {
									"minecraft:geometry": "geometry.ceiling_fan_0"
								}
							},
							{
								"condition": "query.block_property('animation:frame') == 1",
								"components": {
									"minecraft:geometry": "geometry.ceiling_fan_0_stg_1"
								}
							},
							{
								"condition": "query.block_property('animation:frame') == 2",
								"components": {
									"minecraft:geometry": "geometry.ceiling_fan_0_stg_2"
								}
							},
							{
								"condition": "query.block_property('animation:frame') == 3",
								"components": {
									"minecraft:geometry": "geometry.ceiling_fan_0_stg_3"
								}
							},
							{
								"condition": "query.block_property('animation:frame') == 4",
								"components": {
									"minecraft:geometry": "geometry.ceiling_fan_0_stg_4"
								}
							},
							{
								"condition": "query.block_property('animation:frame') == 5",
								"components": {
									"minecraft:geometry": "geometry.ceiling_fan_0_stg_5"
								}
							},
							{
								"condition": "query.block_property('fan:on')",
								"components": {
									"minecraft:ticking": {
										"looping": false,
										"range": [
											0.05,
											0.05
										],
										"on_tick": {
											"event": "anim:add_frame"
										}
									},
									"minecraft:on_interact": {
										"event": "fan:toggle"
									}
								}
							}
						],
						"events": {
							"fan:toggle": {
								"set_block_property": {
									"fan:on": "!query.block_property('fan:on')"
								}
							},
							"anim:add_frame": {
								"sequence": [
									{
										"condition": "query.block_property('animation:frame') < 5",
										"set_block_property": {
											"animation:frame": "query.block_property('animation:frame') + 1"
										}
									},
									{
										"condition": "query.block_property('animation:frame') >= 5",
										"set_block_property": {
											"animation:frame": 0
										}
									}
								]
							}
						}
					}
				},
				"key": "minecraft:block",
				"children": [
					{
						"key": "description",
						"children": [
							{
								"data": "mc:ceiling_fan_0",
								"key": "identifier"
							},
							{
								"data": "false",
								"key": "is_experimental"
							},
							{
								"open": {
									"identifier": "mc:ceiling_fan_0",
									"is_experimental": false,
									"properties": {
										"fan:on": [
											false,
											true
										],
										"animation:frame": [
											0,
											1,
											2,
											3,
											4,
											5,
											6
										]
									}
								},
								"key": "properties",
								"children": [
									{
										"key": "fan:on",
										"is_minified": true,
										"children": [
											false,
											true
										]
									},
									{
										"open": {
											"fan:on": [
												false,
												true
											],
											"animation:frame": [
												0,
												1,
												2,
												3,
												4,
												5,
												6
											]
										},
										"key": "animation:frame",
										"is_minified": true,
										"children": [
											0,
											1,
											2,
											3,
											4,
											5,
											6
										]
									}
								]
							}
						]
					},
					{
						"open": {
							"description": {
								"identifier": "mc:ceiling_fan_0",
								"is_experimental": false,
								"properties": {
									"fan:on": [
										false,
										true
									],
									"animation:frame": [
										0,
										1,
										2,
										3,
										4,
										5,
										6
									]
								}
							},
							"components": {
								"minecraft:destroy_time": 0.2,
								"minecraft:explosion_resistance": 1,
								"minecraft:material_instances": {
									"*": {
										"texture": "mc_ceiling_fan_0",
										"ambient_occlusion": true
									}
								},
								"minecraft:block_light_emission": 0,
								"minecraft:block_light_absorption": 0,
								"minecraft:on_interact": {
									"event": "fan:toggle"
								},
								"minecraft:geometry": "geometry.ceiling_fan_0",
								"minecraft:creative_category": {
									"category": "construction"
								}
							},
							"permutations": [
								{
									"condition": "query.block_property('animation:frame') == 0",
									"components": {
										"minecraft:geometry": "geometry.ceiling_fan_0"
									}
								},
								{
									"condition": "query.block_property('animation:frame') == 1",
									"components": {
										"minecraft:geometry": "geometry.ceiling_fan_0_stg_1"
									}
								},
								{
									"condition": "query.block_property('animation:frame') == 2",
									"components": {
										"minecraft:geometry": "geometry.ceiling_fan_0_stg_2"
									}
								},
								{
									"condition": "query.block_property('animation:frame') == 3",
									"components": {
										"minecraft:geometry": "geometry.ceiling_fan_0_stg_3"
									}
								},
								{
									"condition": "query.block_property('animation:frame') == 4",
									"components": {
										"minecraft:geometry": "geometry.ceiling_fan_0_stg_4"
									}
								},
								{
									"condition": "query.block_property('animation:frame') == 5",
									"components": {
										"minecraft:geometry": "geometry.ceiling_fan_0_stg_5"
									}
								},
								{
									"condition": "query.block_property('fan:on')",
									"components": {
										"minecraft:ticking": {
											"looping": false,
											"range": [
												0.05,
												0.05
											],
											"on_tick": {
												"event": "anim:add_frame"
											}
										},
										"minecraft:on_interact": {
											"event": "fan:toggle"
										}
									}
								}
							],
							"events": {
								"fan:toggle": {
									"set_block_property": {
										"fan:on": "!query.block_property('fan:on')"
									}
								},
								"anim:add_frame": {
									"sequence": [
										{
											"condition": "query.block_property('animation:frame') < 5",
											"set_block_property": {
												"animation:frame": "query.block_property('animation:frame') + 1"
											}
										},
										{
											"condition": "query.block_property('animation:frame') >= 5",
											"set_block_property": {
												"animation:frame": 0
											}
										}
									]
								}
							}
						},
						"key": "components",
						"is_minified": true,
						"children": {
							"minecraft:destroy_time": 0.2,
							"minecraft:explosion_resistance": 1,
							"minecraft:material_instances": {
								"*": {
									"texture": "mc_ceiling_fan_0",
									"ambient_occlusion": true
								}
							},
							"minecraft:block_light_emission": 0,
							"minecraft:block_light_absorption": 0,
							"minecraft:on_interact": {
								"event": "fan:toggle"
							},
							"minecraft:geometry": "geometry.ceiling_fan_0",
							"minecraft:creative_category": {
								"category": "construction"
							}
						}
					},
					{
						"open": {
							"description": {
								"identifier": "mc:ceiling_fan_0",
								"is_experimental": false,
								"properties": {
									"fan:on": [
										false,
										true
									],
									"animation:frame": [
										0,
										1,
										2,
										3,
										4,
										5,
										6
									]
								}
							},
							"components": {
								"minecraft:destroy_time": 0.2,
								"minecraft:explosion_resistance": 1,
								"minecraft:material_instances": {
									"*": {
										"texture": "mc_ceiling_fan_0",
										"ambient_occlusion": true
									}
								},
								"minecraft:block_light_emission": 0,
								"minecraft:block_light_absorption": 0,
								"minecraft:on_interact": {
									"event": "fan:toggle"
								},
								"minecraft:geometry": "geometry.ceiling_fan_0",
								"minecraft:creative_category": {
									"category": "construction"
								}
							},
							"permutations": [
								{
									"condition": "query.block_property('animation:frame') == 0",
									"components": {
										"minecraft:geometry": "geometry.ceiling_fan_0"
									}
								},
								{
									"condition": "query.block_property('animation:frame') == 1",
									"components": {
										"minecraft:geometry": "geometry.ceiling_fan_0_stg_1"
									}
								},
								{
									"condition": "query.block_property('animation:frame') == 2",
									"components": {
										"minecraft:geometry": "geometry.ceiling_fan_0_stg_2"
									}
								},
								{
									"condition": "query.block_property('animation:frame') == 3",
									"components": {
										"minecraft:geometry": "geometry.ceiling_fan_0_stg_3"
									}
								},
								{
									"condition": "query.block_property('animation:frame') == 4",
									"components": {
										"minecraft:geometry": "geometry.ceiling_fan_0_stg_4"
									}
								},
								{
									"condition": "query.block_property('animation:frame') == 5",
									"components": {
										"minecraft:geometry": "geometry.ceiling_fan_0_stg_5"
									}
								},
								{
									"condition": "query.block_property('fan:on')",
									"components": {
										"minecraft:ticking": {
											"looping": false,
											"range": [
												0.05,
												0.05
											],
											"on_tick": {
												"event": "anim:add_frame"
											}
										},
										"minecraft:on_interact": {
											"event": "fan:toggle"
										}
									}
								}
							],
							"events": {
								"fan:toggle": {
									"set_block_property": {
										"fan:on": "!query.block_property('fan:on')"
									}
								},
								"anim:add_frame": {
									"sequence": [
										{
											"condition": "query.block_property('animation:frame') < 5",
											"set_block_property": {
												"animation:frame": "query.block_property('animation:frame') + 1"
											}
										},
										{
											"condition": "query.block_property('animation:frame') >= 5",
											"set_block_property": {
												"animation:frame": 0
											}
										}
									]
								}
							}
						},
						"key": "permutations",
						"children": [
							{
								"open": [
									{
										"condition": "query.block_property('animation:frame') == 0",
										"components": {
											"minecraft:geometry": "geometry.ceiling_fan_0"
										}
									},
									{
										"condition": "query.block_property('animation:frame') == 1",
										"components": {
											"minecraft:geometry": "geometry.ceiling_fan_0_stg_1"
										}
									},
									{
										"condition": "query.block_property('animation:frame') == 2",
										"components": {
											"minecraft:geometry": "geometry.ceiling_fan_0_stg_2"
										}
									},
									{
										"condition": "query.block_property('animation:frame') == 3",
										"components": {
											"minecraft:geometry": "geometry.ceiling_fan_0_stg_3"
										}
									},
									{
										"condition": "query.block_property('animation:frame') == 4",
										"components": {
											"minecraft:geometry": "geometry.ceiling_fan_0_stg_4"
										}
									},
									{
										"condition": "query.block_property('animation:frame') == 5",
										"components": {
											"minecraft:geometry": "geometry.ceiling_fan_0_stg_5"
										}
									},
									{
										"condition": "query.block_property('fan:on')",
										"components": {
											"minecraft:ticking": {
												"looping": false,
												"range": [
													0.05,
													0.05
												],
												"on_tick": {
													"event": "anim:add_frame"
												}
											},
											"minecraft:on_interact": {
												"event": "fan:toggle"
											}
										}
									}
								],
								"children": [
									{
										"open": {
											"condition": "query.block_property('animation:frame') == 0",
											"components": {
												"minecraft:geometry": "geometry.ceiling_fan_0"
											}
										},
										"data": "query.block_property('animation:frame') == 0",
										"key": "condition"
									},
									{
										"open": {
											"condition": "query.block_property('animation:frame') == 0",
											"components": {
												"minecraft:geometry": "geometry.ceiling_fan_0"
											}
										},
										"key": "components",
										"is_minified": true,
										"children": {
											"minecraft:geometry": "geometry.ceiling_fan_0"
										}
									}
								]
							},
							{
								"open": [
									{
										"condition": "query.block_property('animation:frame') == 0",
										"components": {
											"minecraft:geometry": "geometry.ceiling_fan_0"
										}
									},
									{
										"condition": "query.block_property('animation:frame') == 1",
										"components": {
											"minecraft:geometry": "geometry.ceiling_fan_0_stg_1"
										}
									},
									{
										"condition": "query.block_property('animation:frame') == 2",
										"components": {
											"minecraft:geometry": "geometry.ceiling_fan_0_stg_2"
										}
									},
									{
										"condition": "query.block_property('animation:frame') == 3",
										"components": {
											"minecraft:geometry": "geometry.ceiling_fan_0_stg_3"
										}
									},
									{
										"condition": "query.block_property('animation:frame') == 4",
										"components": {
											"minecraft:geometry": "geometry.ceiling_fan_0_stg_4"
										}
									},
									{
										"condition": "query.block_property('animation:frame') == 5",
										"components": {
											"minecraft:geometry": "geometry.ceiling_fan_0_stg_5"
										}
									},
									{
										"condition": "query.block_property('fan:on')",
										"components": {
											"minecraft:ticking": {
												"looping": false,
												"range": [
													0.05,
													0.05
												],
												"on_tick": {
													"event": "anim:add_frame"
												}
											},
											"minecraft:on_interact": {
												"event": "fan:toggle"
											}
										}
									}
								],
								"children": [
									{
										"open": {
											"condition": "query.block_property('animation:frame') == 1",
											"components": {
												"minecraft:geometry": "geometry.ceiling_fan_0_stg_1"
											}
										},
										"data": "query.block_property('animation:frame') == 1",
										"key": "condition"
									},
									{
										"open": {
											"condition": "query.block_property('animation:frame') == 1",
											"components": {
												"minecraft:geometry": "geometry.ceiling_fan_0_stg_1"
											}
										},
										"key": "components",
										"is_minified": true,
										"children": {
											"minecraft:geometry": "geometry.ceiling_fan_0_stg_1"
										}
									}
								]
							},
							{
								"open": [
									{
										"condition": "query.block_property('animation:frame') == 0",
										"components": {
											"minecraft:geometry": "geometry.ceiling_fan_0"
										}
									},
									{
										"condition": "query.block_property('animation:frame') == 1",
										"components": {
											"minecraft:geometry": "geometry.ceiling_fan_0_stg_1"
										}
									},
									{
										"condition": "query.block_property('animation:frame') == 2",
										"components": {
											"minecraft:geometry": "geometry.ceiling_fan_0_stg_2"
										}
									},
									{
										"condition": "query.block_property('animation:frame') == 3",
										"components": {
											"minecraft:geometry": "geometry.ceiling_fan_0_stg_3"
										}
									},
									{
										"condition": "query.block_property('animation:frame') == 4",
										"components": {
											"minecraft:geometry": "geometry.ceiling_fan_0_stg_4"
										}
									},
									{
										"condition": "query.block_property('animation:frame') == 5",
										"components": {
											"minecraft:geometry": "geometry.ceiling_fan_0_stg_5"
										}
									},
									{
										"condition": "query.block_property('fan:on')",
										"components": {
											"minecraft:ticking": {
												"looping": false,
												"range": [
													0.05,
													0.05
												],
												"on_tick": {
													"event": "anim:add_frame"
												}
											},
											"minecraft:on_interact": {
												"event": "fan:toggle"
											}
										}
									}
								],
								"children": [
									{
										"open": {
											"condition": "query.block_property('animation:frame') == 2",
											"components": {
												"minecraft:geometry": "geometry.ceiling_fan_0_stg_2"
											}
										},
										"data": "query.block_property('animation:frame') == 2",
										"key": "condition"
									},
									{
										"open": {
											"condition": "query.block_property('animation:frame') == 2",
											"components": {
												"minecraft:geometry": "geometry.ceiling_fan_0_stg_2"
											}
										},
										"key": "components",
										"is_minified": true,
										"children": {
											"minecraft:geometry": "geometry.ceiling_fan_0_stg_2"
										}
									}
								]
							},
							{
								"open": [
									{
										"condition": "query.block_property('animation:frame') == 0",
										"components": {
											"minecraft:geometry": "geometry.ceiling_fan_0"
										}
									},
									{
										"condition": "query.block_property('animation:frame') == 1",
										"components": {
											"minecraft:geometry": "geometry.ceiling_fan_0_stg_1"
										}
									},
									{
										"condition": "query.block_property('animation:frame') == 2",
										"components": {
											"minecraft:geometry": "geometry.ceiling_fan_0_stg_2"
										}
									},
									{
										"condition": "query.block_property('animation:frame') == 3",
										"components": {
											"minecraft:geometry": "geometry.ceiling_fan_0_stg_3"
										}
									},
									{
										"condition": "query.block_property('animation:frame') == 4",
										"components": {
											"minecraft:geometry": "geometry.ceiling_fan_0_stg_4"
										}
									},
									{
										"condition": "query.block_property('animation:frame') == 5",
										"components": {
											"minecraft:geometry": "geometry.ceiling_fan_0_stg_5"
										}
									},
									{
										"condition": "query.block_property('fan:on')",
										"components": {
											"minecraft:ticking": {
												"looping": false,
												"range": [
													0.05,
													0.05
												],
												"on_tick": {
													"event": "anim:add_frame"
												}
											},
											"minecraft:on_interact": {
												"event": "fan:toggle"
											}
										}
									}
								],
								"children": [
									{
										"open": {
											"condition": "query.block_property('animation:frame') == 3",
											"components": {
												"minecraft:geometry": "geometry.ceiling_fan_0_stg_3"
											}
										},
										"data": "query.block_property('animation:frame') == 3",
										"key": "condition"
									},
									{
										"open": {
											"condition": "query.block_property('animation:frame') == 3",
											"components": {
												"minecraft:geometry": "geometry.ceiling_fan_0_stg_3"
											}
										},
										"key": "components",
										"is_minified": true,
										"children": {
											"minecraft:geometry": "geometry.ceiling_fan_0_stg_3"
										}
									}
								]
							},
							{
								"open": [
									{
										"condition": "query.block_property('animation:frame') == 0",
										"components": {
											"minecraft:geometry": "geometry.ceiling_fan_0"
										}
									},
									{
										"condition": "query.block_property('animation:frame') == 1",
										"components": {
											"minecraft:geometry": "geometry.ceiling_fan_0_stg_1"
										}
									},
									{
										"condition": "query.block_property('animation:frame') == 2",
										"components": {
											"minecraft:geometry": "geometry.ceiling_fan_0_stg_2"
										}
									},
									{
										"condition": "query.block_property('animation:frame') == 3",
										"components": {
											"minecraft:geometry": "geometry.ceiling_fan_0_stg_3"
										}
									},
									{
										"condition": "query.block_property('animation:frame') == 4",
										"components": {
											"minecraft:geometry": "geometry.ceiling_fan_0_stg_4"
										}
									},
									{
										"condition": "query.block_property('animation:frame') == 5",
										"components": {
											"minecraft:geometry": "geometry.ceiling_fan_0_stg_5"
										}
									},
									{
										"condition": "query.block_property('fan:on')",
										"components": {
											"minecraft:ticking": {
												"looping": false,
												"range": [
													0.05,
													0.05
												],
												"on_tick": {
													"event": "anim:add_frame"
												}
											},
											"minecraft:on_interact": {
												"event": "fan:toggle"
											}
										}
									}
								],
								"children": [
									{
										"open": {
											"condition": "query.block_property('animation:frame') == 4",
											"components": {
												"minecraft:geometry": "geometry.ceiling_fan_0_stg_4"
											}
										},
										"data": "query.block_property('animation:frame') == 4",
										"key": "condition"
									},
									{
										"open": {
											"condition": "query.block_property('animation:frame') == 4",
											"components": {
												"minecraft:geometry": "geometry.ceiling_fan_0_stg_4"
											}
										},
										"key": "components",
										"is_minified": true,
										"children": {
											"minecraft:geometry": "geometry.ceiling_fan_0_stg_4"
										}
									}
								]
							},
							{
								"open": [
									{
										"condition": "query.block_property('animation:frame') == 0",
										"components": {
											"minecraft:geometry": "geometry.ceiling_fan_0"
										}
									},
									{
										"condition": "query.block_property('animation:frame') == 1",
										"components": {
											"minecraft:geometry": "geometry.ceiling_fan_0_stg_1"
										}
									},
									{
										"condition": "query.block_property('animation:frame') == 2",
										"components": {
											"minecraft:geometry": "geometry.ceiling_fan_0_stg_2"
										}
									},
									{
										"condition": "query.block_property('animation:frame') == 3",
										"components": {
											"minecraft:geometry": "geometry.ceiling_fan_0_stg_3"
										}
									},
									{
										"condition": "query.block_property('animation:frame') == 4",
										"components": {
											"minecraft:geometry": "geometry.ceiling_fan_0_stg_4"
										}
									},
									{
										"condition": "query.block_property('animation:frame') == 5",
										"components": {
											"minecraft:geometry": "geometry.ceiling_fan_0_stg_5"
										}
									},
									{
										"condition": "query.block_property('fan:on')",
										"components": {
											"minecraft:ticking": {
												"looping": false,
												"range": [
													0.05,
													0.05
												],
												"on_tick": {
													"event": "anim:add_frame"
												}
											},
											"minecraft:on_interact": {
												"event": "fan:toggle"
											}
										}
									}
								],
								"children": [
									{
										"open": {
											"condition": "query.block_property('animation:frame') == 5",
											"components": {
												"minecraft:geometry": "geometry.ceiling_fan_0_stg_5"
											}
										},
										"data": "query.block_property('animation:frame') == 5",
										"key": "condition"
									},
									{
										"open": {
											"condition": "query.block_property('animation:frame') == 5",
											"components": {
												"minecraft:geometry": "geometry.ceiling_fan_0_stg_5"
											}
										},
										"key": "components",
										"is_minified": true,
										"children": {
											"minecraft:geometry": "geometry.ceiling_fan_0_stg_5"
										}
									}
								]
							},
							{
								"open": [
									{
										"condition": "query.block_property('animation:frame') == 0",
										"components": {
											"minecraft:geometry": "geometry.ceiling_fan_0"
										}
									},
									{
										"condition": "query.block_property('animation:frame') == 1",
										"components": {
											"minecraft:geometry": "geometry.ceiling_fan_0_stg_1"
										}
									},
									{
										"condition": "query.block_property('animation:frame') == 2",
										"components": {
											"minecraft:geometry": "geometry.ceiling_fan_0_stg_2"
										}
									},
									{
										"condition": "query.block_property('animation:frame') == 3",
										"components": {
											"minecraft:geometry": "geometry.ceiling_fan_0_stg_3"
										}
									},
									{
										"condition": "query.block_property('animation:frame') == 4",
										"components": {
											"minecraft:geometry": "geometry.ceiling_fan_0_stg_4"
										}
									},
									{
										"condition": "query.block_property('animation:frame') == 5",
										"components": {
											"minecraft:geometry": "geometry.ceiling_fan_0_stg_5"
										}
									},
									{
										"condition": "query.block_property('fan:on')",
										"components": {
											"minecraft:ticking": {
												"looping": false,
												"range": [
													0.05,
													0.05
												],
												"on_tick": {
													"event": "anim:add_frame"
												}
											},
											"minecraft:on_interact": {
												"event": "fan:toggle"
											}
										}
									}
								],
								"is_active": false,
								"children": [
									{
										"data": "!query.block_property('fan:on')",
										"key": "condition"
									},
									{
										"open": {
											"condition": "!query.block_property('fan:on')",
											"components": {
												"minecraft:geometry": "geometry.ceiling_fan_0"
											}
										},
										"key": "components",
										"is_minified": true,
										"children": {
											"minecraft:geometry": "geometry.ceiling_fan_0"
										}
									}
								]
							},
							{
								"open": [
									{
										"condition": "query.block_property('animation:frame') == 0",
										"components": {
											"minecraft:geometry": "geometry.ceiling_fan_0"
										}
									},
									{
										"condition": "query.block_property('animation:frame') == 1",
										"components": {
											"minecraft:geometry": "geometry.ceiling_fan_0_stg_1"
										}
									},
									{
										"condition": "query.block_property('animation:frame') == 2",
										"components": {
											"minecraft:geometry": "geometry.ceiling_fan_0_stg_2"
										}
									},
									{
										"condition": "query.block_property('animation:frame') == 3",
										"components": {
											"minecraft:geometry": "geometry.ceiling_fan_0_stg_3"
										}
									},
									{
										"condition": "query.block_property('animation:frame') == 4",
										"components": {
											"minecraft:geometry": "geometry.ceiling_fan_0_stg_4"
										}
									},
									{
										"condition": "query.block_property('animation:frame') == 5",
										"components": {
											"minecraft:geometry": "geometry.ceiling_fan_0_stg_5"
										}
									},
									{
										"condition": "query.block_property('fan:on')",
										"components": {
											"minecraft:ticking": {
												"looping": false,
												"range": [
													0.05,
													0.05
												],
												"on_tick": {
													"event": "anim:add_frame"
												}
											},
											"minecraft:on_interact": {
												"event": "fan:toggle"
											}
										}
									}
								],
								"children": [
									{
										"data": "query.block_property('fan:on')",
										"key": "condition"
									},
									{
										"open": {
											"condition": "query.block_property('fan:on')",
											"components": {
												"minecraft:ticking": {
													"looping": false,
													"range": [
														0.05,
														0.05
													],
													"on_tick": {
														"event": "anim:add_frame"
													}
												},
												"minecraft:on_interact": {
													"event": "fan:toggle"
												}
											}
										},
										"key": "components",
										"children": [
											{
												"open": {
													"minecraft:ticking": {
														"looping": false,
														"range": [
															0.05,
															0.05
														],
														"on_tick": {
															"event": "anim:add_frame"
														}
													},
													"minecraft:on_interact": {
														"event": "fan:toggle"
													}
												},
												"key": "minecraft:ticking",
												"children": [
													{
														"data": "false",
														"key": "looping"
													},
													{
														"open": {
															"looping": false,
															"range": [
																0.05,
																0.05
															],
															"on_tick": {
																"event": "anim:add_frame"
															}
														},
														"key": "range",
														"is_minified": true,
														"children": [
															0.05,
															0.05
														]
													},
													{
														"open": {
															"looping": false,
															"range": [
																0.05,
																0.05
															],
															"on_tick": {
																"event": "anim:add_frame"
															}
														},
														"key": "on_tick",
														"is_minified": true,
														"children": {
															"event": "anim:add_frame"
														}
													}
												]
											},
											{
												"key": "minecraft:on_interact",
												"is_minified": true,
												"children": {
													"event": "fan:toggle"
												}
											}
										]
									}
								]
							}
						]
					},
					{
						"open": {
							"description": {
								"identifier": "mc:ceiling_fan_0",
								"is_experimental": false,
								"properties": {
									"fan:on": [
										false,
										true
									],
									"animation:frame": [
										0,
										1,
										2,
										3,
										4,
										5,
										6
									]
								}
							},
							"components": {
								"minecraft:destroy_time": 0.2,
								"minecraft:explosion_resistance": 1,
								"minecraft:material_instances": {
									"*": {
										"texture": "mc_ceiling_fan_0",
										"ambient_occlusion": true
									}
								},
								"minecraft:block_light_emission": 0,
								"minecraft:block_light_absorption": 0,
								"minecraft:on_interact": {
									"event": "fan:toggle"
								},
								"minecraft:geometry": "geometry.ceiling_fan_0",
								"minecraft:creative_category": {
									"category": "construction"
								}
							},
							"permutations": [
								{
									"condition": "query.block_property('animation:frame') == 0",
									"components": {
										"minecraft:geometry": "geometry.ceiling_fan_0"
									}
								},
								{
									"condition": "query.block_property('animation:frame') == 1",
									"components": {
										"minecraft:geometry": "geometry.ceiling_fan_0_stg_1"
									}
								},
								{
									"condition": "query.block_property('animation:frame') == 2",
									"components": {
										"minecraft:geometry": "geometry.ceiling_fan_0_stg_2"
									}
								},
								{
									"condition": "query.block_property('animation:frame') == 3",
									"components": {
										"minecraft:geometry": "geometry.ceiling_fan_0_stg_3"
									}
								},
								{
									"condition": "query.block_property('animation:frame') == 4",
									"components": {
										"minecraft:geometry": "geometry.ceiling_fan_0_stg_4"
									}
								},
								{
									"condition": "query.block_property('animation:frame') == 5",
									"components": {
										"minecraft:geometry": "geometry.ceiling_fan_0_stg_5"
									}
								},
								{
									"condition": "query.block_property('fan:on')",
									"components": {
										"minecraft:ticking": {
											"looping": false,
											"range": [
												0.05,
												0.05
											],
											"on_tick": {
												"event": "anim:add_frame"
											}
										},
										"minecraft:on_interact": {
											"event": "fan:toggle"
										}
									}
								}
							],
							"events": {
								"fan:toggle": {
									"set_block_property": {
										"fan:on": "!query.block_property('fan:on')"
									}
								},
								"anim:add_frame": {
									"sequence": [
										{
											"condition": "query.block_property('animation:frame') < 5",
											"set_block_property": {
												"animation:frame": "query.block_property('animation:frame') + 1"
											}
										},
										{
											"condition": "query.block_property('animation:frame') >= 5",
											"set_block_property": {
												"animation:frame": 0
											}
										}
									]
								}
							}
						},
						"key": "events",
						"children": [
							{
								"open": {
									"fan:toggle": {
										"set_block_property": {
											"fan:on": "!query.block_property('fan:on')"
										}
									},
									"anim:add_frame": {
										"sequence": [
											{
												"condition": "query.block_property('animation:frame') < 5",
												"set_block_property": {
													"animation:frame": "query.block_property('animation:frame') + 1"
												}
											},
											{
												"condition": "query.block_property('animation:frame') >= 5",
												"set_block_property": {
													"animation:frame": 0
												}
											}
										]
									}
								},
								"key": "fan:toggle",
								"children": [
									{
										"open": {
											"set_block_property": {
												"fan:on": "!query.block_property('fan:on')"
											}
										},
										"key": "set_block_property",
										"is_minified": true,
										"children": {
											"fan:on": "!query.block_property('fan:on')"
										}
									}
								]
							},
							{
								"open": {
									"fan:toggle": {
										"set_block_property": {
											"fan:on": "!query.block_property('fan:on')"
										}
									},
									"anim:add_frame": {
										"sequence": [
											{
												"condition": "query.block_property('animation:frame') < 5",
												"set_block_property": {
													"animation:frame": "query.block_property('animation:frame') + 1"
												}
											},
											{
												"condition": "query.block_property('animation:frame') >= 5",
												"set_block_property": {
													"animation:frame": 0
												}
											}
										]
									}
								},
								"key": "anim:add_frame",
								"children": [
									{
										"open": {
											"sequence": [
												{
													"condition": "query.block_property('animation:frame') < 5",
													"set_block_property": {
														"animation:frame": "query.block_property('animation:frame') + 1"
													}
												},
												{
													"condition": "query.block_property('animation:frame') >= 5",
													"set_block_property": {
														"animation:frame": 0
													}
												}
											]
										},
										"key": "sequence",
										"children": [
											{
												"open": [
													{
														"condition": "query.block_property('animation:frame') < 5",
														"set_block_property": {
															"animation:frame": "query.block_property('animation:frame') + 1"
														}
													},
													{
														"condition": "query.block_property('animation:frame') >= 5",
														"set_block_property": {
															"animation:frame": 0
														}
													}
												],
												"children": [
													{
														"data": "query.block_property('animation:frame') < 5",
														"key": "condition"
													},
													{
														"open": {
															"condition": "query.block_property('animation:frame') < 5",
															"set_block_property": {
																"animation:frame": "query.block_property('animation:frame') + 1"
															}
														},
														"key": "set_block_property",
														"is_minified": true,
														"children": {
															"animation:frame": "query.block_property('animation:frame') + 1"
														}
													}
												]
											},
											{
												"open": [
													{
														"condition": "query.block_property('animation:frame') < 5",
														"set_block_property": {
															"animation:frame": "query.block_property('animation:frame') + 1"
														}
													},
													{
														"condition": "query.block_property('animation:frame') >= 5",
														"set_block_property": {
															"animation:frame": 0
														}
													}
												],
												"children": [
													{
														"open": {
															"condition": "query.block_property('animation:frame') >= 5",
															"set_block_property": {
																"animation:frame": 0
															}
														},
														"data": "query.block_property('animation:frame') >= 5",
														"key": "condition"
													},
													{
														"open": {
															"condition": "query.block_property('animation:frame') >= 5",
															"set_block_property": {
																"animation:frame": 0
															}
														},
														"key": "set_block_property",
														"is_minified": true,
														"children": {
															"animation:frame": 0
														}
													}
												]
											}
										]
									}
								]
							}
						]
					}
				]
			}
		]
	}
}