{
	"file_path": "C:\\Users\\chupi\\AppData\\Local\\Packages\\Microsoft.MinecraftUWP_8wekyb3d8bbwe\\LocalState\\games\\com.mojang\\development_behavior_packs\\ModernDecoration\\blocks\\living_room\\custom_door_0.json",
	"file_type": "block",
	"format_version": 1,
	"file_uuid": "0217d1f5_5ca3_4774_ba3e_8ee9937546f6",
	"file_version": 204,
	"cache_content": {
		"children": [
			{
				"data": "1.16.0",
				"key": "format_version"
			},
			{
				"open": {
					"format_version": "1.16.0",
					"minecraft:block": {
						"description": {
							"identifier": "mc:custom_door_0",
							"is_experimental": true,
							"properties": {
								"decor:face": [
									0,
									1,
									2,
									3
								],
								"door:state": [
									false,
									true
								]
							}
						},
						"components": {
							"minecraft:geometry": "geometry.custom_door_0_closed",
							"minecraft:material_instances": {
								"*": {
									"texture": "mc_custom_door_0",
									"render_method": "blend",
									"ambient_occlusion": false,
									"face_dimming": true
								}
							},
							"minecraft:destroy_time": 0.6,
							"minecraft:explosion_resistance": 2,
							"minecraft:block_light_emission": 0,
							"minecraft:block_light_absorption": 0,
							"minecraft:on_player_placing": {
								"event": "decor:face"
							},
							"minecraft:on_interact": {
								"event": "door:toggle"
							},
							"minecraft:preventsjumping": true,
							"minecraft:pick_collision": {
								"origin": [
									-8,
									0,
									-8
								],
								"size": [
									16,
									16,
									2
								]
							},
							"minecraft:on_player_destroyed": {
								"event": "on_destroy"
							},
							"minecraft:entity_collision": {
								"origin": [
									-8,
									0,
									-8
								],
								"size": [
									16,
									16,
									2
								]
							},
							"minecraft:creative_category": {
								"category": "construction"
							}
						},
						"permutations": [
							{
								"condition": "query.block_property('decor:face') == 0",
								"components": {
									"minecraft:rotation": [
										0,
										180,
										0
									]
								}
							},
							{
								"condition": "query.block_property('decor:face') == 1",
								"components": {
									"minecraft:rotation": [
										0,
										0,
										0
									]
								}
							},
							{
								"condition": "query.block_property('decor:face') == 2",
								"components": {
									"minecraft:rotation": [
										0,
										270,
										0
									]
								}
							},
							{
								"condition": "query.block_property('decor:face') == 3",
								"components": {
									"minecraft:rotation": [
										0,
										90,
										0
									]
								}
							},
							{
								"condition": "!query.block_property('door:state')",
								"components": {
									"minecraft:geometry": "geometry.custom_door_0_closed",
									"minecraft:pick_collision": {
										"origin": [
											-8,
											0,
											-8
										],
										"size": [
											16,
											16,
											2
										]
									},
									"minecraft:entity_collision": {
										"origin": [
											-8,
											0,
											-8
										],
										"size": [
											16,
											16,
											2
										]
									},
									"minecraft:ticking": {
										"looping": false,
										"range": [
											0,
											0
										],
										"on_tick": {
											"event": "mc:set_up_block"
										}
									}
								}
							},
							{
								"condition": "query.block_property('door:state')",
								"components": {
									"minecraft:geometry": "geometry.custom_door_0_opened",
									"minecraft:entity_collision": false,
									"minecraft:pick_collision": {
										"origin": [
											-8,
											0,
											-8
										],
										"size": [
											2,
											16,
											16
										]
									}
								}
							}
						],
						"events": {
							"decor:face": {
								"set_block_property": {
									"decor:face": "query.cardinal_facing_2d-2"
								}
							},
							"on_destroy": {
								"set_block_at_pos": {
									"block_offset": [
										0,
										1,
										0
									],
									"block_type": "minecraft:air"
								}
							},
							"door:toggle": {
								"sequence": [
									{
										"condition": "!query.block_property('door:state')",
										"run_command": {
											"command": [
												"playsound random.door_open @p ~~~ 1 1",
												"setblock ~~1~ air"
											]
										},
										"set_block_property": {
											"door:state": true
										}
									},
									{
										"condition": "query.block_property('door:state')",
										"run_command": {
											"command": [
												"playsound random.door_close @p ~~~ 1 1",
												"setblock ~~1~ mc:up_door_block"
											]
										},
										"set_block_property": {
											"door:state": false
										}
									}
								]
							},
							"mc:set_up_block": {
								"sequence": [
									{
										"condition": "query.block_property('decor:face') == 0",
										"run_command": {
											"command": [
												"setblock ~~1~ mc:up_door_block [\"direction\":0]"
											]
										}
									},
									{
										"condition": "query.block_property('decor:face') == 1",
										"run_command": {
											"command": [
												"setblock ~~1~ mc:up_door_block [\"direction\":1]"
											]
										}
									},
									{
										"condition": "query.block_property('decor:face') == 2",
										"run_command": {
											"command": [
												"setblock ~~1~ mc:up_door_block [\"direction\":2]"
											]
										}
									},
									{
										"condition": "query.block_property('decor:face') == 3",
										"run_command": {
											"command": [
												"setblock ~~1~ mc:up_door_block [\"direction\":3]"
											]
										}
									}
								]
							}
						}
					}
				},
				"key": "minecraft:block",
				"children": [
					{
						"key": "description",
						"is_minified": true,
						"children": {
							"identifier": "mc:custom_door_0",
							"is_experimental": true,
							"properties": {
								"decor:face": [
									0,
									1,
									2,
									3
								],
								"door:state": [
									false,
									true
								]
							}
						}
					},
					{
						"open": {
							"description": {
								"identifier": "mc:custom_door_0",
								"is_experimental": true,
								"properties": {
									"decor:face": [
										0,
										1,
										2,
										3
									],
									"door:state": [
										false,
										true
									]
								}
							},
							"components": {
								"minecraft:geometry": "geometry.custom_door_0_closed",
								"minecraft:material_instances": {
									"*": {
										"texture": "mc_custom_door_0",
										"render_method": "blend",
										"ambient_occlusion": false,
										"face_dimming": true
									}
								},
								"minecraft:destroy_time": 0.6,
								"minecraft:explosion_resistance": 2,
								"minecraft:block_light_emission": 0,
								"minecraft:block_light_absorption": 0,
								"minecraft:on_player_placing": {
									"event": "decor:face"
								},
								"minecraft:on_interact": {
									"event": "door:toggle"
								},
								"minecraft:preventsjumping": true,
								"minecraft:pick_collision": {
									"origin": [
										-8,
										0,
										-8
									],
									"size": [
										16,
										16,
										2
									]
								},
								"minecraft:on_player_destroyed": {
									"event": "on_destroy"
								},
								"minecraft:entity_collision": {
									"origin": [
										-8,
										0,
										-8
									],
									"size": [
										16,
										16,
										2
									]
								},
								"minecraft:creative_category": {
									"category": "construction"
								}
							},
							"permutations": [
								{
									"condition": "query.block_property('decor:face') == 0",
									"components": {
										"minecraft:rotation": [
											0,
											180,
											0
										]
									}
								},
								{
									"condition": "query.block_property('decor:face') == 1",
									"components": {
										"minecraft:rotation": [
											0,
											0,
											0
										]
									}
								},
								{
									"condition": "query.block_property('decor:face') == 2",
									"components": {
										"minecraft:rotation": [
											0,
											270,
											0
										]
									}
								},
								{
									"condition": "query.block_property('decor:face') == 3",
									"components": {
										"minecraft:rotation": [
											0,
											90,
											0
										]
									}
								},
								{
									"condition": "!query.block_property('door:state')",
									"components": {
										"minecraft:geometry": "geometry.custom_door_0_closed",
										"minecraft:pick_collision": {
											"origin": [
												-8,
												0,
												-8
											],
											"size": [
												16,
												16,
												2
											]
										},
										"minecraft:entity_collision": {
											"origin": [
												-8,
												0,
												-8
											],
											"size": [
												16,
												16,
												2
											]
										},
										"minecraft:ticking": {
											"looping": false,
											"range": [
												0,
												0
											],
											"on_tick": {
												"event": "mc:set_up_block"
											}
										}
									}
								},
								{
									"condition": "query.block_property('door:state')",
									"components": {
										"minecraft:geometry": "geometry.custom_door_0_opened",
										"minecraft:entity_collision": false,
										"minecraft:pick_collision": {
											"origin": [
												-8,
												0,
												-8
											],
											"size": [
												2,
												16,
												16
											]
										}
									}
								}
							],
							"events": {
								"decor:face": {
									"set_block_property": {
										"decor:face": "query.cardinal_facing_2d-2"
									}
								},
								"on_destroy": {
									"set_block_at_pos": {
										"block_offset": [
											0,
											1,
											0
										],
										"block_type": "minecraft:air"
									}
								},
								"door:toggle": {
									"sequence": [
										{
											"condition": "!query.block_property('door:state')",
											"run_command": {
												"command": [
													"playsound random.door_open @p ~~~ 1 1",
													"setblock ~~1~ air"
												]
											},
											"set_block_property": {
												"door:state": true
											}
										},
										{
											"condition": "query.block_property('door:state')",
											"run_command": {
												"command": [
													"playsound random.door_close @p ~~~ 1 1",
													"setblock ~~1~ mc:up_door_block"
												]
											},
											"set_block_property": {
												"door:state": false
											}
										}
									]
								},
								"mc:set_up_block": {
									"sequence": [
										{
											"condition": "query.block_property('decor:face') == 0",
											"run_command": {
												"command": [
													"setblock ~~1~ mc:up_door_block [\"direction\":0]"
												]
											}
										},
										{
											"condition": "query.block_property('decor:face') == 1",
											"run_command": {
												"command": [
													"setblock ~~1~ mc:up_door_block [\"direction\":1]"
												]
											}
										},
										{
											"condition": "query.block_property('decor:face') == 2",
											"run_command": {
												"command": [
													"setblock ~~1~ mc:up_door_block [\"direction\":2]"
												]
											}
										},
										{
											"condition": "query.block_property('decor:face') == 3",
											"run_command": {
												"command": [
													"setblock ~~1~ mc:up_door_block [\"direction\":3]"
												]
											}
										}
									]
								}
							}
						},
						"key": "components",
						"is_minified": true,
						"children": {
							"minecraft:geometry": "geometry.custom_door_0_closed",
							"minecraft:material_instances": {
								"*": {
									"texture": "mc_custom_door_0",
									"render_method": "blend",
									"ambient_occlusion": false,
									"face_dimming": true
								}
							},
							"minecraft:destroy_time": 0.6,
							"minecraft:explosion_resistance": 2,
							"minecraft:block_light_emission": 0,
							"minecraft:block_light_absorption": 0,
							"minecraft:on_player_placing": {
								"event": "decor:face"
							},
							"minecraft:on_interact": {
								"event": "door:toggle"
							},
							"minecraft:preventsjumping": true,
							"minecraft:pick_collision": {
								"origin": [
									-8,
									0,
									-8
								],
								"size": [
									16,
									16,
									2
								]
							},
							"minecraft:on_player_destroyed": {
								"event": "on_destroy"
							},
							"minecraft:entity_collision": {
								"origin": [
									-8,
									0,
									-8
								],
								"size": [
									16,
									16,
									2
								]
							},
							"minecraft:creative_category": {
								"category": "construction"
							}
						}
					},
					{
						"key": "permutations",
						"is_minified": true,
						"children": [
							{
								"condition": "query.block_property('decor:face') == 0",
								"components": {
									"minecraft:rotation": [
										0,
										180,
										0
									]
								}
							},
							{
								"condition": "query.block_property('decor:face') == 1",
								"components": {
									"minecraft:rotation": [
										0,
										0,
										0
									]
								}
							},
							{
								"condition": "query.block_property('decor:face') == 2",
								"components": {
									"minecraft:rotation": [
										0,
										270,
										0
									]
								}
							},
							{
								"condition": "query.block_property('decor:face') == 3",
								"components": {
									"minecraft:rotation": [
										0,
										90,
										0
									]
								}
							},
							{
								"condition": "!query.block_property('door:state')",
								"components": {
									"minecraft:geometry": "geometry.custom_door_0_closed",
									"minecraft:pick_collision": {
										"origin": [
											-8,
											0,
											-8
										],
										"size": [
											16,
											16,
											2
										]
									},
									"minecraft:entity_collision": {
										"origin": [
											-8,
											0,
											-8
										],
										"size": [
											16,
											16,
											2
										]
									},
									"minecraft:ticking": {
										"looping": false,
										"range": [
											0,
											0
										],
										"on_tick": {
											"event": "mc:set_up_block"
										}
									}
								}
							},
							{
								"condition": "query.block_property('door:state')",
								"components": {
									"minecraft:geometry": "geometry.custom_door_0_opened",
									"minecraft:entity_collision": false,
									"minecraft:pick_collision": {
										"origin": [
											-8,
											0,
											-8
										],
										"size": [
											2,
											16,
											16
										]
									}
								}
							}
						]
					},
					{
						"key": "events",
						"is_minified": true,
						"children": {
							"decor:face": {
								"set_block_property": {
									"decor:face": "query.cardinal_facing_2d-2"
								}
							},
							"on_destroy": {
								"set_block_at_pos": {
									"block_offset": [
										0,
										1,
										0
									],
									"block_type": "minecraft:air"
								}
							},
							"door:toggle": {
								"sequence": [
									{
										"condition": "!query.block_property('door:state')",
										"run_command": {
											"command": [
												"playsound random.door_open @p ~~~ 1 1",
												"setblock ~~1~ air"
											]
										},
										"set_block_property": {
											"door:state": true
										}
									},
									{
										"condition": "query.block_property('door:state')",
										"run_command": {
											"command": [
												"playsound random.door_close @p ~~~ 1 1",
												"setblock ~~1~ mc:up_door_block"
											]
										},
										"set_block_property": {
											"door:state": false
										}
									}
								]
							},
							"mc:set_up_block": {
								"sequence": [
									{
										"condition": "query.block_property('decor:face') == 0",
										"run_command": {
											"command": [
												"setblock ~~1~ mc:up_door_block [\"direction\":0]"
											]
										}
									},
									{
										"condition": "query.block_property('decor:face') == 1",
										"run_command": {
											"command": [
												"setblock ~~1~ mc:up_door_block [\"direction\":1]"
											]
										}
									},
									{
										"condition": "query.block_property('decor:face') == 2",
										"run_command": {
											"command": [
												"setblock ~~1~ mc:up_door_block [\"direction\":2]"
											]
										}
									},
									{
										"condition": "query.block_property('decor:face') == 3",
										"run_command": {
											"command": [
												"setblock ~~1~ mc:up_door_block [\"direction\":3]"
											]
										}
									}
								]
							}
						}
					}
				]
			}
		]
	}
}