{
	"file_path": "C:\\Users\\chupi\\AppData\\Local\\Packages\\Microsoft.MinecraftUWP_8wekyb3d8bbwe\\LocalState\\games\\com.mojang\\development_behavior_packs\\ModernDecoration\\blocks\\living_room\\lamp_5.json",
	"file_type": "block",
	"format_version": 1,
	"file_uuid": "5905fc8e_dafd_44ee_99ec_c7fd9da0b0c3",
	"file_version": 57,
	"cache_content": {
		"children": [
			{
				"open": {
					"minecraft:block": {
						"components": {
							"minecraft:geometry": "geometry.lamp_5",
							"minecraft:material_instances": {
								"*": {
									"texture": "mc_lamp_3",
									"ambient_occlusion": true
								}
							},
							"minecraft:destroy_time": 0.2,
							"minecraft:explosion_resistance": 1,
							"minecraft:block_light_emission": 0,
							"minecraft:block_light_absorption": 0,
							"minecraft:pick_collision": {
								"origin": [
									-3,
									0,
									-3
								],
								"size": [
									6,
									16,
									6
								]
							},
							"minecraft:on_player_placing": {
								"event": "decor:face"
							},
							"minecraft:entity_collision": {
								"origin": [
									-3,
									0,
									-3
								],
								"size": [
									6,
									16,
									6
								]
							},
							"minecraft:on_interact": {
								"event": "lamp:toggle_light"
							},
							"minecraft:creative_category": {
								"category": "construction"
							}
						},
						"description": {
							"identifier": "mc:lamp_5",
							"is_experimental": true,
							"properties": {
								"decor:face": [
									0,
									1,
									2,
									3
								],
								"lamp:light_on": [
									false,
									true
								]
							}
						},
						"permutations": [
							{
								"condition": "query.block_property('decor:face') == 0",
								"components": {
									"minecraft:rotation": [
										0,
										180,
										0
									]
								}
							},
							{
								"condition": "query.block_property('decor:face') == 1",
								"components": {
									"minecraft:rotation": [
										0,
										0,
										0
									]
								}
							},
							{
								"condition": "query.block_property('decor:face') == 2",
								"components": {
									"minecraft:rotation": [
										0,
										270,
										0
									]
								}
							},
							{
								"condition": "query.block_property('decor:face') == 3",
								"components": {
									"minecraft:rotation": [
										0,
										90,
										0
									]
								}
							},
							{
								"condition": "query.block_property('lamp:light_on')",
								"components": {
									"minecraft:block_light_emission": 1,
									"minecraft:material_instances": {
										"*": {
											"texture": "lamp_3_on"
										}
									}
								}
							}
						],
						"events": {
							"decor:face": {
								"set_block_property": {
									"decor:face": "query.cardinal_facing_2d-2"
								}
							},
							"lamp:toggle_light": {
								"set_block_property": {
									"lamp:light_on": "query.block_property('lamp:light_on') ? false: true"
								},
								"run_command": {
									"command": [
										"playsound block.lantern.hit @p ~~~ 1 1"
									]
								}
							}
						}
					},
					"format_version": "1.16.0"
				},
				"key": "minecraft:block",
				"children": [
					{
						"open": {
							"components": {
								"minecraft:geometry": "geometry.lamp_5",
								"minecraft:material_instances": {
									"*": {
										"texture": "mc_lamp_3",
										"ambient_occlusion": true
									}
								},
								"minecraft:destroy_time": 0.2,
								"minecraft:explosion_resistance": 1,
								"minecraft:block_light_emission": 0,
								"minecraft:block_light_absorption": 0,
								"minecraft:pick_collision": {
									"origin": [
										-3,
										0,
										-3
									],
									"size": [
										6,
										16,
										6
									]
								},
								"minecraft:on_player_placing": {
									"event": "decor:face"
								},
								"minecraft:entity_collision": {
									"origin": [
										-3,
										0,
										-3
									],
									"size": [
										6,
										16,
										6
									]
								},
								"minecraft:on_interact": {
									"event": "lamp:toggle_light"
								},
								"minecraft:creative_category": {
									"category": "construction"
								}
							},
							"description": {
								"identifier": "mc:lamp_5",
								"is_experimental": true,
								"properties": {
									"decor:face": [
										0,
										1,
										2,
										3
									],
									"lamp:light_on": [
										false,
										true
									]
								}
							},
							"permutations": [
								{
									"condition": "query.block_property('decor:face') == 0",
									"components": {
										"minecraft:rotation": [
											0,
											180,
											0
										]
									}
								},
								{
									"condition": "query.block_property('decor:face') == 1",
									"components": {
										"minecraft:rotation": [
											0,
											0,
											0
										]
									}
								},
								{
									"condition": "query.block_property('decor:face') == 2",
									"components": {
										"minecraft:rotation": [
											0,
											270,
											0
										]
									}
								},
								{
									"condition": "query.block_property('decor:face') == 3",
									"components": {
										"minecraft:rotation": [
											0,
											90,
											0
										]
									}
								},
								{
									"condition": "query.block_property('lamp:light_on')",
									"components": {
										"minecraft:block_light_emission": 1,
										"minecraft:material_instances": {
											"*": {
												"texture": "lamp_3_on"
											}
										}
									}
								}
							],
							"events": {
								"decor:face": {
									"set_block_property": {
										"decor:face": "query.cardinal_facing_2d-2"
									}
								},
								"lamp:toggle_light": {
									"set_block_property": {
										"lamp:light_on": "query.block_property('lamp:light_on') ? false: true"
									},
									"run_command": {
										"command": [
											"playsound block.lantern.hit @p ~~~ 1 1"
										]
									}
								}
							}
						},
						"key": "components",
						"is_minified": true,
						"children": {
							"minecraft:geometry": "geometry.lamp_5",
							"minecraft:material_instances": {
								"*": {
									"texture": "mc_lamp_3",
									"ambient_occlusion": true
								}
							},
							"minecraft:destroy_time": 0.2,
							"minecraft:explosion_resistance": 1,
							"minecraft:block_light_emission": 0,
							"minecraft:block_light_absorption": 0,
							"minecraft:pick_collision": {
								"origin": [
									-3,
									0,
									-3
								],
								"size": [
									6,
									16,
									6
								]
							},
							"minecraft:on_player_placing": {
								"event": "decor:face"
							},
							"minecraft:entity_collision": {
								"origin": [
									-3,
									0,
									-3
								],
								"size": [
									6,
									16,
									6
								]
							},
							"minecraft:on_interact": {
								"event": "lamp:toggle_light"
							},
							"minecraft:creative_category": {
								"category": "construction"
							}
						}
					},
					{
						"key": "description",
						"is_minified": true,
						"children": {
							"identifier": "mc:lamp_5",
							"is_experimental": true,
							"properties": {
								"decor:face": [
									0,
									1,
									2,
									3
								],
								"lamp:light_on": [
									false,
									true
								]
							}
						}
					},
					{
						"key": "permutations",
						"is_minified": true,
						"children": [
							{
								"condition": "query.block_property('decor:face') == 0",
								"components": {
									"minecraft:rotation": [
										0,
										180,
										0
									]
								}
							},
							{
								"condition": "query.block_property('decor:face') == 1",
								"components": {
									"minecraft:rotation": [
										0,
										0,
										0
									]
								}
							},
							{
								"condition": "query.block_property('decor:face') == 2",
								"components": {
									"minecraft:rotation": [
										0,
										270,
										0
									]
								}
							},
							{
								"condition": "query.block_property('decor:face') == 3",
								"components": {
									"minecraft:rotation": [
										0,
										90,
										0
									]
								}
							},
							{
								"condition": "query.block_property('lamp:light_on')",
								"components": {
									"minecraft:block_light_emission": 1,
									"minecraft:material_instances": {
										"*": {
											"texture": "lamp_3_on"
										}
									}
								}
							}
						]
					},
					{
						"key": "events",
						"is_minified": true,
						"children": {
							"decor:face": {
								"set_block_property": {
									"decor:face": "query.cardinal_facing_2d-2"
								}
							},
							"lamp:toggle_light": {
								"set_block_property": {
									"lamp:light_on": "query.block_property('lamp:light_on') ? false: true"
								},
								"run_command": {
									"command": [
										"playsound block.lantern.hit @p ~~~ 1 1"
									]
								}
							}
						}
					}
				]
			},
			{
				"data": "1.16.0",
				"key": "format_version"
			}
		]
	}
}