{
	"file_path": "C:\\Users\\chupi\\AppData\\Local\\Packages\\Microsoft.MinecraftUWP_8wekyb3d8bbwe\\LocalState\\games\\com.mojang\\development_behavior_packs\\ModernDecoration\\blocks\\living_room\\potted_ivy.json",
	"file_type": "block",
	"format_version": 1,
	"file_uuid": "dc304f86_c3c3_44ae_bf4b_62848d92510a",
	"file_version": 2,
	"cache_content": {
		"children": [
			{
				"data": "1.16.0",
				"key": "format_version"
			},
			{
				"open": {
					"format_version": "1.16.0",
					"minecraft:block": {
						"description": {
							"identifier": "mc:potted_ivy",
							"is_experimental": true
						},
						"components": {
							"minecraft:destroy_time": 0.2,
							"minecraft:explosion_resistance": 1,
							"minecraft:block_light_absorption": 0,
							"minecraft:geometry": "geometry.potted_ivy",
							"minecraft:material_instances": {
								"*": {
									"texture": "mc_potted_ivy",
									"render_method": "alpha_test"
								}
							},
							"minecraft:pick_collision": {
								"origin": [
									-3,
									0,
									-3
								],
								"size": [
									6,
									5,
									6
								]
							},
							"minecraft:entity_collision": {
								"origin": [
									-3,
									0,
									-3
								],
								"size": [
									6,
									5,
									6
								]
							},
							"minecraft:creative_category": {
								"category": "construction"
							}
						}
					}
				},
				"key": "minecraft:block",
				"children": [
					{
						"open": {
							"description": {
								"identifier": "mc:potted_ivy",
								"is_experimental": true
							},
							"components": {
								"minecraft:destroy_time": 0.2,
								"minecraft:explosion_resistance": 1,
								"minecraft:block_light_absorption": 0,
								"minecraft:geometry": "geometry.potted_ivy",
								"minecraft:material_instances": {
									"*": {
										"texture": "mc_potted_ivy",
										"render_method": "alpha_test"
									}
								},
								"minecraft:pick_collision": {
									"origin": [
										-3,
										0,
										-3
									],
									"size": [
										6,
										5,
										6
									]
								},
								"minecraft:entity_collision": {
									"origin": [
										-3,
										0,
										-3
									],
									"size": [
										6,
										5,
										6
									]
								},
								"minecraft:creative_category": {
									"category": "construction"
								}
							}
						},
						"key": "description",
						"is_minified": true,
						"children": {
							"identifier": "mc:potted_ivy",
							"is_experimental": true
						}
					},
					{
						"open": {
							"description": {
								"identifier": "mc:potted_ivy",
								"is_experimental": true
							},
							"components": {
								"minecraft:destroy_time": 0.2,
								"minecraft:explosion_resistance": 1,
								"minecraft:block_light_absorption": 0,
								"minecraft:geometry": "geometry.potted_ivy",
								"minecraft:material_instances": {
									"*": {
										"texture": "mc_potted_ivy",
										"render_method": "alpha_test"
									}
								},
								"minecraft:pick_collision": {
									"origin": [
										-3,
										0,
										-3
									],
									"size": [
										6,
										5,
										6
									]
								},
								"minecraft:entity_collision": {
									"origin": [
										-3,
										0,
										-3
									],
									"size": [
										6,
										5,
										6
									]
								},
								"minecraft:creative_category": {
									"category": "construction"
								}
							}
						},
						"key": "components",
						"children": [
							{
								"data": "0.2",
								"key": "minecraft:destroy_time"
							},
							{
								"data": "1",
								"key": "minecraft:explosion_resistance"
							},
							{
								"data": "0.0",
								"key": "minecraft:block_light_absorption"
							},
							{
								"data": "geometry.potted_ivy",
								"key": "minecraft:geometry"
							},
							{
								"open": {
									"minecraft:destroy_time": 0.2,
									"minecraft:explosion_resistance": 1,
									"minecraft:block_light_absorption": 0,
									"minecraft:geometry": "geometry.potted_ivy",
									"minecraft:material_instances": {
										"*": {
											"texture": "mc_potted_ivy",
											"render_method": "alpha_test"
										}
									},
									"minecraft:pick_collision": {
										"origin": [
											-3,
											0,
											-3
										],
										"size": [
											6,
											5,
											6
										]
									},
									"minecraft:entity_collision": {
										"origin": [
											-3,
											0,
											-3
										],
										"size": [
											6,
											5,
											6
										]
									},
									"minecraft:creative_category": {
										"category": "construction"
									}
								},
								"key": "minecraft:material_instances",
								"children": [
									{
										"open": {
											"*": {
												"texture": "mc_potted_ivy",
												"render_method": "alpha_test"
											}
										},
										"key": "*",
										"is_minified": true,
										"children": {
											"texture": "mc_potted_ivy",
											"render_method": "alpha_test"
										}
									}
								]
							},
							{
								"key": "minecraft:pick_collision",
								"is_minified": true,
								"children": {
									"origin": [
										-3,
										0,
										-3
									],
									"size": [
										6,
										5,
										6
									]
								}
							},
							{
								"key": "minecraft:entity_collision",
								"is_minified": true,
								"children": {
									"origin": [
										-3,
										0,
										-3
									],
									"size": [
										6,
										5,
										6
									]
								}
							},
							{
								"key": "minecraft:creative_category",
								"is_minified": true,
								"children": {
									"category": "construction"
								}
							}
						]
					}
				]
			}
		]
	}
}