{
	"file_path": "C:\\Users\\chupi\\AppData\\Local\\Packages\\Microsoft.MinecraftUWP_8wekyb3d8bbwe\\LocalState\\games\\com.mojang\\development_behavior_packs\\ModernDecoration\\blocks\\living_room\\sofa_8.json",
	"file_type": "block",
	"format_version": 1,
	"file_uuid": "bb00c9be_753b_42c4_b16c_d4a2f27580a1",
	"file_version": 83,
	"cache_content": {
		"children": [
			{
				"data": "1.16.0",
				"key": "format_version"
			},
			{
				"open": {
					"format_version": "1.16.0",
					"minecraft:block": {
						"description": {
							"identifier": "mc:sofa_8",
							"is_experimental": true,
							"properties": {
								"decor:face": [
									0,
									1,
									2,
									3
								]
							}
						},
						"components": {
							"minecraft:geometry": "geometry.sofa_0",
							"minecraft:material_instances": {
								"*": {
									"texture": "mc_sofa_8",
									"ambient_occlusion": true
								}
							},
							"minecraft:explosion_resistance": 1,
							"minecraft:block_light_emission": 0,
							"minecraft:block_light_absorption": 0,
							"minecraft:pick_collision": {
								"origin": [
									-8,
									0,
									-8
								],
								"size": [
									16,
									8,
									16
								]
							},
							"minecraft:on_player_placing": {
								"event": "decor:face"
							},
							"minecraft:entity_collision": {
								"origin": [
									-3,
									0,
									-3
								],
								"size": [
									6,
									5,
									6
								]
							},
							"minecraft:destroy_time": 0.2,
							"minecraft:ticking": {
								"range": [
									0,
									0
								],
								"looping": false,
								"on_tick": {
									"event": "mc:set_sofa_col"
								}
							},
							"minecraft:on_interact": {
								"condition": "!query.is_sneaking",
								"event": "player:sit"
							},
							"minecraft:creative_category": {
								"category": "construction"
							}
						},
						"permutations": [
							{
								"condition": "query.block_property('decor:face') == 0",
								"components": {
									"minecraft:rotation": [
										0,
										180,
										0
									]
								}
							},
							{
								"condition": "query.block_property('decor:face') == 1",
								"components": {
									"minecraft:rotation": [
										0,
										0,
										0
									]
								}
							},
							{
								"condition": "query.block_property('decor:face') == 2",
								"components": {
									"minecraft:rotation": [
										0,
										270,
										0
									]
								}
							},
							{
								"condition": "query.block_property('decor:face') == 3",
								"components": {
									"minecraft:rotation": [
										0,
										90,
										0
									]
								}
							}
						],
						"events": {
							"decor:face": {
								"set_block_property": {
									"decor:face": "query.cardinal_facing_2d-2"
								}
							},
							"mc:set_sofa_col": {
								"sequence": [
									{
										"condition": "query.block_property('decor:face') == 0",
										"run_command": {
											"command": [
												"setblock ~1~~ mc:sofa_collision [\"direction\":0]",
												"setblock ~-1~~ mc:sofa_collision [\"direction\":0]",
												"summon mc:tiny_chair_entity"
											]
										}
									},
									{
										"condition": "query.block_property('decor:face') == 1",
										"run_command": {
											"command": [
												"setblock ~1~~ mc:sofa_collision [\"direction\":1]",
												"setblock ~-1~~ mc:sofa_collision [\"direction\":1]",
												"summon mc:tiny_chair_entity ~ ~ ~ facing_south"
											]
										}
									},
									{
										"condition": "query.block_property('decor:face') == 2",
										"run_command": {
											"command": [
												"setblock ~~~1 mc:sofa_collision [\"direction\":2]",
												"setblock ~~~-1 mc:sofa_collision [\"direction\":2]",
												"summon mc:tiny_chair_entity ~ ~ ~ facing_west"
											]
										}
									},
									{
										"condition": "query.block_property('decor:face') == 3",
										"run_command": {
											"command": [
												"setblock ~~~1 mc:sofa_collision [\"direction\":3]",
												"setblock ~~~-1 mc:sofa_collision [\"direction\":3]",
												"summon mc:tiny_chair_entity ~ ~ ~ facing_east"
											]
										}
									}
								]
							},
							"player:sit": {
								"sequence": [
									{
										"run_command": {
											"command": [
												"tag @s add player_chair_interact"
											],
											"target": "other"
										}
									},
									{
										"run_command": {
											"command": [
												"event entity @e[type=mc:tiny_chair_entity,r=0.01] player_interact"
											]
										}
									}
								]
							}
						}
					}
				},
				"key": "minecraft:block",
				"children": [
					{
						"open": {
							"description": {
								"identifier": "mc:sofa_8",
								"is_experimental": true,
								"properties": {
									"decor:face": [
										0,
										1,
										2,
										3
									]
								}
							},
							"components": {
								"minecraft:geometry": "geometry.sofa_0",
								"minecraft:material_instances": {
									"*": {
										"texture": "mc_sofa_8",
										"ambient_occlusion": true
									}
								},
								"minecraft:explosion_resistance": 1,
								"minecraft:block_light_emission": 0,
								"minecraft:block_light_absorption": 0,
								"minecraft:pick_collision": {
									"origin": [
										-8,
										0,
										-8
									],
									"size": [
										16,
										8,
										16
									]
								},
								"minecraft:on_player_placing": {
									"event": "decor:face"
								},
								"minecraft:entity_collision": {
									"origin": [
										-3,
										0,
										-3
									],
									"size": [
										6,
										5,
										6
									]
								},
								"minecraft:destroy_time": 0.2,
								"minecraft:ticking": {
									"range": [
										0,
										0
									],
									"looping": false,
									"on_tick": {
										"event": "mc:set_sofa_col"
									}
								},
								"minecraft:on_interact": {
									"condition": "!query.is_sneaking",
									"event": "player:sit"
								},
								"minecraft:creative_category": {
									"category": "construction"
								}
							},
							"permutations": [
								{
									"condition": "query.block_property('decor:face') == 0",
									"components": {
										"minecraft:rotation": [
											0,
											180,
											0
										]
									}
								},
								{
									"condition": "query.block_property('decor:face') == 1",
									"components": {
										"minecraft:rotation": [
											0,
											0,
											0
										]
									}
								},
								{
									"condition": "query.block_property('decor:face') == 2",
									"components": {
										"minecraft:rotation": [
											0,
											270,
											0
										]
									}
								},
								{
									"condition": "query.block_property('decor:face') == 3",
									"components": {
										"minecraft:rotation": [
											0,
											90,
											0
										]
									}
								}
							],
							"events": {
								"decor:face": {
									"set_block_property": {
										"decor:face": "query.cardinal_facing_2d-2"
									}
								},
								"mc:set_sofa_col": {
									"sequence": [
										{
											"condition": "query.block_property('decor:face') == 0",
											"run_command": {
												"command": [
													"setblock ~1~~ mc:sofa_collision [\"direction\":0]",
													"setblock ~-1~~ mc:sofa_collision [\"direction\":0]",
													"summon mc:tiny_chair_entity"
												]
											}
										},
										{
											"condition": "query.block_property('decor:face') == 1",
											"run_command": {
												"command": [
													"setblock ~1~~ mc:sofa_collision [\"direction\":1]",
													"setblock ~-1~~ mc:sofa_collision [\"direction\":1]",
													"summon mc:tiny_chair_entity ~ ~ ~ facing_south"
												]
											}
										},
										{
											"condition": "query.block_property('decor:face') == 2",
											"run_command": {
												"command": [
													"setblock ~~~1 mc:sofa_collision [\"direction\":2]",
													"setblock ~~~-1 mc:sofa_collision [\"direction\":2]",
													"summon mc:tiny_chair_entity ~ ~ ~ facing_west"
												]
											}
										},
										{
											"condition": "query.block_property('decor:face') == 3",
											"run_command": {
												"command": [
													"setblock ~~~1 mc:sofa_collision [\"direction\":3]",
													"setblock ~~~-1 mc:sofa_collision [\"direction\":3]",
													"summon mc:tiny_chair_entity ~ ~ ~ facing_east"
												]
											}
										}
									]
								},
								"player:sit": {
									"sequence": [
										{
											"run_command": {
												"command": [
													"tag @s add player_chair_interact"
												],
												"target": "other"
											}
										},
										{
											"run_command": {
												"command": [
													"event entity @e[type=mc:tiny_chair_entity,r=0.01] player_interact"
												]
											}
										}
									]
								}
							}
						},
						"key": "description",
						"is_minified": true,
						"children": {
							"identifier": "mc:sofa_8",
							"is_experimental": true,
							"properties": {
								"decor:face": [
									0,
									1,
									2,
									3
								]
							}
						}
					},
					{
						"open": {
							"description": {
								"identifier": "mc:sofa_8",
								"is_experimental": true,
								"properties": {
									"decor:face": [
										0,
										1,
										2,
										3
									]
								}
							},
							"components": {
								"minecraft:geometry": "geometry.sofa_0",
								"minecraft:material_instances": {
									"*": {
										"texture": "mc_sofa_8",
										"ambient_occlusion": true
									}
								},
								"minecraft:explosion_resistance": 1,
								"minecraft:block_light_emission": 0,
								"minecraft:block_light_absorption": 0,
								"minecraft:pick_collision": {
									"origin": [
										-8,
										0,
										-8
									],
									"size": [
										16,
										8,
										16
									]
								},
								"minecraft:on_player_placing": {
									"event": "decor:face"
								},
								"minecraft:entity_collision": {
									"origin": [
										-3,
										0,
										-3
									],
									"size": [
										6,
										5,
										6
									]
								},
								"minecraft:destroy_time": 0.2,
								"minecraft:ticking": {
									"range": [
										0,
										0
									],
									"looping": false,
									"on_tick": {
										"event": "mc:set_sofa_col"
									}
								},
								"minecraft:on_interact": {
									"condition": "!query.is_sneaking",
									"event": "player:sit"
								},
								"minecraft:creative_category": {
									"category": "construction"
								}
							},
							"permutations": [
								{
									"condition": "query.block_property('decor:face') == 0",
									"components": {
										"minecraft:rotation": [
											0,
											180,
											0
										]
									}
								},
								{
									"condition": "query.block_property('decor:face') == 1",
									"components": {
										"minecraft:rotation": [
											0,
											0,
											0
										]
									}
								},
								{
									"condition": "query.block_property('decor:face') == 2",
									"components": {
										"minecraft:rotation": [
											0,
											270,
											0
										]
									}
								},
								{
									"condition": "query.block_property('decor:face') == 3",
									"components": {
										"minecraft:rotation": [
											0,
											90,
											0
										]
									}
								}
							],
							"events": {
								"decor:face": {
									"set_block_property": {
										"decor:face": "query.cardinal_facing_2d-2"
									}
								},
								"mc:set_sofa_col": {
									"sequence": [
										{
											"condition": "query.block_property('decor:face') == 0",
											"run_command": {
												"command": [
													"setblock ~1~~ mc:sofa_collision [\"direction\":0]",
													"setblock ~-1~~ mc:sofa_collision [\"direction\":0]",
													"summon mc:tiny_chair_entity"
												]
											}
										},
										{
											"condition": "query.block_property('decor:face') == 1",
											"run_command": {
												"command": [
													"setblock ~1~~ mc:sofa_collision [\"direction\":1]",
													"setblock ~-1~~ mc:sofa_collision [\"direction\":1]",
													"summon mc:tiny_chair_entity ~ ~ ~ facing_south"
												]
											}
										},
										{
											"condition": "query.block_property('decor:face') == 2",
											"run_command": {
												"command": [
													"setblock ~~~1 mc:sofa_collision [\"direction\":2]",
													"setblock ~~~-1 mc:sofa_collision [\"direction\":2]",
													"summon mc:tiny_chair_entity ~ ~ ~ facing_west"
												]
											}
										},
										{
											"condition": "query.block_property('decor:face') == 3",
											"run_command": {
												"command": [
													"setblock ~~~1 mc:sofa_collision [\"direction\":3]",
													"setblock ~~~-1 mc:sofa_collision [\"direction\":3]",
													"summon mc:tiny_chair_entity ~ ~ ~ facing_east"
												]
											}
										}
									]
								},
								"player:sit": {
									"sequence": [
										{
											"run_command": {
												"command": [
													"tag @s add player_chair_interact"
												],
												"target": "other"
											}
										},
										{
											"run_command": {
												"command": [
													"event entity @e[type=mc:tiny_chair_entity,r=0.01] player_interact"
												]
											}
										}
									]
								}
							}
						},
						"key": "components",
						"children": [
							{
								"data": "geometry.sofa_0",
								"key": "minecraft:geometry"
							},
							{
								"open": {
									"minecraft:geometry": "geometry.sofa_0",
									"minecraft:material_instances": {
										"*": {
											"texture": "mc_sofa_8",
											"ambient_occlusion": true
										}
									},
									"minecraft:explosion_resistance": 1,
									"minecraft:block_light_emission": 0,
									"minecraft:block_light_absorption": 0,
									"minecraft:pick_collision": {
										"origin": [
											-8,
											0,
											-8
										],
										"size": [
											16,
											8,
											16
										]
									},
									"minecraft:on_player_placing": {
										"event": "decor:face"
									},
									"minecraft:entity_collision": {
										"origin": [
											-3,
											0,
											-3
										],
										"size": [
											6,
											5,
											6
										]
									},
									"minecraft:destroy_time": 0.2,
									"minecraft:ticking": {
										"range": [
											0,
											0
										],
										"looping": false,
										"on_tick": {
											"event": "mc:set_sofa_col"
										}
									},
									"minecraft:on_interact": {
										"condition": "!query.is_sneaking",
										"event": "player:sit"
									},
									"minecraft:creative_category": {
										"category": "construction"
									}
								},
								"key": "minecraft:material_instances",
								"children": [
									{
										"open": {
											"*": {
												"texture": "mc_sofa_8",
												"ambient_occlusion": true
											}
										},
										"key": "*",
										"is_minified": true,
										"children": {
											"texture": "mc_sofa_8",
											"ambient_occlusion": true
										}
									}
								]
							},
							{
								"data": "1",
								"key": "minecraft:explosion_resistance"
							},
							{
								"data": "0",
								"key": "minecraft:block_light_emission"
							},
							{
								"data": "0",
								"key": "minecraft:block_light_absorption"
							},
							{
								"key": "minecraft:pick_collision",
								"children": [
									{
										"open": {
											"origin": [
												-8,
												0,
												-8
											],
											"size": [
												16,
												8,
												16
											]
										},
										"key": "origin",
										"is_minified": true,
										"children": [
											-8,
											0,
											-8
										]
									},
									{
										"open": {
											"origin": [
												-8,
												0,
												-8
											],
											"size": [
												16,
												8,
												16
											]
										},
										"key": "size",
										"is_minified": true,
										"children": [
											16,
											8,
											16
										]
									}
								]
							},
							{
								"key": "minecraft:on_player_placing",
								"is_minified": true,
								"children": {
									"event": "decor:face"
								}
							},
							{
								"key": "minecraft:entity_collision",
								"is_minified": true,
								"children": {
									"origin": [
										-3,
										0,
										-3
									],
									"size": [
										6,
										5,
										6
									]
								}
							},
							{
								"data": "0.2",
								"key": "minecraft:destroy_time"
							},
							{
								"key": "minecraft:ticking",
								"children": [
									{
										"key": "range",
										"is_minified": true,
										"children": [
											0,
											0
										]
									},
									{
										"data": "false",
										"key": "looping"
									},
									{
										"open": {
											"range": [
												0,
												0
											],
											"looping": false,
											"on_tick": {
												"event": "mc:set_sofa_col"
											}
										},
										"key": "on_tick",
										"is_minified": true,
										"children": {
											"event": "mc:set_sofa_col"
										}
									}
								]
							},
							{
								"key": "minecraft:on_interact",
								"is_minified": true,
								"children": {
									"condition": "!query.is_sneaking",
									"event": "player:sit"
								}
							},
							{
								"key": "minecraft:creative_category",
								"is_minified": true,
								"children": {
									"category": "construction"
								}
							}
						]
					},
					{
						"key": "permutations",
						"is_minified": true,
						"children": [
							{
								"condition": "query.block_property('decor:face') == 0",
								"components": {
									"minecraft:rotation": [
										0,
										180,
										0
									]
								}
							},
							{
								"condition": "query.block_property('decor:face') == 1",
								"components": {
									"minecraft:rotation": [
										0,
										0,
										0
									]
								}
							},
							{
								"condition": "query.block_property('decor:face') == 2",
								"components": {
									"minecraft:rotation": [
										0,
										270,
										0
									]
								}
							},
							{
								"condition": "query.block_property('decor:face') == 3",
								"components": {
									"minecraft:rotation": [
										0,
										90,
										0
									]
								}
							}
						]
					},
					{
						"open": {
							"description": {
								"identifier": "mc:sofa_8",
								"is_experimental": true,
								"properties": {
									"decor:face": [
										0,
										1,
										2,
										3
									]
								}
							},
							"components": {
								"minecraft:geometry": "geometry.sofa_0",
								"minecraft:material_instances": {
									"*": {
										"texture": "mc_sofa_8",
										"ambient_occlusion": true
									}
								},
								"minecraft:explosion_resistance": 1,
								"minecraft:block_light_emission": 0,
								"minecraft:block_light_absorption": 0,
								"minecraft:pick_collision": {
									"origin": [
										-8,
										0,
										-8
									],
									"size": [
										16,
										8,
										16
									]
								},
								"minecraft:on_player_placing": {
									"event": "decor:face"
								},
								"minecraft:entity_collision": {
									"origin": [
										-3,
										0,
										-3
									],
									"size": [
										6,
										5,
										6
									]
								},
								"minecraft:destroy_time": 0.2,
								"minecraft:ticking": {
									"range": [
										0,
										0
									],
									"looping": false,
									"on_tick": {
										"event": "mc:set_sofa_col"
									}
								},
								"minecraft:on_interact": {
									"condition": "!query.is_sneaking",
									"event": "player:sit"
								},
								"minecraft:creative_category": {
									"category": "construction"
								}
							},
							"permutations": [
								{
									"condition": "query.block_property('decor:face') == 0",
									"components": {
										"minecraft:rotation": [
											0,
											180,
											0
										]
									}
								},
								{
									"condition": "query.block_property('decor:face') == 1",
									"components": {
										"minecraft:rotation": [
											0,
											0,
											0
										]
									}
								},
								{
									"condition": "query.block_property('decor:face') == 2",
									"components": {
										"minecraft:rotation": [
											0,
											270,
											0
										]
									}
								},
								{
									"condition": "query.block_property('decor:face') == 3",
									"components": {
										"minecraft:rotation": [
											0,
											90,
											0
										]
									}
								}
							],
							"events": {
								"decor:face": {
									"set_block_property": {
										"decor:face": "query.cardinal_facing_2d-2"
									}
								},
								"mc:set_sofa_col": {
									"sequence": [
										{
											"condition": "query.block_property('decor:face') == 0",
											"run_command": {
												"command": [
													"setblock ~1~~ mc:sofa_collision [\"direction\":0]",
													"setblock ~-1~~ mc:sofa_collision [\"direction\":0]",
													"summon mc:tiny_chair_entity"
												]
											}
										},
										{
											"condition": "query.block_property('decor:face') == 1",
											"run_command": {
												"command": [
													"setblock ~1~~ mc:sofa_collision [\"direction\":1]",
													"setblock ~-1~~ mc:sofa_collision [\"direction\":1]",
													"summon mc:tiny_chair_entity ~ ~ ~ facing_south"
												]
											}
										},
										{
											"condition": "query.block_property('decor:face') == 2",
											"run_command": {
												"command": [
													"setblock ~~~1 mc:sofa_collision [\"direction\":2]",
													"setblock ~~~-1 mc:sofa_collision [\"direction\":2]",
													"summon mc:tiny_chair_entity ~ ~ ~ facing_west"
												]
											}
										},
										{
											"condition": "query.block_property('decor:face') == 3",
											"run_command": {
												"command": [
													"setblock ~~~1 mc:sofa_collision [\"direction\":3]",
													"setblock ~~~-1 mc:sofa_collision [\"direction\":3]",
													"summon mc:tiny_chair_entity ~ ~ ~ facing_east"
												]
											}
										}
									]
								},
								"player:sit": {
									"sequence": [
										{
											"run_command": {
												"command": [
													"tag @s add player_chair_interact"
												],
												"target": "other"
											}
										},
										{
											"run_command": {
												"command": [
													"event entity @e[type=mc:tiny_chair_entity,r=0.01] player_interact"
												]
											}
										}
									]
								}
							}
						},
						"key": "events",
						"children": [
							{
								"key": "decor:face",
								"is_minified": true,
								"children": {
									"set_block_property": {
										"decor:face": "query.cardinal_facing_2d-2"
									}
								}
							},
							{
								"open": {
									"decor:face": {
										"set_block_property": {
											"decor:face": "query.cardinal_facing_2d-2"
										}
									},
									"mc:set_sofa_col": {
										"sequence": [
											{
												"condition": "query.block_property('decor:face') == 0",
												"run_command": {
													"command": [
														"setblock ~1~~ mc:sofa_collision [\"direction\":0]",
														"setblock ~-1~~ mc:sofa_collision [\"direction\":0]",
														"summon mc:tiny_chair_entity"
													]
												}
											},
											{
												"condition": "query.block_property('decor:face') == 1",
												"run_command": {
													"command": [
														"setblock ~1~~ mc:sofa_collision [\"direction\":1]",
														"setblock ~-1~~ mc:sofa_collision [\"direction\":1]",
														"summon mc:tiny_chair_entity ~ ~ ~ facing_south"
													]
												}
											},
											{
												"condition": "query.block_property('decor:face') == 2",
												"run_command": {
													"command": [
														"setblock ~~~1 mc:sofa_collision [\"direction\":2]",
														"setblock ~~~-1 mc:sofa_collision [\"direction\":2]",
														"summon mc:tiny_chair_entity ~ ~ ~ facing_west"
													]
												}
											},
											{
												"condition": "query.block_property('decor:face') == 3",
												"run_command": {
													"command": [
														"setblock ~~~1 mc:sofa_collision [\"direction\":3]",
														"setblock ~~~-1 mc:sofa_collision [\"direction\":3]",
														"summon mc:tiny_chair_entity ~ ~ ~ facing_east"
													]
												}
											}
										]
									},
									"player:sit": {
										"sequence": [
											{
												"run_command": {
													"command": [
														"tag @s add player_chair_interact"
													],
													"target": "other"
												}
											},
											{
												"run_command": {
													"command": [
														"event entity @e[type=mc:tiny_chair_entity,r=0.01] player_interact"
													]
												}
											}
										]
									}
								},
								"key": "mc:set_sofa_col",
								"children": [
									{
										"open": {
											"sequence": [
												{
													"condition": "query.block_property('decor:face') == 0",
													"run_command": {
														"command": [
															"setblock ~1~~ mc:sofa_collision [\"direction\":0]",
															"setblock ~-1~~ mc:sofa_collision [\"direction\":0]",
															"summon mc:tiny_chair_entity"
														]
													}
												},
												{
													"condition": "query.block_property('decor:face') == 1",
													"run_command": {
														"command": [
															"setblock ~1~~ mc:sofa_collision [\"direction\":1]",
															"setblock ~-1~~ mc:sofa_collision [\"direction\":1]",
															"summon mc:tiny_chair_entity ~ ~ ~ facing_south"
														]
													}
												},
												{
													"condition": "query.block_property('decor:face') == 2",
													"run_command": {
														"command": [
															"setblock ~~~1 mc:sofa_collision [\"direction\":2]",
															"setblock ~~~-1 mc:sofa_collision [\"direction\":2]",
															"summon mc:tiny_chair_entity ~ ~ ~ facing_west"
														]
													}
												},
												{
													"condition": "query.block_property('decor:face') == 3",
													"run_command": {
														"command": [
															"setblock ~~~1 mc:sofa_collision [\"direction\":3]",
															"setblock ~~~-1 mc:sofa_collision [\"direction\":3]",
															"summon mc:tiny_chair_entity ~ ~ ~ facing_east"
														]
													}
												}
											]
										},
										"key": "sequence",
										"children": [
											{
												"open": [
													{
														"condition": "query.block_property('decor:face') == 0",
														"run_command": {
															"command": [
																"setblock ~1~~ mc:sofa_collision [\"direction\":0]",
																"setblock ~-1~~ mc:sofa_collision [\"direction\":0]",
																"summon mc:tiny_chair_entity"
															]
														}
													},
													{
														"condition": "query.block_property('decor:face') == 1",
														"run_command": {
															"command": [
																"setblock ~1~~ mc:sofa_collision [\"direction\":1]",
																"setblock ~-1~~ mc:sofa_collision [\"direction\":1]",
																"summon mc:tiny_chair_entity ~ ~ ~ facing_south"
															]
														}
													},
													{
														"condition": "query.block_property('decor:face') == 2",
														"run_command": {
															"command": [
																"setblock ~~~1 mc:sofa_collision [\"direction\":2]",
																"setblock ~~~-1 mc:sofa_collision [\"direction\":2]",
																"summon mc:tiny_chair_entity ~ ~ ~ facing_west"
															]
														}
													},
													{
														"condition": "query.block_property('decor:face') == 3",
														"run_command": {
															"command": [
																"setblock ~~~1 mc:sofa_collision [\"direction\":3]",
																"setblock ~~~-1 mc:sofa_collision [\"direction\":3]",
																"summon mc:tiny_chair_entity ~ ~ ~ facing_east"
															]
														}
													}
												],
												"children": [
													{
														"data": "query.block_property('decor:face') == 0",
														"key": "condition"
													},
													{
														"open": {
															"condition": "query.block_property('decor:face') == 0",
															"run_command": {
																"command": [
																	"setblock ~1~~ mc:sofa_collision [\"direction\":0]",
																	"setblock ~-1~~ mc:sofa_collision [\"direction\":0]",
																	"summon mc:tiny_chair_entity"
																]
															}
														},
														"key": "run_command",
														"children": [
															{
																"open": {
																	"command": [
																		"setblock ~1~~ mc:sofa_collision [\"direction\":0]",
																		"setblock ~-1~~ mc:sofa_collision [\"direction\":0]",
																		"summon mc:tiny_chair_entity"
																	]
																},
																"key": "command",
																"is_minified": true,
																"children": [
																	"setblock ~1~~ mc:sofa_collision [\"direction\":0]",
																	"setblock ~-1~~ mc:sofa_collision [\"direction\":0]",
																	"summon mc:tiny_chair_entity"
																]
															}
														]
													}
												]
											},
											{
												"open": [
													{
														"condition": "query.block_property('decor:face') == 0",
														"run_command": {
															"command": [
																"setblock ~1~~ mc:sofa_collision [\"direction\":0]",
																"setblock ~-1~~ mc:sofa_collision [\"direction\":0]",
																"summon mc:tiny_chair_entity"
															]
														}
													},
													{
														"condition": "query.block_property('decor:face') == 1",
														"run_command": {
															"command": [
																"setblock ~1~~ mc:sofa_collision [\"direction\":1]",
																"setblock ~-1~~ mc:sofa_collision [\"direction\":1]",
																"summon mc:tiny_chair_entity ~ ~ ~ facing_south"
															]
														}
													},
													{
														"condition": "query.block_property('decor:face') == 2",
														"run_command": {
															"command": [
																"setblock ~~~1 mc:sofa_collision [\"direction\":2]",
																"setblock ~~~-1 mc:sofa_collision [\"direction\":2]",
																"summon mc:tiny_chair_entity ~ ~ ~ facing_west"
															]
														}
													},
													{
														"condition": "query.block_property('decor:face') == 3",
														"run_command": {
															"command": [
																"setblock ~~~1 mc:sofa_collision [\"direction\":3]",
																"setblock ~~~-1 mc:sofa_collision [\"direction\":3]",
																"summon mc:tiny_chair_entity ~ ~ ~ facing_east"
															]
														}
													}
												],
												"children": [
													{
														"data": "query.block_property('decor:face') == 1",
														"key": "condition"
													},
													{
														"open": {
															"condition": "query.block_property('decor:face') == 1",
															"run_command": {
																"command": [
																	"setblock ~1~~ mc:sofa_collision [\"direction\":1]",
																	"setblock ~-1~~ mc:sofa_collision [\"direction\":1]",
																	"summon mc:tiny_chair_entity ~ ~ ~ facing_south"
																]
															}
														},
														"key": "run_command",
														"children": [
															{
																"open": {
																	"command": [
																		"setblock ~1~~ mc:sofa_collision [\"direction\":1]",
																		"setblock ~-1~~ mc:sofa_collision [\"direction\":1]",
																		"summon mc:tiny_chair_entity ~ ~ ~ facing_south"
																	]
																},
																"key": "command",
																"is_minified": true,
																"children": [
																	"setblock ~1~~ mc:sofa_collision [\"direction\":1]",
																	"setblock ~-1~~ mc:sofa_collision [\"direction\":1]",
																	"summon mc:tiny_chair_entity ~ ~ ~ facing_south"
																]
															}
														]
													}
												]
											},
											{
												"open": [
													{
														"condition": "query.block_property('decor:face') == 0",
														"run_command": {
															"command": [
																"setblock ~1~~ mc:sofa_collision [\"direction\":0]",
																"setblock ~-1~~ mc:sofa_collision [\"direction\":0]",
																"summon mc:tiny_chair_entity"
															]
														}
													},
													{
														"condition": "query.block_property('decor:face') == 1",
														"run_command": {
															"command": [
																"setblock ~1~~ mc:sofa_collision [\"direction\":1]",
																"setblock ~-1~~ mc:sofa_collision [\"direction\":1]",
																"summon mc:tiny_chair_entity ~ ~ ~ facing_south"
															]
														}
													},
													{
														"condition": "query.block_property('decor:face') == 2",
														"run_command": {
															"command": [
																"setblock ~~~1 mc:sofa_collision [\"direction\":2]",
																"setblock ~~~-1 mc:sofa_collision [\"direction\":2]",
																"summon mc:tiny_chair_entity ~ ~ ~ facing_west"
															]
														}
													},
													{
														"condition": "query.block_property('decor:face') == 3",
														"run_command": {
															"command": [
																"setblock ~~~1 mc:sofa_collision [\"direction\":3]",
																"setblock ~~~-1 mc:sofa_collision [\"direction\":3]",
																"summon mc:tiny_chair_entity ~ ~ ~ facing_east"
															]
														}
													}
												],
												"children": [
													{
														"data": "query.block_property('decor:face') == 2",
														"key": "condition"
													},
													{
														"open": {
															"condition": "query.block_property('decor:face') == 2",
															"run_command": {
																"command": [
																	"setblock ~~~1 mc:sofa_collision [\"direction\":2]",
																	"setblock ~~~-1 mc:sofa_collision [\"direction\":2]",
																	"summon mc:tiny_chair_entity ~ ~ ~ facing_west"
																]
															}
														},
														"key": "run_command",
														"children": [
															{
																"open": {
																	"command": [
																		"setblock ~~~1 mc:sofa_collision [\"direction\":2]",
																		"setblock ~~~-1 mc:sofa_collision [\"direction\":2]",
																		"summon mc:tiny_chair_entity ~ ~ ~ facing_west"
																	]
																},
																"key": "command",
																"is_minified": true,
																"children": [
																	"setblock ~~~1 mc:sofa_collision [\"direction\":2]",
																	"setblock ~~~-1 mc:sofa_collision [\"direction\":2]",
																	"summon mc:tiny_chair_entity ~ ~ ~ facing_west"
																]
															}
														]
													}
												]
											},
											{
												"open": [
													{
														"condition": "query.block_property('decor:face') == 0",
														"run_command": {
															"command": [
																"setblock ~1~~ mc:sofa_collision [\"direction\":0]",
																"setblock ~-1~~ mc:sofa_collision [\"direction\":0]",
																"summon mc:tiny_chair_entity"
															]
														}
													},
													{
														"condition": "query.block_property('decor:face') == 1",
														"run_command": {
															"command": [
																"setblock ~1~~ mc:sofa_collision [\"direction\":1]",
																"setblock ~-1~~ mc:sofa_collision [\"direction\":1]",
																"summon mc:tiny_chair_entity ~ ~ ~ facing_south"
															]
														}
													},
													{
														"condition": "query.block_property('decor:face') == 2",
														"run_command": {
															"command": [
																"setblock ~~~1 mc:sofa_collision [\"direction\":2]",
																"setblock ~~~-1 mc:sofa_collision [\"direction\":2]",
																"summon mc:tiny_chair_entity ~ ~ ~ facing_west"
															]
														}
													},
													{
														"condition": "query.block_property('decor:face') == 3",
														"run_command": {
															"command": [
																"setblock ~~~1 mc:sofa_collision [\"direction\":3]",
																"setblock ~~~-1 mc:sofa_collision [\"direction\":3]",
																"summon mc:tiny_chair_entity ~ ~ ~ facing_east"
															]
														}
													}
												],
												"children": [
													{
														"data": "query.block_property('decor:face') == 3",
														"key": "condition"
													},
													{
														"open": {
															"condition": "query.block_property('decor:face') == 3",
															"run_command": {
																"command": [
																	"setblock ~~~1 mc:sofa_collision [\"direction\":3]",
																	"setblock ~~~-1 mc:sofa_collision [\"direction\":3]",
																	"summon mc:tiny_chair_entity ~ ~ ~ facing_east"
																]
															}
														},
														"key": "run_command",
														"children": [
															{
																"open": {
																	"command": [
																		"setblock ~~~1 mc:sofa_collision [\"direction\":3]",
																		"setblock ~~~-1 mc:sofa_collision [\"direction\":3]",
																		"summon mc:tiny_chair_entity ~ ~ ~ facing_east"
																	]
																},
																"key": "command",
																"is_minified": true,
																"children": [
																	"setblock ~~~1 mc:sofa_collision [\"direction\":3]",
																	"setblock ~~~-1 mc:sofa_collision [\"direction\":3]",
																	"summon mc:tiny_chair_entity ~ ~ ~ facing_east"
																]
															}
														]
													}
												]
											}
										]
									}
								]
							},
							{
								"key": "player:sit",
								"is_minified": true,
								"children": {
									"sequence": [
										{
											"run_command": {
												"command": [
													"tag @s add player_chair_interact"
												],
												"target": "other"
											}
										},
										{
											"run_command": {
												"command": [
													"event entity @e[type=mc:tiny_chair_entity,r=0.01] player_interact"
												]
											}
										}
									]
								}
							}
						]
					}
				]
			}
		]
	}
}