{
	"file_path": "C:\\Users\\chupi\\AppData\\Local\\Packages\\Microsoft.MinecraftUWP_8wekyb3d8bbwe\\LocalState\\games\\com.mojang\\development_behavior_packs\\ModernDecoration\\blocks\\living_room\\table_1.json",
	"file_type": "block",
	"format_version": 1,
	"file_uuid": "7c995133_2440_4d05_99e2_ca175f2722d9",
	"file_version": 53,
	"cache_content": {
		"children": [
			{
				"data": "1.16.0",
				"key": "format_version"
			},
			{
				"open": {
					"format_version": "1.16.0",
					"minecraft:block": {
						"description": {
							"identifier": "mc:table_1",
							"is_experimental": true,
							"properties": {
								"decor:face": [
									0,
									1,
									2,
									3
								],
								"mc:tablecloth_type": [
									0,
									1,
									2,
									3
								]
							}
						},
						"components": {
							"minecraft:geometry": "geometry.table_0",
							"minecraft:material_instances": {
								"*": {
									"texture": "mc_table_1",
									"ambient_occlusion": true,
									"render_method": "alpha_test"
								}
							},
							"minecraft:destroy_time": 0.2,
							"minecraft:explosion_resistance": 1,
							"minecraft:block_light_emission": 0,
							"minecraft:block_light_absorption": 0,
							"minecraft:entity_collision": {
								"origin": [
									-8,
									0,
									-8
								],
								"size": [
									16,
									16,
									16
								]
							},
							"minecraft:pick_collision": {
								"origin": [
									-8,
									0,
									-8
								],
								"size": [
									16,
									16,
									16
								]
							},
							"minecraft:on_player_placing": {
								"event": "decor:face"
							},
							"minecraft:ticking": {
								"range": [
									0,
									0
								],
								"looping": false,
								"on_tick": {
									"event": "mc:set_table_col"
								}
							},
							"minecraft:on_interact": {
								"event": "mc:set_tablecloth"
							},
							"minecraft:creative_category": {
								"category": "construction"
							}
						},
						"permutations": [
							{
								"condition": "query.block_property('decor:face') == 0",
								"components": {
									"minecraft:rotation": [
										0,
										180,
										0
									]
								}
							},
							{
								"condition": "query.block_property('decor:face') == 1",
								"components": {
									"minecraft:rotation": [
										0,
										0,
										0
									]
								}
							},
							{
								"condition": "query.block_property('decor:face') == 2",
								"components": {
									"minecraft:rotation": [
										0,
										270,
										0
									]
								}
							},
							{
								"condition": "query.block_property('decor:face') == 3",
								"components": {
									"minecraft:rotation": [
										0,
										90,
										0
									]
								}
							},
							{
								"condition": "query.block_property('mc:tablecloth_type') == 0",
								"components": {
									"minecraft:material_instances": {
										"*": {
											"texture": "mc_table_1",
											"ambient_occlusion": true,
											"render_method": "alpha_test"
										}
									}
								}
							},
							{
								"condition": "query.block_property('mc:tablecloth_type') == 1",
								"components": {
									"minecraft:material_instances": {
										"*": {
											"texture": "mc_table_0_tablecloth_0",
											"ambient_occlusion": true,
											"render_method": "alpha_test"
										}
									}
								}
							},
							{
								"condition": "query.block_property('mc:tablecloth_type') == 2",
								"components": {
									"minecraft:material_instances": {
										"*": {
											"texture": "mc_table_0_tablecloth_1",
											"ambient_occlusion": true,
											"render_method": "alpha_test"
										}
									}
								}
							},
							{
								"condition": "query.block_property('mc:tablecloth_type') == 3",
								"components": {
									"minecraft:material_instances": {
										"*": {
											"texture": "mc_table_0_tablecloth_2",
											"ambient_occlusion": true,
											"render_method": "alpha_test"
										}
									}
								}
							}
						],
						"events": {
							"decor:face": {
								"set_block_property": {
									"decor:face": "query.cardinal_facing_2d-2"
								}
							},
							"mc:set_table_col": {
								"sequence": [
									{
										"condition": "query.block_property('decor:face') == 0",
										"run_command": {
											"command": [
												"setblock ~1~~ mc:table_collision",
												"setblock ~-1~~ mc:table_collision"
											]
										}
									},
									{
										"condition": "query.block_property('decor:face') == 1",
										"run_command": {
											"command": [
												"setblock ~1~~ mc:table_collision",
												"setblock ~-1~~ mc:table_collision"
											]
										}
									},
									{
										"condition": "query.block_property('decor:face') == 2",
										"run_command": {
											"command": [
												"setblock ~~~1 mc:table_collision",
												"setblock ~~~-1 mc:table_collision"
											]
										}
									},
									{
										"condition": "query.block_property('decor:face') == 3",
										"run_command": {
											"command": [
												"setblock ~~~1 mc:table_collision",
												"setblock ~~~-1 mc:table_collision"
											]
										}
									}
								]
							},
							"mc:set_tablecloth": {
								"set_block_property": {
									"mc:tablecloth_type": "query.get_equipped_item_name == 'tablecloth_0' ? 1 : (query.get_equipped_item_name == 'tablecloth_1' ? 2 : (query.get_equipped_item_name=='tablecloth_2'?3:0))"
								}
							}
						}
					}
				},
				"key": "minecraft:block",
				"children": [
					{
						"key": "description",
						"is_minified": true,
						"children": {
							"identifier": "mc:table_1",
							"is_experimental": true,
							"properties": {
								"decor:face": [
									0,
									1,
									2,
									3
								],
								"mc:tablecloth_type": [
									0,
									1,
									2,
									3
								]
							}
						}
					},
					{
						"open": {
							"description": {
								"identifier": "mc:table_1",
								"is_experimental": true,
								"properties": {
									"decor:face": [
										0,
										1,
										2,
										3
									],
									"mc:tablecloth_type": [
										0,
										1,
										2,
										3
									]
								}
							},
							"components": {
								"minecraft:geometry": "geometry.table_0",
								"minecraft:material_instances": {
									"*": {
										"texture": "mc_table_1",
										"ambient_occlusion": true,
										"render_method": "alpha_test"
									}
								},
								"minecraft:destroy_time": 0.2,
								"minecraft:explosion_resistance": 1,
								"minecraft:block_light_emission": 0,
								"minecraft:block_light_absorption": 0,
								"minecraft:entity_collision": {
									"origin": [
										-8,
										0,
										-8
									],
									"size": [
										16,
										16,
										16
									]
								},
								"minecraft:pick_collision": {
									"origin": [
										-8,
										0,
										-8
									],
									"size": [
										16,
										16,
										16
									]
								},
								"minecraft:on_player_placing": {
									"event": "decor:face"
								},
								"minecraft:ticking": {
									"range": [
										0,
										0
									],
									"looping": false,
									"on_tick": {
										"event": "mc:set_table_col"
									}
								},
								"minecraft:on_interact": {
									"event": "mc:set_tablecloth"
								},
								"minecraft:creative_category": {
									"category": "construction"
								}
							},
							"permutations": [
								{
									"condition": "query.block_property('decor:face') == 0",
									"components": {
										"minecraft:rotation": [
											0,
											180,
											0
										]
									}
								},
								{
									"condition": "query.block_property('decor:face') == 1",
									"components": {
										"minecraft:rotation": [
											0,
											0,
											0
										]
									}
								},
								{
									"condition": "query.block_property('decor:face') == 2",
									"components": {
										"minecraft:rotation": [
											0,
											270,
											0
										]
									}
								},
								{
									"condition": "query.block_property('decor:face') == 3",
									"components": {
										"minecraft:rotation": [
											0,
											90,
											0
										]
									}
								},
								{
									"condition": "query.block_property('mc:tablecloth_type') == 0",
									"components": {
										"minecraft:material_instances": {
											"*": {
												"texture": "mc_table_1",
												"ambient_occlusion": true,
												"render_method": "alpha_test"
											}
										}
									}
								},
								{
									"condition": "query.block_property('mc:tablecloth_type') == 1",
									"components": {
										"minecraft:material_instances": {
											"*": {
												"texture": "mc_table_0_tablecloth_0",
												"ambient_occlusion": true,
												"render_method": "alpha_test"
											}
										}
									}
								},
								{
									"condition": "query.block_property('mc:tablecloth_type') == 2",
									"components": {
										"minecraft:material_instances": {
											"*": {
												"texture": "mc_table_0_tablecloth_1",
												"ambient_occlusion": true,
												"render_method": "alpha_test"
											}
										}
									}
								},
								{
									"condition": "query.block_property('mc:tablecloth_type') == 3",
									"components": {
										"minecraft:material_instances": {
											"*": {
												"texture": "mc_table_0_tablecloth_2",
												"ambient_occlusion": true,
												"render_method": "alpha_test"
											}
										}
									}
								}
							],
							"events": {
								"decor:face": {
									"set_block_property": {
										"decor:face": "query.cardinal_facing_2d-2"
									}
								},
								"mc:set_table_col": {
									"sequence": [
										{
											"condition": "query.block_property('decor:face') == 0",
											"run_command": {
												"command": [
													"setblock ~1~~ mc:table_collision",
													"setblock ~-1~~ mc:table_collision"
												]
											}
										},
										{
											"condition": "query.block_property('decor:face') == 1",
											"run_command": {
												"command": [
													"setblock ~1~~ mc:table_collision",
													"setblock ~-1~~ mc:table_collision"
												]
											}
										},
										{
											"condition": "query.block_property('decor:face') == 2",
											"run_command": {
												"command": [
													"setblock ~~~1 mc:table_collision",
													"setblock ~~~-1 mc:table_collision"
												]
											}
										},
										{
											"condition": "query.block_property('decor:face') == 3",
											"run_command": {
												"command": [
													"setblock ~~~1 mc:table_collision",
													"setblock ~~~-1 mc:table_collision"
												]
											}
										}
									]
								},
								"mc:set_tablecloth": {
									"set_block_property": {
										"mc:tablecloth_type": "query.get_equipped_item_name == 'tablecloth_0' ? 1 : (query.get_equipped_item_name == 'tablecloth_1' ? 2 : (query.get_equipped_item_name=='tablecloth_2'?3:0))"
									}
								}
							}
						},
						"key": "components",
						"is_minified": true,
						"children": {
							"minecraft:geometry": "geometry.table_0",
							"minecraft:material_instances": {
								"*": {
									"texture": "mc_table_1",
									"ambient_occlusion": true,
									"render_method": "alpha_test"
								}
							},
							"minecraft:destroy_time": 0.2,
							"minecraft:explosion_resistance": 1,
							"minecraft:block_light_emission": 0,
							"minecraft:block_light_absorption": 0,
							"minecraft:entity_collision": {
								"origin": [
									-8,
									0,
									-8
								],
								"size": [
									16,
									16,
									16
								]
							},
							"minecraft:pick_collision": {
								"origin": [
									-8,
									0,
									-8
								],
								"size": [
									16,
									16,
									16
								]
							},
							"minecraft:on_player_placing": {
								"event": "decor:face"
							},
							"minecraft:ticking": {
								"range": [
									0,
									0
								],
								"looping": false,
								"on_tick": {
									"event": "mc:set_table_col"
								}
							},
							"minecraft:on_interact": {
								"event": "mc:set_tablecloth"
							},
							"minecraft:creative_category": {
								"category": "construction"
							}
						}
					},
					{
						"key": "permutations",
						"is_minified": true,
						"children": [
							{
								"condition": "query.block_property('decor:face') == 0",
								"components": {
									"minecraft:rotation": [
										0,
										180,
										0
									]
								}
							},
							{
								"condition": "query.block_property('decor:face') == 1",
								"components": {
									"minecraft:rotation": [
										0,
										0,
										0
									]
								}
							},
							{
								"condition": "query.block_property('decor:face') == 2",
								"components": {
									"minecraft:rotation": [
										0,
										270,
										0
									]
								}
							},
							{
								"condition": "query.block_property('decor:face') == 3",
								"components": {
									"minecraft:rotation": [
										0,
										90,
										0
									]
								}
							},
							{
								"condition": "query.block_property('mc:tablecloth_type') == 0",
								"components": {
									"minecraft:material_instances": {
										"*": {
											"texture": "mc_table_1",
											"ambient_occlusion": true,
											"render_method": "alpha_test"
										}
									}
								}
							},
							{
								"condition": "query.block_property('mc:tablecloth_type') == 1",
								"components": {
									"minecraft:material_instances": {
										"*": {
											"texture": "mc_table_0_tablecloth_0",
											"ambient_occlusion": true,
											"render_method": "alpha_test"
										}
									}
								}
							},
							{
								"condition": "query.block_property('mc:tablecloth_type') == 2",
								"components": {
									"minecraft:material_instances": {
										"*": {
											"texture": "mc_table_0_tablecloth_1",
											"ambient_occlusion": true,
											"render_method": "alpha_test"
										}
									}
								}
							},
							{
								"condition": "query.block_property('mc:tablecloth_type') == 3",
								"components": {
									"minecraft:material_instances": {
										"*": {
											"texture": "mc_table_0_tablecloth_2",
											"ambient_occlusion": true,
											"render_method": "alpha_test"
										}
									}
								}
							}
						]
					},
					{
						"key": "events",
						"is_minified": true,
						"children": {
							"decor:face": {
								"set_block_property": {
									"decor:face": "query.cardinal_facing_2d-2"
								}
							},
							"mc:set_table_col": {
								"sequence": [
									{
										"condition": "query.block_property('decor:face') == 0",
										"run_command": {
											"command": [
												"setblock ~1~~ mc:table_collision",
												"setblock ~-1~~ mc:table_collision"
											]
										}
									},
									{
										"condition": "query.block_property('decor:face') == 1",
										"run_command": {
											"command": [
												"setblock ~1~~ mc:table_collision",
												"setblock ~-1~~ mc:table_collision"
											]
										}
									},
									{
										"condition": "query.block_property('decor:face') == 2",
										"run_command": {
											"command": [
												"setblock ~~~1 mc:table_collision",
												"setblock ~~~-1 mc:table_collision"
											]
										}
									},
									{
										"condition": "query.block_property('decor:face') == 3",
										"run_command": {
											"command": [
												"setblock ~~~1 mc:table_collision",
												"setblock ~~~-1 mc:table_collision"
											]
										}
									}
								]
							},
							"mc:set_tablecloth": {
								"set_block_property": {
									"mc:tablecloth_type": "query.get_equipped_item_name == 'tablecloth_0' ? 1 : (query.get_equipped_item_name == 'tablecloth_1' ? 2 : (query.get_equipped_item_name=='tablecloth_2'?3:0))"
								}
							}
						}
					}
				]
			}
		]
	}
}