{
	"file_path": "C:\\Users\\chupi\\AppData\\Local\\Packages\\Microsoft.MinecraftUWP_8wekyb3d8bbwe\\LocalState\\games\\com.mojang\\development_behavior_packs\\ModernDecoration\\blocks\\living_room\\tv.json",
	"file_type": "block",
	"format_version": 1,
	"file_uuid": "fece2020_9bc9_4aa4_a68d_6d971e5a6629",
	"file_version": 98,
	"cache_content": {
		"children": [
			{
				"data": "1.16.0",
				"key": "format_version"
			},
			{
				"open": {
					"format_version": "1.16.0",
					"minecraft:block": {
						"description": {
							"identifier": "mc:tv",
							"is_experimental": true,
							"properties": {
								"decor:face": [
									0,
									1,
									2,
									3
								]
							}
						},
						"components": {
							"minecraft:geometry": "geometry.tv",
							"minecraft:material_instances": {
								"*": {
									"texture": "mc_tv",
									"ambient_occlusion": true
								}
							},
							"minecraft:destroy_time": 0.2,
							"minecraft:explosion_resistance": 1,
							"minecraft:block_light_emission": 0,
							"minecraft:block_light_absorption": 0,
							"minecraft:on_player_placing": {
								"event": "decor:face"
							},
							"minecraft:pick_collision": {
								"origin": [
									-8,
									0,
									-1
								],
								"size": [
									16,
									16,
									1
								]
							},
							"minecraft:entity_collision": {
								"origin": [
									-8,
									0,
									-1
								],
								"size": [
									16,
									16,
									1
								]
							},
							"minecraft:creative_category": {
								"category": "construction"
							}
						},
						"permutations": [
							{
								"condition": "query.block_property('decor:face') == 0",
								"components": {
									"minecraft:rotation": [
										0,
										180,
										0
									]
								}
							},
							{
								"condition": "query.block_property('decor:face') == 1",
								"components": {
									"minecraft:rotation": [
										0,
										0,
										0
									]
								}
							},
							{
								"condition": "query.block_property('decor:face') == 2",
								"components": {
									"minecraft:rotation": [
										0,
										270,
										0
									]
								}
							},
							{
								"condition": "query.block_property('decor:face') == 3",
								"components": {
									"minecraft:rotation": [
										0,
										90,
										0
									]
								}
							}
						],
						"events": {
							"decor:face": {
								"set_block_property": {
									"decor:face": "query.cardinal_facing_2d-2"
								}
							}
						}
					}
				},
				"key": "minecraft:block",
				"children": [
					{
						"key": "description",
						"is_minified": true,
						"children": {
							"identifier": "mc:tv",
							"is_experimental": true,
							"properties": {
								"decor:face": [
									0,
									1,
									2,
									3
								]
							}
						}
					},
					{
						"open": {
							"description": {
								"identifier": "mc:tv",
								"is_experimental": true,
								"properties": {
									"decor:face": [
										0,
										1,
										2,
										3
									]
								}
							},
							"components": {
								"minecraft:geometry": "geometry.tv",
								"minecraft:material_instances": {
									"*": {
										"texture": "mc_tv",
										"ambient_occlusion": true
									}
								},
								"minecraft:destroy_time": 0.2,
								"minecraft:explosion_resistance": 1,
								"minecraft:block_light_emission": 0,
								"minecraft:block_light_absorption": 0,
								"minecraft:on_player_placing": {
									"event": "decor:face"
								},
								"minecraft:pick_collision": {
									"origin": [
										-8,
										0,
										-1
									],
									"size": [
										16,
										16,
										1
									]
								},
								"minecraft:entity_collision": {
									"origin": [
										-8,
										0,
										-1
									],
									"size": [
										16,
										16,
										1
									]
								},
								"minecraft:creative_category": {
									"category": "construction"
								}
							},
							"permutations": [
								{
									"condition": "query.block_property('decor:face') == 0",
									"components": {
										"minecraft:rotation": [
											0,
											180,
											0
										]
									}
								},
								{
									"condition": "query.block_property('decor:face') == 1",
									"components": {
										"minecraft:rotation": [
											0,
											0,
											0
										]
									}
								},
								{
									"condition": "query.block_property('decor:face') == 2",
									"components": {
										"minecraft:rotation": [
											0,
											270,
											0
										]
									}
								},
								{
									"condition": "query.block_property('decor:face') == 3",
									"components": {
										"minecraft:rotation": [
											0,
											90,
											0
										]
									}
								}
							],
							"events": {
								"decor:face": {
									"set_block_property": {
										"decor:face": "query.cardinal_facing_2d-2"
									}
								}
							}
						},
						"key": "components",
						"is_minified": true,
						"children": {
							"minecraft:geometry": "geometry.tv",
							"minecraft:material_instances": {
								"*": {
									"texture": "mc_tv",
									"ambient_occlusion": true
								}
							},
							"minecraft:destroy_time": 0.2,
							"minecraft:explosion_resistance": 1,
							"minecraft:block_light_emission": 0,
							"minecraft:block_light_absorption": 0,
							"minecraft:on_player_placing": {
								"event": "decor:face"
							},
							"minecraft:pick_collision": {
								"origin": [
									-8,
									0,
									-1
								],
								"size": [
									16,
									16,
									1
								]
							},
							"minecraft:entity_collision": {
								"origin": [
									-8,
									0,
									-1
								],
								"size": [
									16,
									16,
									1
								]
							},
							"minecraft:creative_category": {
								"category": "construction"
							}
						}
					},
					{
						"key": "permutations",
						"is_minified": true,
						"children": [
							{
								"condition": "query.block_property('decor:face') == 0",
								"components": {
									"minecraft:rotation": [
										0,
										180,
										0
									]
								}
							},
							{
								"condition": "query.block_property('decor:face') == 1",
								"components": {
									"minecraft:rotation": [
										0,
										0,
										0
									]
								}
							},
							{
								"condition": "query.block_property('decor:face') == 2",
								"components": {
									"minecraft:rotation": [
										0,
										270,
										0
									]
								}
							},
							{
								"condition": "query.block_property('decor:face') == 3",
								"components": {
									"minecraft:rotation": [
										0,
										90,
										0
									]
								}
							}
						]
					},
					{
						"key": "events",
						"is_minified": true,
						"children": {
							"decor:face": {
								"set_block_property": {
									"decor:face": "query.cardinal_facing_2d-2"
								}
							}
						}
					}
				]
			}
		]
	}
}