{
	"file_path": "C:\\Users\\chupi\\AppData\\Local\\Packages\\Microsoft.MinecraftUWP_8wekyb3d8bbwe\\LocalState\\games\\com.mojang\\development_behavior_packs\\ModernDecoration\\blocks\\living_room\\vase_0.json",
	"file_type": "block",
	"format_version": 1,
	"file_uuid": "2916d5f9_9da8_4813_ac9b_796f21749e39",
	"file_version": 3,
	"cache_content": {
		"children": [
			{
				"data": "1.16.0",
				"key": "format_version"
			},
			{
				"open": {
					"format_version": "1.16.0",
					"minecraft:block": {
						"description": {
							"identifier": "mc:vase_0",
							"is_experimental": true
						},
						"components": {
							"minecraft:destroy_time": 0.2,
							"minecraft:explosion_resistance": 1,
							"minecraft:geometry": "geometry.vase_0",
							"minecraft:material_instances": {
								"*": {
									"texture": "mc_vase_0",
									"ambient_occlusion": true
								}
							},
							"minecraft:creative_category": {
								"category": "construction"
							}
						},
						"events": {}
					}
				},
				"key": "minecraft:block",
				"children": [
					{
						"key": "description",
						"is_minified": true,
						"children": {
							"identifier": "mc:vase_0",
							"is_experimental": true
						}
					},
					{
						"open": {
							"description": {
								"identifier": "mc:vase_0",
								"is_experimental": true
							},
							"components": {
								"minecraft:destroy_time": 0.2,
								"minecraft:explosion_resistance": 1,
								"minecraft:geometry": "geometry.vase_0",
								"minecraft:material_instances": {
									"*": {
										"texture": "mc_vase_0",
										"ambient_occlusion": true
									}
								},
								"minecraft:creative_category": {
									"category": "construction"
								}
							},
							"events": {}
						},
						"key": "components",
						"is_minified": true,
						"children": {
							"minecraft:destroy_time": 0.2,
							"minecraft:explosion_resistance": 1,
							"minecraft:geometry": "geometry.vase_0",
							"minecraft:material_instances": {
								"*": {
									"texture": "mc_vase_0",
									"ambient_occlusion": true
								}
							},
							"minecraft:creative_category": {
								"category": "construction"
							}
						}
					},
					{
						"key": "events",
						"is_minified": true,
						"children": {}
					}
				]
			}
		]
	}
}