{
	"file_path": "C:\\Users\\chupi\\AppData\\Local\\Packages\\Microsoft.MinecraftUWP_8wekyb3d8bbwe\\LocalState\\games\\com.mojang\\development_behavior_packs\\ModernDecoration\\blocks\\garden\\balloon_lamp_1.json",
	"file_type": "block",
	"format_version": 1,
	"file_uuid": "f0912bbb_3a00_40a4_93b5_c5230a6d4fbc",
	"file_version": 21,
	"cache_content": {
		"children": [
			{
				"data": "1.16.0",
				"key": "format_version"
			},
			{
				"open": {
					"format_version": "1.16.0",
					"minecraft:block": {
						"description": {
							"identifier": "mc:balloon_lamp_1",
							"is_experimental": true,
							"properties": {
								"decor:face": [
									0,
									1,
									2,
									3
								]
							}
						},
						"components": {
							"minecraft:destroy_time": 0.5,
							"minecraft:explosion_resistance": 1,
							"minecraft:geometry": "geometry.balloon_lamp_0",
							"minecraft:material_instances": {
								"*": {
									"texture": "mc_balloon_lamp_1",
									"render_method": "alpha_test"
								}
							},
							"minecraft:on_player_placing": {
								"event": "decor:face"
							},
							"minecraft:block_light_emission": 1,
							"minecraft:block_light_absorption": 0,
							"minecraft:pick_collision": {
								"origin": [
									-7,
									0,
									-7
								],
								"size": [
									14,
									16,
									14
								]
							},
							"minecraft:entity_collision": false,
							"minecraft:creative_category": {
								"category": "construction"
							}
						},
						"permutations": [
							{
								"condition": "query.block_property('decor:face') == 0",
								"components": {
									"minecraft:rotation": [
										0,
										180,
										0
									]
								}
							},
							{
								"condition": "query.block_property('decor:face') == 1",
								"components": {
									"minecraft:rotation": [
										0,
										0,
										0
									]
								}
							},
							{
								"condition": "query.block_property('decor:face') == 2",
								"components": {
									"minecraft:rotation": [
										0,
										270,
										0
									]
								}
							},
							{
								"condition": "query.block_property('decor:face') == 3",
								"components": {
									"minecraft:rotation": [
										0,
										90,
										0
									]
								}
							}
						],
						"events": {
							"decor:face": {
								"set_block_property": {
									"decor:face": "query.cardinal_facing_2d-2"
								}
							}
						}
					}
				},
				"key": "minecraft:block",
				"children": [
					{
						"open": {
							"description": {
								"identifier": "mc:balloon_lamp_1",
								"is_experimental": true,
								"properties": {
									"decor:face": [
										0,
										1,
										2,
										3
									]
								}
							},
							"components": {
								"minecraft:destroy_time": 0.5,
								"minecraft:explosion_resistance": 1,
								"minecraft:geometry": "geometry.balloon_lamp_0",
								"minecraft:material_instances": {
									"*": {
										"texture": "mc_balloon_lamp_1",
										"render_method": "alpha_test"
									}
								},
								"minecraft:on_player_placing": {
									"event": "decor:face"
								},
								"minecraft:block_light_emission": 1,
								"minecraft:block_light_absorption": 0,
								"minecraft:pick_collision": {
									"origin": [
										-7,
										0,
										-7
									],
									"size": [
										14,
										16,
										14
									]
								},
								"minecraft:entity_collision": false,
								"minecraft:creative_category": {
									"category": "construction"
								}
							},
							"permutations": [
								{
									"condition": "query.block_property('decor:face') == 0",
									"components": {
										"minecraft:rotation": [
											0,
											180,
											0
										]
									}
								},
								{
									"condition": "query.block_property('decor:face') == 1",
									"components": {
										"minecraft:rotation": [
											0,
											0,
											0
										]
									}
								},
								{
									"condition": "query.block_property('decor:face') == 2",
									"components": {
										"minecraft:rotation": [
											0,
											270,
											0
										]
									}
								},
								{
									"condition": "query.block_property('decor:face') == 3",
									"components": {
										"minecraft:rotation": [
											0,
											90,
											0
										]
									}
								}
							],
							"events": {
								"decor:face": {
									"set_block_property": {
										"decor:face": "query.cardinal_facing_2d-2"
									}
								}
							}
						},
						"key": "description",
						"is_minified": true,
						"children": {
							"identifier": "mc:balloon_lamp_1",
							"is_experimental": true,
							"properties": {
								"decor:face": [
									0,
									1,
									2,
									3
								]
							}
						}
					},
					{
						"open": {
							"description": {
								"identifier": "mc:balloon_lamp_1",
								"is_experimental": true,
								"properties": {
									"decor:face": [
										0,
										1,
										2,
										3
									]
								}
							},
							"components": {
								"minecraft:destroy_time": 0.5,
								"minecraft:explosion_resistance": 1,
								"minecraft:geometry": "geometry.balloon_lamp_0",
								"minecraft:material_instances": {
									"*": {
										"texture": "mc_balloon_lamp_1",
										"render_method": "alpha_test"
									}
								},
								"minecraft:on_player_placing": {
									"event": "decor:face"
								},
								"minecraft:block_light_emission": 1,
								"minecraft:block_light_absorption": 0,
								"minecraft:pick_collision": {
									"origin": [
										-7,
										0,
										-7
									],
									"size": [
										14,
										16,
										14
									]
								},
								"minecraft:entity_collision": false,
								"minecraft:creative_category": {
									"category": "construction"
								}
							},
							"permutations": [
								{
									"condition": "query.block_property('decor:face') == 0",
									"components": {
										"minecraft:rotation": [
											0,
											180,
											0
										]
									}
								},
								{
									"condition": "query.block_property('decor:face') == 1",
									"components": {
										"minecraft:rotation": [
											0,
											0,
											0
										]
									}
								},
								{
									"condition": "query.block_property('decor:face') == 2",
									"components": {
										"minecraft:rotation": [
											0,
											270,
											0
										]
									}
								},
								{
									"condition": "query.block_property('decor:face') == 3",
									"components": {
										"minecraft:rotation": [
											0,
											90,
											0
										]
									}
								}
							],
							"events": {
								"decor:face": {
									"set_block_property": {
										"decor:face": "query.cardinal_facing_2d-2"
									}
								}
							}
						},
						"key": "components",
						"children": [
							{
								"data": "0.5",
								"key": "minecraft:destroy_time"
							},
							{
								"data": "1",
								"key": "minecraft:explosion_resistance"
							},
							{
								"open": {
									"minecraft:destroy_time": 0.5,
									"minecraft:explosion_resistance": 1,
									"minecraft:geometry": "geometry.balloon_lamp_0",
									"minecraft:material_instances": {
										"*": {
											"texture": "mc_balloon_lamp_1",
											"render_method": "alpha_test"
										}
									},
									"minecraft:on_player_placing": {
										"event": "decor:face"
									},
									"minecraft:block_light_emission": 1,
									"minecraft:block_light_absorption": 0,
									"minecraft:pick_collision": {
										"origin": [
											-7,
											0,
											-7
										],
										"size": [
											14,
											16,
											14
										]
									},
									"minecraft:entity_collision": false,
									"minecraft:creative_category": {
										"category": "construction"
									}
								},
								"data": "geometry.balloon_lamp_0",
								"key": "minecraft:geometry"
							},
							{
								"open": {
									"minecraft:destroy_time": 0.5,
									"minecraft:explosion_resistance": 1,
									"minecraft:geometry": "geometry.balloon_lamp_0",
									"minecraft:material_instances": {
										"*": {
											"texture": "mc_balloon_lamp_1",
											"render_method": "alpha_test"
										}
									},
									"minecraft:on_player_placing": {
										"event": "decor:face"
									},
									"minecraft:block_light_emission": 1,
									"minecraft:block_light_absorption": 0,
									"minecraft:pick_collision": {
										"origin": [
											-7,
											0,
											-7
										],
										"size": [
											14,
											16,
											14
										]
									},
									"minecraft:entity_collision": false,
									"minecraft:creative_category": {
										"category": "construction"
									}
								},
								"key": "minecraft:material_instances",
								"children": [
									{
										"open": {
											"*": {
												"texture": "mc_balloon_lamp_1",
												"render_method": "alpha_test"
											}
										},
										"key": "*",
										"is_minified": true,
										"children": {
											"texture": "mc_balloon_lamp_1",
											"render_method": "alpha_test"
										}
									}
								]
							},
							{
								"key": "minecraft:on_player_placing",
								"is_minified": true,
								"children": {
									"event": "decor:face"
								}
							},
							{
								"data": "1",
								"key": "minecraft:block_light_emission"
							},
							{
								"data": "0",
								"key": "minecraft:block_light_absorption"
							},
							{
								"open": {
									"minecraft:destroy_time": 0.5,
									"minecraft:explosion_resistance": 1,
									"minecraft:geometry": "geometry.balloon_lamp_0",
									"minecraft:material_instances": {
										"*": {
											"texture": "mc_balloon_lamp_1",
											"render_method": "alpha_test"
										}
									},
									"minecraft:on_player_placing": {
										"event": "decor:face"
									},
									"minecraft:block_light_emission": 1,
									"minecraft:block_light_absorption": 0,
									"minecraft:pick_collision": {
										"origin": [
											-7,
											0,
											-7
										],
										"size": [
											14,
											16,
											14
										]
									},
									"minecraft:entity_collision": false,
									"minecraft:creative_category": {
										"category": "construction"
									}
								},
								"key": "minecraft:pick_collision",
								"children": [
									{
										"open": {
											"origin": [
												-7,
												0,
												-7
											],
											"size": [
												14,
												16,
												14
											]
										},
										"key": "origin",
										"is_minified": true,
										"children": [
											-7,
											0,
											-7
										]
									},
									{
										"open": {
											"origin": [
												-7,
												0,
												-7
											],
											"size": [
												14,
												16,
												14
											]
										},
										"key": "size",
										"is_minified": true,
										"children": [
											14,
											16,
											14
										]
									}
								]
							},
							{
								"data": "false",
								"key": "minecraft:entity_collision"
							},
							{
								"key": "minecraft:creative_category",
								"is_minified": true,
								"children": {
									"category": "construction"
								}
							}
						]
					},
					{
						"key": "permutations",
						"is_minified": true,
						"children": [
							{
								"condition": "query.block_property('decor:face') == 0",
								"components": {
									"minecraft:rotation": [
										0,
										180,
										0
									]
								}
							},
							{
								"condition": "query.block_property('decor:face') == 1",
								"components": {
									"minecraft:rotation": [
										0,
										0,
										0
									]
								}
							},
							{
								"condition": "query.block_property('decor:face') == 2",
								"components": {
									"minecraft:rotation": [
										0,
										270,
										0
									]
								}
							},
							{
								"condition": "query.block_property('decor:face') == 3",
								"components": {
									"minecraft:rotation": [
										0,
										90,
										0
									]
								}
							}
						]
					},
					{
						"key": "events",
						"is_minified": true,
						"children": {
							"decor:face": {
								"set_block_property": {
									"decor:face": "query.cardinal_facing_2d-2"
								}
							}
						}
					}
				]
			}
		]
	}
}