{
	"file_path": "C:\\Users\\chupi\\AppData\\Local\\Packages\\Microsoft.MinecraftUWP_8wekyb3d8bbwe\\LocalState\\games\\com.mojang\\development_behavior_packs\\ModernDecoration\\blocks\\garden\\black_fish_bowl.json",
	"file_type": "block",
	"format_version": 1,
	"file_uuid": "f1dda340_2a15_4fce_818b_f4d790030a79",
	"file_version": 31,
	"cache_content": {
		"children": [
			{
				"data": "1.16.0",
				"key": "format_version"
			},
			{
				"open": {
					"format_version": "1.16.0",
					"minecraft:block": {
						"description": {
							"identifier": "mc:black_fish_bowl",
							"is_experimental": false,
							"properties": {
								"decor:face": [
									0,
									1,
									2,
									3
								]
							}
						},
						"components": {
							"minecraft:destroy_time": 0.4,
							"minecraft:explosion_resistance": 1,
							"minecraft:geometry": "geometry.fishbowl",
							"minecraft:material_instances": {
								"*": {
									"texture": "mc_black_fish_bowl",
									"ambient_occlusion": true,
									"render_method": "blend"
								}
							},
							"minecraft:pick_collision": {
								"origin": [
									-7,
									0,
									-7
								],
								"size": [
									14,
									15,
									14
								]
							},
							"minecraft:block_light_absorption": 0,
							"minecraft:ticking": {
								"looping": false,
								"range": [
									0,
									0
								],
								"on_tick": {
									"event": "fishbowl:start"
								}
							},
							"minecraft:on_player_placing": {
								"event": "decor:face"
							},
							"minecraft:entity_collision": {
								"origin": [
									-7,
									0,
									-7
								],
								"size": [
									14,
									15,
									14
								]
							},
							"minecraft:creative_category": {
								"category": "construction"
							}
						},
						"permutations": [
							{
								"condition": "query.block_property('decor:face') == 0",
								"components": {
									"minecraft:rotation": [
										0,
										180,
										0
									]
								}
							},
							{
								"condition": "query.block_property('decor:face') == 1",
								"components": {
									"minecraft:rotation": [
										0,
										0,
										0
									]
								}
							},
							{
								"condition": "query.block_property('decor:face') == 2",
								"components": {
									"minecraft:rotation": [
										0,
										270,
										0
									]
								}
							},
							{
								"condition": "query.block_property('decor:face') == 3",
								"components": {
									"minecraft:rotation": [
										0,
										90,
										0
									]
								}
							}
						],
						"events": {
							"decor:face": {
								"set_block_property": {
									"decor:face": "query.cardinal_facing_2d-2"
								}
							},
							"fishbowl:start": {
								"randomize": [
									{
										"sequence": [
											{
												"condition": "query.block_property('decor:face') == 0",
												"run_command": {
													"command": [
														"summon mc:fishbowl_entity"
													]
												}
											},
											{
												"condition": "query.block_property('decor:face') == 1",
												"run_command": {
													"command": [
														"summon mc:fishbowl_entity ~ ~ ~ facing_south"
													]
												}
											},
											{
												"condition": "query.block_property('decor:face') == 2",
												"run_command": {
													"command": [
														"summon mc:fishbowl_entity ~ ~ ~ facing_west"
													]
												}
											},
											{
												"condition": "query.block_property('decor:face') == 3",
												"run_command": {
													"command": [
														"summon mc:fishbowl_entity ~ ~ ~ facing_east"
													]
												}
											}
										]
									},
									{
										"sequence": [
											{
												"condition": "query.block_property('decor:face') == 0",
												"run_command": {
													"command": [
														"summon mc:fishbowl_entity_red"
													]
												}
											},
											{
												"condition": "query.block_property('decor:face') == 1",
												"run_command": {
													"command": [
														"summon mc:fishbowl_entity_red ~ ~ ~ facing_south"
													]
												}
											},
											{
												"condition": "query.block_property('decor:face') == 2",
												"run_command": {
													"command": [
														"summon mc:fishbowl_entity_red ~ ~ ~ facing_west"
													]
												}
											},
											{
												"condition": "query.block_property('decor:face') == 3",
												"run_command": {
													"command": [
														"summon mc:fishbowl_entity_red ~ ~ ~ facing_east"
													]
												}
											}
										]
									},
									{
										"sequence": [
											{
												"condition": "query.block_property('decor:face') == 0",
												"run_command": {
													"command": [
														"summon mc:fishbowl_entity_blue"
													]
												}
											},
											{
												"condition": "query.block_property('decor:face') == 1",
												"run_command": {
													"command": [
														"summon mc:fishbowl_entity_blue ~ ~ ~ facing_south"
													]
												}
											},
											{
												"condition": "query.block_property('decor:face') == 2",
												"run_command": {
													"command": [
														"summon mc:fishbowl_entity_blue ~ ~ ~ facing_west"
													]
												}
											},
											{
												"condition": "query.block_property('decor:face') == 3",
												"run_command": {
													"command": [
														"summon mc:fishbowl_entity_blue ~ ~ ~ facing_east"
													]
												}
											}
										]
									}
								]
							}
						}
					}
				},
				"key": "minecraft:block",
				"children": [
					{
						"open": {
							"description": {
								"identifier": "mc:black_fish_bowl",
								"is_experimental": false,
								"properties": {
									"decor:face": [
										0,
										1,
										2,
										3
									]
								}
							},
							"components": {
								"minecraft:destroy_time": 0.4,
								"minecraft:explosion_resistance": 1,
								"minecraft:geometry": "geometry.fishbowl",
								"minecraft:material_instances": {
									"*": {
										"texture": "mc_black_fish_bowl",
										"ambient_occlusion": true,
										"render_method": "blend"
									}
								},
								"minecraft:pick_collision": {
									"origin": [
										-7,
										0,
										-7
									],
									"size": [
										14,
										15,
										14
									]
								},
								"minecraft:block_light_absorption": 0,
								"minecraft:ticking": {
									"looping": false,
									"range": [
										0,
										0
									],
									"on_tick": {
										"event": "fishbowl:start"
									}
								},
								"minecraft:on_player_placing": {
									"event": "decor:face"
								},
								"minecraft:entity_collision": {
									"origin": [
										-7,
										0,
										-7
									],
									"size": [
										14,
										15,
										14
									]
								},
								"minecraft:creative_category": {
									"category": "construction"
								}
							},
							"permutations": [
								{
									"condition": "query.block_property('decor:face') == 0",
									"components": {
										"minecraft:rotation": [
											0,
											180,
											0
										]
									}
								},
								{
									"condition": "query.block_property('decor:face') == 1",
									"components": {
										"minecraft:rotation": [
											0,
											0,
											0
										]
									}
								},
								{
									"condition": "query.block_property('decor:face') == 2",
									"components": {
										"minecraft:rotation": [
											0,
											270,
											0
										]
									}
								},
								{
									"condition": "query.block_property('decor:face') == 3",
									"components": {
										"minecraft:rotation": [
											0,
											90,
											0
										]
									}
								}
							],
							"events": {
								"decor:face": {
									"set_block_property": {
										"decor:face": "query.cardinal_facing_2d-2"
									}
								},
								"fishbowl:start": {
									"randomize": [
										{
											"sequence": [
												{
													"condition": "query.block_property('decor:face') == 0",
													"run_command": {
														"command": [
															"summon mc:fishbowl_entity"
														]
													}
												},
												{
													"condition": "query.block_property('decor:face') == 1",
													"run_command": {
														"command": [
															"summon mc:fishbowl_entity ~ ~ ~ facing_south"
														]
													}
												},
												{
													"condition": "query.block_property('decor:face') == 2",
													"run_command": {
														"command": [
															"summon mc:fishbowl_entity ~ ~ ~ facing_west"
														]
													}
												},
												{
													"condition": "query.block_property('decor:face') == 3",
													"run_command": {
														"command": [
															"summon mc:fishbowl_entity ~ ~ ~ facing_east"
														]
													}
												}
											]
										},
										{
											"sequence": [
												{
													"condition": "query.block_property('decor:face') == 0",
													"run_command": {
														"command": [
															"summon mc:fishbowl_entity_red"
														]
													}
												},
												{
													"condition": "query.block_property('decor:face') == 1",
													"run_command": {
														"command": [
															"summon mc:fishbowl_entity_red ~ ~ ~ facing_south"
														]
													}
												},
												{
													"condition": "query.block_property('decor:face') == 2",
													"run_command": {
														"command": [
															"summon mc:fishbowl_entity_red ~ ~ ~ facing_west"
														]
													}
												},
												{
													"condition": "query.block_property('decor:face') == 3",
													"run_command": {
														"command": [
															"summon mc:fishbowl_entity_red ~ ~ ~ facing_east"
														]
													}
												}
											]
										},
										{
											"sequence": [
												{
													"condition": "query.block_property('decor:face') == 0",
													"run_command": {
														"command": [
															"summon mc:fishbowl_entity_blue"
														]
													}
												},
												{
													"condition": "query.block_property('decor:face') == 1",
													"run_command": {
														"command": [
															"summon mc:fishbowl_entity_blue ~ ~ ~ facing_south"
														]
													}
												},
												{
													"condition": "query.block_property('decor:face') == 2",
													"run_command": {
														"command": [
															"summon mc:fishbowl_entity_blue ~ ~ ~ facing_west"
														]
													}
												},
												{
													"condition": "query.block_property('decor:face') == 3",
													"run_command": {
														"command": [
															"summon mc:fishbowl_entity_blue ~ ~ ~ facing_east"
														]
													}
												}
											]
										}
									]
								}
							}
						},
						"key": "description",
						"children": [
							{
								"open": {
									"identifier": "mc:black_fish_bowl",
									"is_experimental": false,
									"properties": {
										"decor:face": [
											0,
											1,
											2,
											3
										]
									}
								},
								"data": "mc:black_fish_bowl",
								"key": "identifier"
							},
							{
								"data": "false",
								"key": "is_experimental"
							},
							{
								"open": {
									"identifier": "mc:black_fish_bowl",
									"is_experimental": false,
									"properties": {
										"decor:face": [
											0,
											1,
											2,
											3
										]
									}
								},
								"key": "properties",
								"children": [
									{
										"open": {
											"decor:face": [
												0,
												1,
												2,
												3
											]
										},
										"key": "decor:face",
										"is_minified": true,
										"children": [
											0,
											1,
											2,
											3
										]
									}
								]
							}
						]
					},
					{
						"open": {
							"description": {
								"identifier": "mc:black_fish_bowl",
								"is_experimental": false,
								"properties": {
									"decor:face": [
										0,
										1,
										2,
										3
									]
								}
							},
							"components": {
								"minecraft:destroy_time": 0.4,
								"minecraft:explosion_resistance": 1,
								"minecraft:geometry": "geometry.fishbowl",
								"minecraft:material_instances": {
									"*": {
										"texture": "mc_black_fish_bowl",
										"ambient_occlusion": true,
										"render_method": "blend"
									}
								},
								"minecraft:pick_collision": {
									"origin": [
										-7,
										0,
										-7
									],
									"size": [
										14,
										15,
										14
									]
								},
								"minecraft:block_light_absorption": 0,
								"minecraft:ticking": {
									"looping": false,
									"range": [
										0,
										0
									],
									"on_tick": {
										"event": "fishbowl:start"
									}
								},
								"minecraft:on_player_placing": {
									"event": "decor:face"
								},
								"minecraft:entity_collision": {
									"origin": [
										-7,
										0,
										-7
									],
									"size": [
										14,
										15,
										14
									]
								},
								"minecraft:creative_category": {
									"category": "construction"
								}
							},
							"permutations": [
								{
									"condition": "query.block_property('decor:face') == 0",
									"components": {
										"minecraft:rotation": [
											0,
											180,
											0
										]
									}
								},
								{
									"condition": "query.block_property('decor:face') == 1",
									"components": {
										"minecraft:rotation": [
											0,
											0,
											0
										]
									}
								},
								{
									"condition": "query.block_property('decor:face') == 2",
									"components": {
										"minecraft:rotation": [
											0,
											270,
											0
										]
									}
								},
								{
									"condition": "query.block_property('decor:face') == 3",
									"components": {
										"minecraft:rotation": [
											0,
											90,
											0
										]
									}
								}
							],
							"events": {
								"decor:face": {
									"set_block_property": {
										"decor:face": "query.cardinal_facing_2d-2"
									}
								},
								"fishbowl:start": {
									"randomize": [
										{
											"sequence": [
												{
													"condition": "query.block_property('decor:face') == 0",
													"run_command": {
														"command": [
															"summon mc:fishbowl_entity"
														]
													}
												},
												{
													"condition": "query.block_property('decor:face') == 1",
													"run_command": {
														"command": [
															"summon mc:fishbowl_entity ~ ~ ~ facing_south"
														]
													}
												},
												{
													"condition": "query.block_property('decor:face') == 2",
													"run_command": {
														"command": [
															"summon mc:fishbowl_entity ~ ~ ~ facing_west"
														]
													}
												},
												{
													"condition": "query.block_property('decor:face') == 3",
													"run_command": {
														"command": [
															"summon mc:fishbowl_entity ~ ~ ~ facing_east"
														]
													}
												}
											]
										},
										{
											"sequence": [
												{
													"condition": "query.block_property('decor:face') == 0",
													"run_command": {
														"command": [
															"summon mc:fishbowl_entity_red"
														]
													}
												},
												{
													"condition": "query.block_property('decor:face') == 1",
													"run_command": {
														"command": [
															"summon mc:fishbowl_entity_red ~ ~ ~ facing_south"
														]
													}
												},
												{
													"condition": "query.block_property('decor:face') == 2",
													"run_command": {
														"command": [
															"summon mc:fishbowl_entity_red ~ ~ ~ facing_west"
														]
													}
												},
												{
													"condition": "query.block_property('decor:face') == 3",
													"run_command": {
														"command": [
															"summon mc:fishbowl_entity_red ~ ~ ~ facing_east"
														]
													}
												}
											]
										},
										{
											"sequence": [
												{
													"condition": "query.block_property('decor:face') == 0",
													"run_command": {
														"command": [
															"summon mc:fishbowl_entity_blue"
														]
													}
												},
												{
													"condition": "query.block_property('decor:face') == 1",
													"run_command": {
														"command": [
															"summon mc:fishbowl_entity_blue ~ ~ ~ facing_south"
														]
													}
												},
												{
													"condition": "query.block_property('decor:face') == 2",
													"run_command": {
														"command": [
															"summon mc:fishbowl_entity_blue ~ ~ ~ facing_west"
														]
													}
												},
												{
													"condition": "query.block_property('decor:face') == 3",
													"run_command": {
														"command": [
															"summon mc:fishbowl_entity_blue ~ ~ ~ facing_east"
														]
													}
												}
											]
										}
									]
								}
							}
						},
						"key": "components",
						"children": [
							{
								"data": "0.4",
								"key": "minecraft:destroy_time"
							},
							{
								"data": "1",
								"key": "minecraft:explosion_resistance"
							},
							{
								"open": {
									"minecraft:destroy_time": 0.4,
									"minecraft:explosion_resistance": 1,
									"minecraft:geometry": "geometry.fishbowl",
									"minecraft:material_instances": {
										"*": {
											"texture": "mc_black_fish_bowl",
											"ambient_occlusion": true,
											"render_method": "blend"
										}
									},
									"minecraft:pick_collision": {
										"origin": [
											-7,
											0,
											-7
										],
										"size": [
											14,
											15,
											14
										]
									},
									"minecraft:block_light_absorption": 0,
									"minecraft:ticking": {
										"looping": false,
										"range": [
											0,
											0
										],
										"on_tick": {
											"event": "fishbowl:start"
										}
									},
									"minecraft:on_player_placing": {
										"event": "decor:face"
									},
									"minecraft:entity_collision": {
										"origin": [
											-7,
											0,
											-7
										],
										"size": [
											14,
											15,
											14
										]
									},
									"minecraft:creative_category": {
										"category": "construction"
									}
								},
								"data": "geometry.fishbowl",
								"key": "minecraft:geometry"
							},
							{
								"open": {
									"minecraft:destroy_time": 0.4,
									"minecraft:explosion_resistance": 1,
									"minecraft:geometry": "geometry.fishbowl",
									"minecraft:material_instances": {
										"*": {
											"texture": "mc_black_fish_bowl",
											"ambient_occlusion": true,
											"render_method": "blend"
										}
									},
									"minecraft:pick_collision": {
										"origin": [
											-7,
											0,
											-7
										],
										"size": [
											14,
											15,
											14
										]
									},
									"minecraft:block_light_absorption": 0,
									"minecraft:ticking": {
										"looping": false,
										"range": [
											0,
											0
										],
										"on_tick": {
											"event": "fishbowl:start"
										}
									},
									"minecraft:on_player_placing": {
										"event": "decor:face"
									},
									"minecraft:entity_collision": {
										"origin": [
											-7,
											0,
											-7
										],
										"size": [
											14,
											15,
											14
										]
									},
									"minecraft:creative_category": {
										"category": "construction"
									}
								},
								"key": "minecraft:material_instances",
								"children": [
									{
										"open": {
											"*": {
												"texture": "mc_black_fish_bowl",
												"ambient_occlusion": true,
												"render_method": "blend"
											}
										},
										"key": "*",
										"is_minified": true,
										"children": {
											"texture": "mc_black_fish_bowl",
											"ambient_occlusion": true,
											"render_method": "blend"
										}
									}
								]
							},
							{
								"open": {
									"minecraft:destroy_time": 0.4,
									"minecraft:explosion_resistance": 1,
									"minecraft:geometry": "geometry.fishbowl",
									"minecraft:material_instances": {
										"*": {
											"texture": "mc_black_fish_bowl",
											"ambient_occlusion": true,
											"render_method": "blend"
										}
									},
									"minecraft:pick_collision": {
										"origin": [
											-7,
											0,
											-7
										],
										"size": [
											14,
											15,
											14
										]
									},
									"minecraft:block_light_absorption": 0,
									"minecraft:ticking": {
										"looping": false,
										"range": [
											0,
											0
										],
										"on_tick": {
											"event": "fishbowl:start"
										}
									},
									"minecraft:on_player_placing": {
										"event": "decor:face"
									},
									"minecraft:entity_collision": {
										"origin": [
											-7,
											0,
											-7
										],
										"size": [
											14,
											15,
											14
										]
									},
									"minecraft:creative_category": {
										"category": "construction"
									}
								},
								"key": "minecraft:pick_collision",
								"children": [
									{
										"open": {
											"origin": [
												-7,
												0,
												-7
											],
											"size": [
												14,
												15,
												14
											]
										},
										"key": "origin",
										"is_minified": true,
										"children": [
											-7,
											0,
											-7
										]
									},
									{
										"open": {
											"origin": [
												-7,
												0,
												-7
											],
											"size": [
												14,
												15,
												14
											]
										},
										"key": "size",
										"is_minified": true,
										"children": [
											14,
											15,
											14
										]
									}
								]
							},
							{
								"data": "0.0",
								"key": "minecraft:block_light_absorption"
							},
							{
								"key": "minecraft:ticking",
								"children": [
									{
										"data": "false",
										"key": "looping"
									},
									{
										"open": {
											"looping": false,
											"range": [
												0,
												0
											],
											"on_tick": {
												"event": "fishbowl:start"
											}
										},
										"key": "range",
										"is_minified": true,
										"children": [
											0,
											0
										]
									},
									{
										"open": {
											"looping": false,
											"range": [
												0,
												0
											],
											"on_tick": {
												"event": "fishbowl:start"
											}
										},
										"key": "on_tick",
										"is_minified": true,
										"children": {
											"event": "fishbowl:start"
										}
									}
								]
							},
							{
								"open": {
									"minecraft:destroy_time": 0.4,
									"minecraft:explosion_resistance": 1,
									"minecraft:geometry": "geometry.fishbowl",
									"minecraft:material_instances": {
										"*": {
											"texture": "mc_black_fish_bowl",
											"ambient_occlusion": true,
											"render_method": "blend"
										}
									},
									"minecraft:pick_collision": {
										"origin": [
											-7,
											0,
											-7
										],
										"size": [
											14,
											15,
											14
										]
									},
									"minecraft:block_light_absorption": 0,
									"minecraft:ticking": {
										"looping": false,
										"range": [
											0,
											0
										],
										"on_tick": {
											"event": "fishbowl:start"
										}
									},
									"minecraft:on_player_placing": {
										"event": "decor:face"
									},
									"minecraft:entity_collision": {
										"origin": [
											-7,
											0,
											-7
										],
										"size": [
											14,
											15,
											14
										]
									},
									"minecraft:creative_category": {
										"category": "construction"
									}
								},
								"key": "minecraft:on_player_placing",
								"is_minified": true,
								"children": {
									"event": "decor:face"
								}
							},
							{
								"open": {
									"minecraft:destroy_time": 0.4,
									"minecraft:explosion_resistance": 1,
									"minecraft:geometry": "geometry.fishbowl",
									"minecraft:material_instances": {
										"*": {
											"texture": "mc_black_fish_bowl",
											"ambient_occlusion": true,
											"render_method": "blend"
										}
									},
									"minecraft:pick_collision": {
										"origin": [
											-7,
											0,
											-7
										],
										"size": [
											14,
											15,
											14
										]
									},
									"minecraft:block_light_absorption": 0,
									"minecraft:ticking": {
										"looping": false,
										"range": [
											0,
											0
										],
										"on_tick": {
											"event": "fishbowl:start"
										}
									},
									"minecraft:on_player_placing": {
										"event": "decor:face"
									},
									"minecraft:entity_collision": {
										"origin": [
											-7,
											0,
											-7
										],
										"size": [
											14,
											15,
											14
										]
									},
									"minecraft:creative_category": {
										"category": "construction"
									}
								},
								"key": "minecraft:entity_collision",
								"is_minified": true,
								"children": {
									"origin": [
										-7,
										0,
										-7
									],
									"size": [
										14,
										15,
										14
									]
								}
							},
							{
								"key": "minecraft:creative_category",
								"is_minified": true,
								"children": {
									"category": "construction"
								}
							}
						]
					},
					{
						"open": {
							"description": {
								"identifier": "mc:black_fish_bowl",
								"is_experimental": false,
								"properties": {
									"decor:face": [
										0,
										1,
										2,
										3
									]
								}
							},
							"components": {
								"minecraft:destroy_time": 0.4,
								"minecraft:explosion_resistance": 1,
								"minecraft:geometry": "geometry.fishbowl",
								"minecraft:material_instances": {
									"*": {
										"texture": "mc_black_fish_bowl",
										"ambient_occlusion": true,
										"render_method": "blend"
									}
								},
								"minecraft:pick_collision": {
									"origin": [
										-7,
										0,
										-7
									],
									"size": [
										14,
										15,
										14
									]
								},
								"minecraft:block_light_absorption": 0,
								"minecraft:ticking": {
									"looping": false,
									"range": [
										0,
										0
									],
									"on_tick": {
										"event": "fishbowl:start"
									}
								},
								"minecraft:on_player_placing": {
									"event": "decor:face"
								},
								"minecraft:entity_collision": {
									"origin": [
										-7,
										0,
										-7
									],
									"size": [
										14,
										15,
										14
									]
								},
								"minecraft:creative_category": {
									"category": "construction"
								}
							},
							"permutations": [
								{
									"condition": "query.block_property('decor:face') == 0",
									"components": {
										"minecraft:rotation": [
											0,
											180,
											0
										]
									}
								},
								{
									"condition": "query.block_property('decor:face') == 1",
									"components": {
										"minecraft:rotation": [
											0,
											0,
											0
										]
									}
								},
								{
									"condition": "query.block_property('decor:face') == 2",
									"components": {
										"minecraft:rotation": [
											0,
											270,
											0
										]
									}
								},
								{
									"condition": "query.block_property('decor:face') == 3",
									"components": {
										"minecraft:rotation": [
											0,
											90,
											0
										]
									}
								}
							],
							"events": {
								"decor:face": {
									"set_block_property": {
										"decor:face": "query.cardinal_facing_2d-2"
									}
								},
								"fishbowl:start": {
									"randomize": [
										{
											"sequence": [
												{
													"condition": "query.block_property('decor:face') == 0",
													"run_command": {
														"command": [
															"summon mc:fishbowl_entity"
														]
													}
												},
												{
													"condition": "query.block_property('decor:face') == 1",
													"run_command": {
														"command": [
															"summon mc:fishbowl_entity ~ ~ ~ facing_south"
														]
													}
												},
												{
													"condition": "query.block_property('decor:face') == 2",
													"run_command": {
														"command": [
															"summon mc:fishbowl_entity ~ ~ ~ facing_west"
														]
													}
												},
												{
													"condition": "query.block_property('decor:face') == 3",
													"run_command": {
														"command": [
															"summon mc:fishbowl_entity ~ ~ ~ facing_east"
														]
													}
												}
											]
										},
										{
											"sequence": [
												{
													"condition": "query.block_property('decor:face') == 0",
													"run_command": {
														"command": [
															"summon mc:fishbowl_entity_red"
														]
													}
												},
												{
													"condition": "query.block_property('decor:face') == 1",
													"run_command": {
														"command": [
															"summon mc:fishbowl_entity_red ~ ~ ~ facing_south"
														]
													}
												},
												{
													"condition": "query.block_property('decor:face') == 2",
													"run_command": {
														"command": [
															"summon mc:fishbowl_entity_red ~ ~ ~ facing_west"
														]
													}
												},
												{
													"condition": "query.block_property('decor:face') == 3",
													"run_command": {
														"command": [
															"summon mc:fishbowl_entity_red ~ ~ ~ facing_east"
														]
													}
												}
											]
										},
										{
											"sequence": [
												{
													"condition": "query.block_property('decor:face') == 0",
													"run_command": {
														"command": [
															"summon mc:fishbowl_entity_blue"
														]
													}
												},
												{
													"condition": "query.block_property('decor:face') == 1",
													"run_command": {
														"command": [
															"summon mc:fishbowl_entity_blue ~ ~ ~ facing_south"
														]
													}
												},
												{
													"condition": "query.block_property('decor:face') == 2",
													"run_command": {
														"command": [
															"summon mc:fishbowl_entity_blue ~ ~ ~ facing_west"
														]
													}
												},
												{
													"condition": "query.block_property('decor:face') == 3",
													"run_command": {
														"command": [
															"summon mc:fishbowl_entity_blue ~ ~ ~ facing_east"
														]
													}
												}
											]
										}
									]
								}
							}
						},
						"key": "permutations",
						"is_minified": true,
						"children": [
							{
								"condition": "query.block_property('decor:face') == 0",
								"components": {
									"minecraft:rotation": [
										0,
										180,
										0
									]
								}
							},
							{
								"condition": "query.block_property('decor:face') == 1",
								"components": {
									"minecraft:rotation": [
										0,
										0,
										0
									]
								}
							},
							{
								"condition": "query.block_property('decor:face') == 2",
								"components": {
									"minecraft:rotation": [
										0,
										270,
										0
									]
								}
							},
							{
								"condition": "query.block_property('decor:face') == 3",
								"components": {
									"minecraft:rotation": [
										0,
										90,
										0
									]
								}
							}
						]
					},
					{
						"open": {
							"description": {
								"identifier": "mc:black_fish_bowl",
								"is_experimental": false,
								"properties": {
									"decor:face": [
										0,
										1,
										2,
										3
									]
								}
							},
							"components": {
								"minecraft:destroy_time": 0.4,
								"minecraft:explosion_resistance": 1,
								"minecraft:geometry": "geometry.fishbowl",
								"minecraft:material_instances": {
									"*": {
										"texture": "mc_black_fish_bowl",
										"ambient_occlusion": true,
										"render_method": "blend"
									}
								},
								"minecraft:pick_collision": {
									"origin": [
										-7,
										0,
										-7
									],
									"size": [
										14,
										15,
										14
									]
								},
								"minecraft:block_light_absorption": 0,
								"minecraft:ticking": {
									"looping": false,
									"range": [
										0,
										0
									],
									"on_tick": {
										"event": "fishbowl:start"
									}
								},
								"minecraft:on_player_placing": {
									"event": "decor:face"
								},
								"minecraft:entity_collision": {
									"origin": [
										-7,
										0,
										-7
									],
									"size": [
										14,
										15,
										14
									]
								},
								"minecraft:creative_category": {
									"category": "construction"
								}
							},
							"permutations": [
								{
									"condition": "query.block_property('decor:face') == 0",
									"components": {
										"minecraft:rotation": [
											0,
											180,
											0
										]
									}
								},
								{
									"condition": "query.block_property('decor:face') == 1",
									"components": {
										"minecraft:rotation": [
											0,
											0,
											0
										]
									}
								},
								{
									"condition": "query.block_property('decor:face') == 2",
									"components": {
										"minecraft:rotation": [
											0,
											270,
											0
										]
									}
								},
								{
									"condition": "query.block_property('decor:face') == 3",
									"components": {
										"minecraft:rotation": [
											0,
											90,
											0
										]
									}
								}
							],
							"events": {
								"decor:face": {
									"set_block_property": {
										"decor:face": "query.cardinal_facing_2d-2"
									}
								},
								"fishbowl:start": {
									"randomize": [
										{
											"sequence": [
												{
													"condition": "query.block_property('decor:face') == 0",
													"run_command": {
														"command": [
															"summon mc:fishbowl_entity"
														]
													}
												},
												{
													"condition": "query.block_property('decor:face') == 1",
													"run_command": {
														"command": [
															"summon mc:fishbowl_entity ~ ~ ~ facing_south"
														]
													}
												},
												{
													"condition": "query.block_property('decor:face') == 2",
													"run_command": {
														"command": [
															"summon mc:fishbowl_entity ~ ~ ~ facing_west"
														]
													}
												},
												{
													"condition": "query.block_property('decor:face') == 3",
													"run_command": {
														"command": [
															"summon mc:fishbowl_entity ~ ~ ~ facing_east"
														]
													}
												}
											]
										},
										{
											"sequence": [
												{
													"condition": "query.block_property('decor:face') == 0",
													"run_command": {
														"command": [
															"summon mc:fishbowl_entity_red"
														]
													}
												},
												{
													"condition": "query.block_property('decor:face') == 1",
													"run_command": {
														"command": [
															"summon mc:fishbowl_entity_red ~ ~ ~ facing_south"
														]
													}
												},
												{
													"condition": "query.block_property('decor:face') == 2",
													"run_command": {
														"command": [
															"summon mc:fishbowl_entity_red ~ ~ ~ facing_west"
														]
													}
												},
												{
													"condition": "query.block_property('decor:face') == 3",
													"run_command": {
														"command": [
															"summon mc:fishbowl_entity_red ~ ~ ~ facing_east"
														]
													}
												}
											]
										},
										{
											"sequence": [
												{
													"condition": "query.block_property('decor:face') == 0",
													"run_command": {
														"command": [
															"summon mc:fishbowl_entity_blue"
														]
													}
												},
												{
													"condition": "query.block_property('decor:face') == 1",
													"run_command": {
														"command": [
															"summon mc:fishbowl_entity_blue ~ ~ ~ facing_south"
														]
													}
												},
												{
													"condition": "query.block_property('decor:face') == 2",
													"run_command": {
														"command": [
															"summon mc:fishbowl_entity_blue ~ ~ ~ facing_west"
														]
													}
												},
												{
													"condition": "query.block_property('decor:face') == 3",
													"run_command": {
														"command": [
															"summon mc:fishbowl_entity_blue ~ ~ ~ facing_east"
														]
													}
												}
											]
										}
									]
								}
							}
						},
						"key": "events",
						"children": [
							{
								"open": {
									"decor:face": {
										"set_block_property": {
											"decor:face": "query.cardinal_facing_2d-2"
										}
									},
									"fishbowl:start": {
										"randomize": [
											{
												"sequence": [
													{
														"condition": "query.block_property('decor:face') == 0",
														"run_command": {
															"command": [
																"summon mc:fishbowl_entity"
															]
														}
													},
													{
														"condition": "query.block_property('decor:face') == 1",
														"run_command": {
															"command": [
																"summon mc:fishbowl_entity ~ ~ ~ facing_south"
															]
														}
													},
													{
														"condition": "query.block_property('decor:face') == 2",
														"run_command": {
															"command": [
																"summon mc:fishbowl_entity ~ ~ ~ facing_west"
															]
														}
													},
													{
														"condition": "query.block_property('decor:face') == 3",
														"run_command": {
															"command": [
																"summon mc:fishbowl_entity ~ ~ ~ facing_east"
															]
														}
													}
												]
											},
											{
												"sequence": [
													{
														"condition": "query.block_property('decor:face') == 0",
														"run_command": {
															"command": [
																"summon mc:fishbowl_entity_red"
															]
														}
													},
													{
														"condition": "query.block_property('decor:face') == 1",
														"run_command": {
															"command": [
																"summon mc:fishbowl_entity_red ~ ~ ~ facing_south"
															]
														}
													},
													{
														"condition": "query.block_property('decor:face') == 2",
														"run_command": {
															"command": [
																"summon mc:fishbowl_entity_red ~ ~ ~ facing_west"
															]
														}
													},
													{
														"condition": "query.block_property('decor:face') == 3",
														"run_command": {
															"command": [
																"summon mc:fishbowl_entity_red ~ ~ ~ facing_east"
															]
														}
													}
												]
											},
											{
												"sequence": [
													{
														"condition": "query.block_property('decor:face') == 0",
														"run_command": {
															"command": [
																"summon mc:fishbowl_entity_blue"
															]
														}
													},
													{
														"condition": "query.block_property('decor:face') == 1",
														"run_command": {
															"command": [
																"summon mc:fishbowl_entity_blue ~ ~ ~ facing_south"
															]
														}
													},
													{
														"condition": "query.block_property('decor:face') == 2",
														"run_command": {
															"command": [
																"summon mc:fishbowl_entity_blue ~ ~ ~ facing_west"
															]
														}
													},
													{
														"condition": "query.block_property('decor:face') == 3",
														"run_command": {
															"command": [
																"summon mc:fishbowl_entity_blue ~ ~ ~ facing_east"
															]
														}
													}
												]
											}
										]
									}
								},
								"key": "decor:face",
								"children": [
									{
										"open": {
											"set_block_property": {
												"decor:face": "query.cardinal_facing_2d-2"
											}
										},
										"key": "set_block_property",
										"is_minified": true,
										"children": {
											"decor:face": "query.cardinal_facing_2d-2"
										}
									}
								]
							},
							{
								"open": {
									"decor:face": {
										"set_block_property": {
											"decor:face": "query.cardinal_facing_2d-2"
										}
									},
									"fishbowl:start": {
										"randomize": [
											{
												"sequence": [
													{
														"condition": "query.block_property('decor:face') == 0",
														"run_command": {
															"command": [
																"summon mc:fishbowl_entity"
															]
														}
													},
													{
														"condition": "query.block_property('decor:face') == 1",
														"run_command": {
															"command": [
																"summon mc:fishbowl_entity ~ ~ ~ facing_south"
															]
														}
													},
													{
														"condition": "query.block_property('decor:face') == 2",
														"run_command": {
															"command": [
																"summon mc:fishbowl_entity ~ ~ ~ facing_west"
															]
														}
													},
													{
														"condition": "query.block_property('decor:face') == 3",
														"run_command": {
															"command": [
																"summon mc:fishbowl_entity ~ ~ ~ facing_east"
															]
														}
													}
												]
											},
											{
												"sequence": [
													{
														"condition": "query.block_property('decor:face') == 0",
														"run_command": {
															"command": [
																"summon mc:fishbowl_entity_red"
															]
														}
													},
													{
														"condition": "query.block_property('decor:face') == 1",
														"run_command": {
															"command": [
																"summon mc:fishbowl_entity_red ~ ~ ~ facing_south"
															]
														}
													},
													{
														"condition": "query.block_property('decor:face') == 2",
														"run_command": {
															"command": [
																"summon mc:fishbowl_entity_red ~ ~ ~ facing_west"
															]
														}
													},
													{
														"condition": "query.block_property('decor:face') == 3",
														"run_command": {
															"command": [
																"summon mc:fishbowl_entity_red ~ ~ ~ facing_east"
															]
														}
													}
												]
											},
											{
												"sequence": [
													{
														"condition": "query.block_property('decor:face') == 0",
														"run_command": {
															"command": [
																"summon mc:fishbowl_entity_blue"
															]
														}
													},
													{
														"condition": "query.block_property('decor:face') == 1",
														"run_command": {
															"command": [
																"summon mc:fishbowl_entity_blue ~ ~ ~ facing_south"
															]
														}
													},
													{
														"condition": "query.block_property('decor:face') == 2",
														"run_command": {
															"command": [
																"summon mc:fishbowl_entity_blue ~ ~ ~ facing_west"
															]
														}
													},
													{
														"condition": "query.block_property('decor:face') == 3",
														"run_command": {
															"command": [
																"summon mc:fishbowl_entity_blue ~ ~ ~ facing_east"
															]
														}
													}
												]
											}
										]
									}
								},
								"key": "fishbowl:start",
								"children": [
									{
										"open": {
											"randomize": [
												{
													"sequence": [
														{
															"condition": "query.block_property('decor:face') == 0",
															"run_command": {
																"command": [
																	"summon mc:fishbowl_entity"
																]
															}
														},
														{
															"condition": "query.block_property('decor:face') == 1",
															"run_command": {
																"command": [
																	"summon mc:fishbowl_entity ~ ~ ~ facing_south"
																]
															}
														},
														{
															"condition": "query.block_property('decor:face') == 2",
															"run_command": {
																"command": [
																	"summon mc:fishbowl_entity ~ ~ ~ facing_west"
																]
															}
														},
														{
															"condition": "query.block_property('decor:face') == 3",
															"run_command": {
																"command": [
																	"summon mc:fishbowl_entity ~ ~ ~ facing_east"
																]
															}
														}
													]
												},
												{
													"sequence": [
														{
															"condition": "query.block_property('decor:face') == 0",
															"run_command": {
																"command": [
																	"summon mc:fishbowl_entity_red"
																]
															}
														},
														{
															"condition": "query.block_property('decor:face') == 1",
															"run_command": {
																"command": [
																	"summon mc:fishbowl_entity_red ~ ~ ~ facing_south"
																]
															}
														},
														{
															"condition": "query.block_property('decor:face') == 2",
															"run_command": {
																"command": [
																	"summon mc:fishbowl_entity_red ~ ~ ~ facing_west"
																]
															}
														},
														{
															"condition": "query.block_property('decor:face') == 3",
															"run_command": {
																"command": [
																	"summon mc:fishbowl_entity_red ~ ~ ~ facing_east"
																]
															}
														}
													]
												},
												{
													"sequence": [
														{
															"condition": "query.block_property('decor:face') == 0",
															"run_command": {
																"command": [
																	"summon mc:fishbowl_entity_blue"
																]
															}
														},
														{
															"condition": "query.block_property('decor:face') == 1",
															"run_command": {
																"command": [
																	"summon mc:fishbowl_entity_blue ~ ~ ~ facing_south"
																]
															}
														},
														{
															"condition": "query.block_property('decor:face') == 2",
															"run_command": {
																"command": [
																	"summon mc:fishbowl_entity_blue ~ ~ ~ facing_west"
																]
															}
														},
														{
															"condition": "query.block_property('decor:face') == 3",
															"run_command": {
																"command": [
																	"summon mc:fishbowl_entity_blue ~ ~ ~ facing_east"
																]
															}
														}
													]
												}
											]
										},
										"key": "randomize",
										"children": [
											{
												"is_minified": true,
												"children": {
													"sequence": [
														{
															"condition": "query.block_property('decor:face') == 0",
															"run_command": {
																"command": [
																	"summon mc:fishbowl_entity"
																]
															}
														},
														{
															"condition": "query.block_property('decor:face') == 1",
															"run_command": {
																"command": [
																	"summon mc:fishbowl_entity ~ ~ ~ facing_south"
																]
															}
														},
														{
															"condition": "query.block_property('decor:face') == 2",
															"run_command": {
																"command": [
																	"summon mc:fishbowl_entity ~ ~ ~ facing_west"
																]
															}
														},
														{
															"condition": "query.block_property('decor:face') == 3",
															"run_command": {
																"command": [
																	"summon mc:fishbowl_entity ~ ~ ~ facing_east"
																]
															}
														}
													]
												}
											},
											{
												"children": [
													{
														"open": {
															"sequence": [
																{
																	"condition": "query.block_property('decor:face') == 0",
																	"run_command": {
																		"command": [
																			"summon mc:fishbowl_entity_red"
																		]
																	}
																},
																{
																	"condition": "query.block_property('decor:face') == 1",
																	"run_command": {
																		"command": [
																			"summon mc:fishbowl_entity_red ~ ~ ~ facing_south"
																		]
																	}
																},
																{
																	"condition": "query.block_property('decor:face') == 2",
																	"run_command": {
																		"command": [
																			"summon mc:fishbowl_entity_red ~ ~ ~ facing_west"
																		]
																	}
																},
																{
																	"condition": "query.block_property('decor:face') == 3",
																	"run_command": {
																		"command": [
																			"summon mc:fishbowl_entity_red ~ ~ ~ facing_east"
																		]
																	}
																}
															]
														},
														"key": "sequence",
														"children": [
															{
																"open": [
																	{
																		"condition": "query.block_property('decor:face') == 0",
																		"run_command": {
																			"command": [
																				"summon mc:fishbowl_entity_red"
																			]
																		}
																	},
																	{
																		"condition": "query.block_property('decor:face') == 1",
																		"run_command": {
																			"command": [
																				"summon mc:fishbowl_entity_red ~ ~ ~ facing_south"
																			]
																		}
																	},
																	{
																		"condition": "query.block_property('decor:face') == 2",
																		"run_command": {
																			"command": [
																				"summon mc:fishbowl_entity_red ~ ~ ~ facing_west"
																			]
																		}
																	},
																	{
																		"condition": "query.block_property('decor:face') == 3",
																		"run_command": {
																			"command": [
																				"summon mc:fishbowl_entity_red ~ ~ ~ facing_east"
																			]
																		}
																	}
																],
																"children": [
																	{
																		"data": "query.block_property('decor:face') == 0",
																		"key": "condition"
																	},
																	{
																		"open": {
																			"condition": "query.block_property('decor:face') == 0",
																			"run_command": {
																				"command": [
																					"summon mc:fishbowl_entity_red"
																				]
																			}
																		},
																		"key": "run_command",
																		"children": [
																			{
																				"open": {
																					"command": [
																						"summon mc:fishbowl_entity_red"
																					]
																				},
																				"key": "command",
																				"is_minified": true,
																				"children": [
																					"summon mc:fishbowl_entity_red"
																				]
																			}
																		]
																	}
																]
															},
															{
																"open": [
																	{
																		"condition": "query.block_property('decor:face') == 0",
																		"run_command": {
																			"command": [
																				"summon mc:fishbowl_entity_red"
																			]
																		}
																	},
																	{
																		"condition": "query.block_property('decor:face') == 1",
																		"run_command": {
																			"command": [
																				"summon mc:fishbowl_entity_red ~ ~ ~ facing_south"
																			]
																		}
																	},
																	{
																		"condition": "query.block_property('decor:face') == 2",
																		"run_command": {
																			"command": [
																				"summon mc:fishbowl_entity_red ~ ~ ~ facing_west"
																			]
																		}
																	},
																	{
																		"condition": "query.block_property('decor:face') == 3",
																		"run_command": {
																			"command": [
																				"summon mc:fishbowl_entity_red ~ ~ ~ facing_east"
																			]
																		}
																	}
																],
																"children": [
																	{
																		"data": "query.block_property('decor:face') == 1",
																		"key": "condition"
																	},
																	{
																		"open": {
																			"condition": "query.block_property('decor:face') == 1",
																			"run_command": {
																				"command": [
																					"summon mc:fishbowl_entity_red ~ ~ ~ facing_south"
																				]
																			}
																		},
																		"key": "run_command",
																		"children": [
																			{
																				"open": {
																					"command": [
																						"summon mc:fishbowl_entity_red ~ ~ ~ facing_south"
																					]
																				},
																				"key": "command",
																				"is_minified": true,
																				"children": [
																					"summon mc:fishbowl_entity_red ~ ~ ~ facing_south"
																				]
																			}
																		]
																	}
																]
															},
															{
																"open": [
																	{
																		"condition": "query.block_property('decor:face') == 0",
																		"run_command": {
																			"command": [
																				"summon mc:fishbowl_entity_red"
																			]
																		}
																	},
																	{
																		"condition": "query.block_property('decor:face') == 1",
																		"run_command": {
																			"command": [
																				"summon mc:fishbowl_entity_red ~ ~ ~ facing_south"
																			]
																		}
																	},
																	{
																		"condition": "query.block_property('decor:face') == 2",
																		"run_command": {
																			"command": [
																				"summon mc:fishbowl_entity_red ~ ~ ~ facing_west"
																			]
																		}
																	},
																	{
																		"condition": "query.block_property('decor:face') == 3",
																		"run_command": {
																			"command": [
																				"summon mc:fishbowl_entity_red ~ ~ ~ facing_east"
																			]
																		}
																	}
																],
																"children": [
																	{
																		"data": "query.block_property('decor:face') == 2",
																		"key": "condition"
																	},
																	{
																		"open": {
																			"condition": "query.block_property('decor:face') == 2",
																			"run_command": {
																				"command": [
																					"summon mc:fishbowl_entity_red ~ ~ ~ facing_west"
																				]
																			}
																		},
																		"key": "run_command",
																		"children": [
																			{
																				"open": {
																					"command": [
																						"summon mc:fishbowl_entity_red ~ ~ ~ facing_west"
																					]
																				},
																				"key": "command",
																				"is_minified": true,
																				"children": [
																					"summon mc:fishbowl_entity_red ~ ~ ~ facing_west"
																				]
																			}
																		]
																	}
																]
															},
															{
																"open": [
																	{
																		"condition": "query.block_property('decor:face') == 0",
																		"run_command": {
																			"command": [
																				"summon mc:fishbowl_entity_red"
																			]
																		}
																	},
																	{
																		"condition": "query.block_property('decor:face') == 1",
																		"run_command": {
																			"command": [
																				"summon mc:fishbowl_entity_red ~ ~ ~ facing_south"
																			]
																		}
																	},
																	{
																		"condition": "query.block_property('decor:face') == 2",
																		"run_command": {
																			"command": [
																				"summon mc:fishbowl_entity_red ~ ~ ~ facing_west"
																			]
																		}
																	},
																	{
																		"condition": "query.block_property('decor:face') == 3",
																		"run_command": {
																			"command": [
																				"summon mc:fishbowl_entity_red ~ ~ ~ facing_east"
																			]
																		}
																	}
																],
																"children": [
																	{
																		"data": "query.block_property('decor:face') == 3",
																		"key": "condition"
																	},
																	{
																		"open": {
																			"condition": "query.block_property('decor:face') == 3",
																			"run_command": {
																				"command": [
																					"summon mc:fishbowl_entity_red ~ ~ ~ facing_east"
																				]
																			}
																		},
																		"key": "run_command",
																		"children": [
																			{
																				"open": {
																					"command": [
																						"summon mc:fishbowl_entity_red ~ ~ ~ facing_east"
																					]
																				},
																				"key": "command",
																				"is_minified": true,
																				"children": [
																					"summon mc:fishbowl_entity_red ~ ~ ~ facing_east"
																				]
																			}
																		]
																	}
																]
															}
														]
													}
												]
											},
											{
												"open": [
													{
														"sequence": [
															{
																"condition": "query.block_property('decor:face') == 0",
																"run_command": {
																	"command": [
																		"summon mc:fishbowl_entity"
																	]
																}
															},
															{
																"condition": "query.block_property('decor:face') == 1",
																"run_command": {
																	"command": [
																		"summon mc:fishbowl_entity ~ ~ ~ facing_south"
																	]
																}
															},
															{
																"condition": "query.block_property('decor:face') == 2",
																"run_command": {
																	"command": [
																		"summon mc:fishbowl_entity ~ ~ ~ facing_west"
																	]
																}
															},
															{
																"condition": "query.block_property('decor:face') == 3",
																"run_command": {
																	"command": [
																		"summon mc:fishbowl_entity ~ ~ ~ facing_east"
																	]
																}
															}
														]
													},
													{
														"sequence": [
															{
																"condition": "query.block_property('decor:face') == 0",
																"run_command": {
																	"command": [
																		"summon mc:fishbowl_entity_red"
																	]
																}
															},
															{
																"condition": "query.block_property('decor:face') == 1",
																"run_command": {
																	"command": [
																		"summon mc:fishbowl_entity_red ~ ~ ~ facing_south"
																	]
																}
															},
															{
																"condition": "query.block_property('decor:face') == 2",
																"run_command": {
																	"command": [
																		"summon mc:fishbowl_entity_red ~ ~ ~ facing_west"
																	]
																}
															},
															{
																"condition": "query.block_property('decor:face') == 3",
																"run_command": {
																	"command": [
																		"summon mc:fishbowl_entity_red ~ ~ ~ facing_east"
																	]
																}
															}
														]
													},
													{
														"sequence": [
															{
																"condition": "query.block_property('decor:face') == 0",
																"run_command": {
																	"command": [
																		"summon mc:fishbowl_entity_blue"
																	]
																}
															},
															{
																"condition": "query.block_property('decor:face') == 1",
																"run_command": {
																	"command": [
																		"summon mc:fishbowl_entity_blue ~ ~ ~ facing_south"
																	]
																}
															},
															{
																"condition": "query.block_property('decor:face') == 2",
																"run_command": {
																	"command": [
																		"summon mc:fishbowl_entity_blue ~ ~ ~ facing_west"
																	]
																}
															},
															{
																"condition": "query.block_property('decor:face') == 3",
																"run_command": {
																	"command": [
																		"summon mc:fishbowl_entity_blue ~ ~ ~ facing_east"
																	]
																}
															}
														]
													}
												],
												"children": [
													{
														"open": {
															"sequence": [
																{
																	"condition": "query.block_property('decor:face') == 0",
																	"run_command": {
																		"command": [
																			"summon mc:fishbowl_entity_blue"
																		]
																	}
																},
																{
																	"condition": "query.block_property('decor:face') == 1",
																	"run_command": {
																		"command": [
																			"summon mc:fishbowl_entity_blue ~ ~ ~ facing_south"
																		]
																	}
																},
																{
																	"condition": "query.block_property('decor:face') == 2",
																	"run_command": {
																		"command": [
																			"summon mc:fishbowl_entity_blue ~ ~ ~ facing_west"
																		]
																	}
																},
																{
																	"condition": "query.block_property('decor:face') == 3",
																	"run_command": {
																		"command": [
																			"summon mc:fishbowl_entity_blue ~ ~ ~ facing_east"
																		]
																	}
																}
															]
														},
														"key": "sequence",
														"children": [
															{
																"open": [
																	{
																		"condition": "query.block_property('decor:face') == 0",
																		"run_command": {
																			"command": [
																				"summon mc:fishbowl_entity_blue"
																			]
																		}
																	},
																	{
																		"condition": "query.block_property('decor:face') == 1",
																		"run_command": {
																			"command": [
																				"summon mc:fishbowl_entity_blue ~ ~ ~ facing_south"
																			]
																		}
																	},
																	{
																		"condition": "query.block_property('decor:face') == 2",
																		"run_command": {
																			"command": [
																				"summon mc:fishbowl_entity_blue ~ ~ ~ facing_west"
																			]
																		}
																	},
																	{
																		"condition": "query.block_property('decor:face') == 3",
																		"run_command": {
																			"command": [
																				"summon mc:fishbowl_entity_blue ~ ~ ~ facing_east"
																			]
																		}
																	}
																],
																"children": [
																	{
																		"data": "query.block_property('decor:face') == 0",
																		"key": "condition"
																	},
																	{
																		"open": {
																			"condition": "query.block_property('decor:face') == 0",
																			"run_command": {
																				"command": [
																					"summon mc:fishbowl_entity_blue"
																				]
																			}
																		},
																		"key": "run_command",
																		"children": [
																			{
																				"open": {
																					"command": [
																						"summon mc:fishbowl_entity_blue"
																					]
																				},
																				"key": "command",
																				"is_minified": true,
																				"children": [
																					"summon mc:fishbowl_entity_blue"
																				]
																			}
																		]
																	}
																]
															},
															{
																"open": [
																	{
																		"condition": "query.block_property('decor:face') == 0",
																		"run_command": {
																			"command": [
																				"summon mc:fishbowl_entity_blue"
																			]
																		}
																	},
																	{
																		"condition": "query.block_property('decor:face') == 1",
																		"run_command": {
																			"command": [
																				"summon mc:fishbowl_entity_blue ~ ~ ~ facing_south"
																			]
																		}
																	},
																	{
																		"condition": "query.block_property('decor:face') == 2",
																		"run_command": {
																			"command": [
																				"summon mc:fishbowl_entity_blue ~ ~ ~ facing_west"
																			]
																		}
																	},
																	{
																		"condition": "query.block_property('decor:face') == 3",
																		"run_command": {
																			"command": [
																				"summon mc:fishbowl_entity_blue ~ ~ ~ facing_east"
																			]
																		}
																	}
																],
																"children": [
																	{
																		"data": "query.block_property('decor:face') == 1",
																		"key": "condition"
																	},
																	{
																		"open": {
																			"condition": "query.block_property('decor:face') == 1",
																			"run_command": {
																				"command": [
																					"summon mc:fishbowl_entity_blue ~ ~ ~ facing_south"
																				]
																			}
																		},
																		"key": "run_command",
																		"children": [
																			{
																				"open": {
																					"command": [
																						"summon mc:fishbowl_entity_blue ~ ~ ~ facing_south"
																					]
																				},
																				"key": "command",
																				"is_minified": true,
																				"children": [
																					"summon mc:fishbowl_entity_blue ~ ~ ~ facing_south"
																				]
																			}
																		]
																	}
																]
															},
															{
																"open": [
																	{
																		"condition": "query.block_property('decor:face') == 0",
																		"run_command": {
																			"command": [
																				"summon mc:fishbowl_entity_blue"
																			]
																		}
																	},
																	{
																		"condition": "query.block_property('decor:face') == 1",
																		"run_command": {
																			"command": [
																				"summon mc:fishbowl_entity_blue ~ ~ ~ facing_south"
																			]
																		}
																	},
																	{
																		"condition": "query.block_property('decor:face') == 2",
																		"run_command": {
																			"command": [
																				"summon mc:fishbowl_entity_blue ~ ~ ~ facing_west"
																			]
																		}
																	},
																	{
																		"condition": "query.block_property('decor:face') == 3",
																		"run_command": {
																			"command": [
																				"summon mc:fishbowl_entity_blue ~ ~ ~ facing_east"
																			]
																		}
																	}
																],
																"children": [
																	{
																		"data": "query.block_property('decor:face') == 2",
																		"key": "condition"
																	},
																	{
																		"open": {
																			"condition": "query.block_property('decor:face') == 2",
																			"run_command": {
																				"command": [
																					"summon mc:fishbowl_entity_blue ~ ~ ~ facing_west"
																				]
																			}
																		},
																		"key": "run_command",
																		"children": [
																			{
																				"open": {
																					"command": [
																						"summon mc:fishbowl_entity_blue ~ ~ ~ facing_west"
																					]
																				},
																				"key": "command",
																				"is_minified": true,
																				"children": [
																					"summon mc:fishbowl_entity_blue ~ ~ ~ facing_west"
																				]
																			}
																		]
																	}
																]
															},
															{
																"open": [
																	{
																		"condition": "query.block_property('decor:face') == 0",
																		"run_command": {
																			"command": [
																				"summon mc:fishbowl_entity_blue"
																			]
																		}
																	},
																	{
																		"condition": "query.block_property('decor:face') == 1",
																		"run_command": {
																			"command": [
																				"summon mc:fishbowl_entity_blue ~ ~ ~ facing_south"
																			]
																		}
																	},
																	{
																		"condition": "query.block_property('decor:face') == 2",
																		"run_command": {
																			"command": [
																				"summon mc:fishbowl_entity_blue ~ ~ ~ facing_west"
																			]
																		}
																	},
																	{
																		"condition": "query.block_property('decor:face') == 3",
																		"run_command": {
																			"command": [
																				"summon mc:fishbowl_entity_blue ~ ~ ~ facing_east"
																			]
																		}
																	}
																],
																"children": [
																	{
																		"data": "query.block_property('decor:face') == 3",
																		"key": "condition"
																	},
																	{
																		"open": {
																			"condition": "query.block_property('decor:face') == 3",
																			"run_command": {
																				"command": [
																					"summon mc:fishbowl_entity_blue ~ ~ ~ facing_east"
																				]
																			}
																		},
																		"key": "run_command",
																		"children": [
																			{
																				"open": {
																					"command": [
																						"summon mc:fishbowl_entity_blue ~ ~ ~ facing_east"
																					]
																				},
																				"key": "command",
																				"is_minified": true,
																				"children": [
																					"summon mc:fishbowl_entity_blue ~ ~ ~ facing_east"
																				]
																			}
																		]
																	}
																]
															}
														]
													}
												]
											}
										]
									}
								]
							}
						]
					}
				]
			}
		]
	}
}