{
	"file_path": "C:\\Users\\chupi\\AppData\\Local\\Packages\\Microsoft.MinecraftUWP_8wekyb3d8bbwe\\LocalState\\games\\com.mojang\\development_behavior_packs\\ModernDecoration\\blocks\\garden\\deck_chair_0.json",
	"file_type": "block",
	"format_version": 1,
	"file_uuid": "8a072786_9305_4f42_bb6b_c66ed872f04b",
	"file_version": 6,
	"cache_content": {
		"children": [
			{
				"data": "1.16.0",
				"key": "format_version"
			},
			{
				"open": {
					"format_version": "1.16.0",
					"minecraft:block": {
						"description": {
							"identifier": "mc:deck_chair_0",
							"is_experimental": true,
							"properties": {
								"decor:face": [
									0,
									1,
									2,
									3
								]
							}
						},
						"components": {
							"minecraft:geometry": "geometry.deck_chair_0",
							"minecraft:material_instances": {
								"*": {
									"texture": "mc_deck_chair_0",
									"ambient_occlusion": true
								}
							},
							"minecraft:destroy_time": 0.2,
							"minecraft:explosion_resistance": 1,
							"minecraft:block_light_emission": 0,
							"minecraft:block_light_absorption": 0,
							"minecraft:pick_collision": {
								"origin": [
									-8,
									0,
									-8
								],
								"size": [
									16,
									10,
									16
								]
							},
							"minecraft:on_player_placing": {
								"event": "decor:face"
							},
							"minecraft:on_interact": {
								"condition": "!query.is_sneaking",
								"event": "player:sit"
							},
							"minecraft:ticking": {
								"looping": false,
								"range": [
									0,
									0
								],
								"on_tick": {
									"event": "chair:set_sit"
								}
							},
							"minecraft:entity_collision": {
								"origin": [
									-8,
									0,
									-8
								],
								"size": [
									16,
									10,
									16
								]
							},
							"minecraft:creative_category": {
								"category": "construction"
							}
						},
						"permutations": [
							{
								"condition": "query.block_property('decor:face') == 0",
								"components": {
									"minecraft:rotation": [
										0,
										180,
										0
									]
								}
							},
							{
								"condition": "query.block_property('decor:face') == 1",
								"components": {
									"minecraft:rotation": [
										0,
										0,
										0
									]
								}
							},
							{
								"condition": "query.block_property('decor:face') == 2",
								"components": {
									"minecraft:rotation": [
										0,
										270,
										0
									]
								}
							},
							{
								"condition": "query.block_property('decor:face') == 3",
								"components": {
									"minecraft:rotation": [
										0,
										90,
										0
									]
								}
							}
						],
						"events": {
							"decor:face": {
								"set_block_property": {
									"decor:face": "query.cardinal_facing_2d-2"
								}
							},
							"chair:set_sit": {
								"sequence": [
									{
										"condition": "query.block_property('decor:face') == 0",
										"run_command": {
											"command": [
												"summon mc:chair_entity"
											]
										}
									},
									{
										"condition": "query.block_property('decor:face') == 1",
										"run_command": {
											"command": [
												"summon mc:chair_entity ~ ~ ~ facing_south"
											]
										}
									},
									{
										"condition": "query.block_property('decor:face') == 2",
										"run_command": {
											"command": [
												"summon mc:chair_entity ~ ~ ~ facing_west"
											]
										}
									},
									{
										"condition": "query.block_property('decor:face') == 3",
										"run_command": {
											"command": [
												"summon mc:chair_entity ~ ~ ~ facing_east"
											]
										}
									}
								]
							},
							"player:sit": {
								"sequence": [
									{
										"run_command": {
											"command": [
												"tag @s add player_chair_interact"
											],
											"target": "other"
										}
									},
									{
										"run_command": {
											"command": [
												"event entity @e[type=mc:chair_entity,r=0.01] player_interact"
											]
										}
									}
								]
							}
						}
					}
				},
				"key": "minecraft:block",
				"children": [
					{
						"open": {
							"description": {
								"identifier": "mc:deck_chair_0",
								"is_experimental": true,
								"properties": {
									"decor:face": [
										0,
										1,
										2,
										3
									]
								}
							},
							"components": {
								"minecraft:geometry": "geometry.deck_chair_0",
								"minecraft:material_instances": {
									"*": {
										"texture": "mc_deck_chair_0",
										"ambient_occlusion": true
									}
								},
								"minecraft:destroy_time": 0.2,
								"minecraft:explosion_resistance": 1,
								"minecraft:block_light_emission": 0,
								"minecraft:block_light_absorption": 0,
								"minecraft:pick_collision": {
									"origin": [
										-8,
										0,
										-8
									],
									"size": [
										16,
										10,
										16
									]
								},
								"minecraft:on_player_placing": {
									"event": "decor:face"
								},
								"minecraft:on_interact": {
									"condition": "!query.is_sneaking",
									"event": "player:sit"
								},
								"minecraft:ticking": {
									"looping": false,
									"range": [
										0,
										0
									],
									"on_tick": {
										"event": "chair:set_sit"
									}
								},
								"minecraft:entity_collision": {
									"origin": [
										-8,
										0,
										-8
									],
									"size": [
										16,
										10,
										16
									]
								},
								"minecraft:creative_category": {
									"category": "construction"
								}
							},
							"permutations": [
								{
									"condition": "query.block_property('decor:face') == 0",
									"components": {
										"minecraft:rotation": [
											0,
											180,
											0
										]
									}
								},
								{
									"condition": "query.block_property('decor:face') == 1",
									"components": {
										"minecraft:rotation": [
											0,
											0,
											0
										]
									}
								},
								{
									"condition": "query.block_property('decor:face') == 2",
									"components": {
										"minecraft:rotation": [
											0,
											270,
											0
										]
									}
								},
								{
									"condition": "query.block_property('decor:face') == 3",
									"components": {
										"minecraft:rotation": [
											0,
											90,
											0
										]
									}
								}
							],
							"events": {
								"decor:face": {
									"set_block_property": {
										"decor:face": "query.cardinal_facing_2d-2"
									}
								},
								"chair:set_sit": {
									"sequence": [
										{
											"condition": "query.block_property('decor:face') == 0",
											"run_command": {
												"command": [
													"summon mc:chair_entity"
												]
											}
										},
										{
											"condition": "query.block_property('decor:face') == 1",
											"run_command": {
												"command": [
													"summon mc:chair_entity ~ ~ ~ facing_south"
												]
											}
										},
										{
											"condition": "query.block_property('decor:face') == 2",
											"run_command": {
												"command": [
													"summon mc:chair_entity ~ ~ ~ facing_west"
												]
											}
										},
										{
											"condition": "query.block_property('decor:face') == 3",
											"run_command": {
												"command": [
													"summon mc:chair_entity ~ ~ ~ facing_east"
												]
											}
										}
									]
								},
								"player:sit": {
									"sequence": [
										{
											"run_command": {
												"command": [
													"tag @s add player_chair_interact"
												],
												"target": "other"
											}
										},
										{
											"run_command": {
												"command": [
													"event entity @e[type=mc:chair_entity,r=0.01] player_interact"
												]
											}
										}
									]
								}
							}
						},
						"key": "description",
						"is_minified": true,
						"children": {
							"identifier": "mc:deck_chair_0",
							"is_experimental": true,
							"properties": {
								"decor:face": [
									0,
									1,
									2,
									3
								]
							}
						}
					},
					{
						"open": {
							"description": {
								"identifier": "mc:deck_chair_0",
								"is_experimental": true,
								"properties": {
									"decor:face": [
										0,
										1,
										2,
										3
									]
								}
							},
							"components": {
								"minecraft:geometry": "geometry.deck_chair_0",
								"minecraft:material_instances": {
									"*": {
										"texture": "mc_deck_chair_0",
										"ambient_occlusion": true
									}
								},
								"minecraft:destroy_time": 0.2,
								"minecraft:explosion_resistance": 1,
								"minecraft:block_light_emission": 0,
								"minecraft:block_light_absorption": 0,
								"minecraft:pick_collision": {
									"origin": [
										-8,
										0,
										-8
									],
									"size": [
										16,
										10,
										16
									]
								},
								"minecraft:on_player_placing": {
									"event": "decor:face"
								},
								"minecraft:on_interact": {
									"condition": "!query.is_sneaking",
									"event": "player:sit"
								},
								"minecraft:ticking": {
									"looping": false,
									"range": [
										0,
										0
									],
									"on_tick": {
										"event": "chair:set_sit"
									}
								},
								"minecraft:entity_collision": {
									"origin": [
										-8,
										0,
										-8
									],
									"size": [
										16,
										10,
										16
									]
								},
								"minecraft:creative_category": {
									"category": "construction"
								}
							},
							"permutations": [
								{
									"condition": "query.block_property('decor:face') == 0",
									"components": {
										"minecraft:rotation": [
											0,
											180,
											0
										]
									}
								},
								{
									"condition": "query.block_property('decor:face') == 1",
									"components": {
										"minecraft:rotation": [
											0,
											0,
											0
										]
									}
								},
								{
									"condition": "query.block_property('decor:face') == 2",
									"components": {
										"minecraft:rotation": [
											0,
											270,
											0
										]
									}
								},
								{
									"condition": "query.block_property('decor:face') == 3",
									"components": {
										"minecraft:rotation": [
											0,
											90,
											0
										]
									}
								}
							],
							"events": {
								"decor:face": {
									"set_block_property": {
										"decor:face": "query.cardinal_facing_2d-2"
									}
								},
								"chair:set_sit": {
									"sequence": [
										{
											"condition": "query.block_property('decor:face') == 0",
											"run_command": {
												"command": [
													"summon mc:chair_entity"
												]
											}
										},
										{
											"condition": "query.block_property('decor:face') == 1",
											"run_command": {
												"command": [
													"summon mc:chair_entity ~ ~ ~ facing_south"
												]
											}
										},
										{
											"condition": "query.block_property('decor:face') == 2",
											"run_command": {
												"command": [
													"summon mc:chair_entity ~ ~ ~ facing_west"
												]
											}
										},
										{
											"condition": "query.block_property('decor:face') == 3",
											"run_command": {
												"command": [
													"summon mc:chair_entity ~ ~ ~ facing_east"
												]
											}
										}
									]
								},
								"player:sit": {
									"sequence": [
										{
											"run_command": {
												"command": [
													"tag @s add player_chair_interact"
												],
												"target": "other"
											}
										},
										{
											"run_command": {
												"command": [
													"event entity @e[type=mc:chair_entity,r=0.01] player_interact"
												]
											}
										}
									]
								}
							}
						},
						"key": "components",
						"children": [
							{
								"open": {
									"minecraft:geometry": "geometry.deck_chair_0",
									"minecraft:material_instances": {
										"*": {
											"texture": "mc_deck_chair_0",
											"ambient_occlusion": true
										}
									},
									"minecraft:destroy_time": 0.2,
									"minecraft:explosion_resistance": 1,
									"minecraft:block_light_emission": 0,
									"minecraft:block_light_absorption": 0,
									"minecraft:pick_collision": {
										"origin": [
											-8,
											0,
											-8
										],
										"size": [
											16,
											10,
											16
										]
									},
									"minecraft:on_player_placing": {
										"event": "decor:face"
									},
									"minecraft:on_interact": {
										"condition": "!query.is_sneaking",
										"event": "player:sit"
									},
									"minecraft:ticking": {
										"looping": false,
										"range": [
											0,
											0
										],
										"on_tick": {
											"event": "chair:set_sit"
										}
									},
									"minecraft:entity_collision": {
										"origin": [
											-8,
											0,
											-8
										],
										"size": [
											16,
											10,
											16
										]
									},
									"minecraft:creative_category": {
										"category": "construction"
									}
								},
								"data": "geometry.deck_chair_0",
								"key": "minecraft:geometry"
							},
							{
								"key": "minecraft:material_instances",
								"children": [
									{
										"open": {
											"*": {
												"texture": "mc_deck_chair_0",
												"ambient_occlusion": true
											}
										},
										"key": "*",
										"is_minified": true,
										"children": {
											"texture": "mc_deck_chair_0",
											"ambient_occlusion": true
										}
									}
								]
							},
							{
								"data": "0.2",
								"key": "minecraft:destroy_time"
							},
							{
								"data": "1",
								"key": "minecraft:explosion_resistance"
							},
							{
								"data": "0",
								"key": "minecraft:block_light_emission"
							},
							{
								"data": "0",
								"key": "minecraft:block_light_absorption"
							},
							{
								"open": {
									"minecraft:geometry": "geometry.deck_chair_0",
									"minecraft:material_instances": {
										"*": {
											"texture": "mc_deck_chair_0",
											"ambient_occlusion": true
										}
									},
									"minecraft:destroy_time": 0.2,
									"minecraft:explosion_resistance": 1,
									"minecraft:block_light_emission": 0,
									"minecraft:block_light_absorption": 0,
									"minecraft:pick_collision": {
										"origin": [
											-8,
											0,
											-8
										],
										"size": [
											16,
											10,
											16
										]
									},
									"minecraft:on_player_placing": {
										"event": "decor:face"
									},
									"minecraft:on_interact": {
										"condition": "!query.is_sneaking",
										"event": "player:sit"
									},
									"minecraft:ticking": {
										"looping": false,
										"range": [
											0,
											0
										],
										"on_tick": {
											"event": "chair:set_sit"
										}
									},
									"minecraft:entity_collision": {
										"origin": [
											-8,
											0,
											-8
										],
										"size": [
											16,
											10,
											16
										]
									},
									"minecraft:creative_category": {
										"category": "construction"
									}
								},
								"key": "minecraft:pick_collision",
								"children": [
									{
										"open": {
											"origin": [
												-8,
												0,
												-8
											],
											"size": [
												16,
												10,
												16
											]
										},
										"key": "origin",
										"is_minified": true,
										"children": [
											-8,
											0,
											-8
										]
									},
									{
										"open": {
											"origin": [
												-8,
												0,
												-8
											],
											"size": [
												16,
												10,
												16
											]
										},
										"key": "size",
										"is_minified": true,
										"children": [
											16,
											10,
											16
										]
									}
								]
							},
							{
								"key": "minecraft:on_player_placing",
								"is_minified": true,
								"children": {
									"event": "decor:face"
								}
							},
							{
								"key": "minecraft:on_interact",
								"is_minified": true,
								"children": {
									"condition": "!query.is_sneaking",
									"event": "player:sit"
								}
							},
							{
								"key": "minecraft:ticking",
								"is_minified": true,
								"children": {
									"looping": false,
									"range": [
										0,
										0
									],
									"on_tick": {
										"event": "chair:set_sit"
									}
								}
							},
							{
								"open": {
									"minecraft:geometry": "geometry.deck_chair_0",
									"minecraft:material_instances": {
										"*": {
											"texture": "mc_deck_chair_0",
											"ambient_occlusion": true
										}
									},
									"minecraft:destroy_time": 0.2,
									"minecraft:explosion_resistance": 1,
									"minecraft:block_light_emission": 0,
									"minecraft:block_light_absorption": 0,
									"minecraft:pick_collision": {
										"origin": [
											-8,
											0,
											-8
										],
										"size": [
											16,
											10,
											16
										]
									},
									"minecraft:on_player_placing": {
										"event": "decor:face"
									},
									"minecraft:on_interact": {
										"condition": "!query.is_sneaking",
										"event": "player:sit"
									},
									"minecraft:ticking": {
										"looping": false,
										"range": [
											0,
											0
										],
										"on_tick": {
											"event": "chair:set_sit"
										}
									},
									"minecraft:entity_collision": {
										"origin": [
											-8,
											0,
											-8
										],
										"size": [
											16,
											10,
											16
										]
									},
									"minecraft:creative_category": {
										"category": "construction"
									}
								},
								"key": "minecraft:entity_collision",
								"is_minified": true,
								"children": {
									"origin": [
										-8,
										0,
										-8
									],
									"size": [
										16,
										10,
										16
									]
								}
							},
							{
								"key": "minecraft:creative_category",
								"is_minified": true,
								"children": {
									"category": "construction"
								}
							}
						]
					},
					{
						"key": "permutations",
						"is_minified": true,
						"children": [
							{
								"condition": "query.block_property('decor:face') == 0",
								"components": {
									"minecraft:rotation": [
										0,
										180,
										0
									]
								}
							},
							{
								"condition": "query.block_property('decor:face') == 1",
								"components": {
									"minecraft:rotation": [
										0,
										0,
										0
									]
								}
							},
							{
								"condition": "query.block_property('decor:face') == 2",
								"components": {
									"minecraft:rotation": [
										0,
										270,
										0
									]
								}
							},
							{
								"condition": "query.block_property('decor:face') == 3",
								"components": {
									"minecraft:rotation": [
										0,
										90,
										0
									]
								}
							}
						]
					},
					{
						"key": "events",
						"is_minified": true,
						"children": {
							"decor:face": {
								"set_block_property": {
									"decor:face": "query.cardinal_facing_2d-2"
								}
							},
							"chair:set_sit": {
								"sequence": [
									{
										"condition": "query.block_property('decor:face') == 0",
										"run_command": {
											"command": [
												"summon mc:chair_entity"
											]
										}
									},
									{
										"condition": "query.block_property('decor:face') == 1",
										"run_command": {
											"command": [
												"summon mc:chair_entity ~ ~ ~ facing_south"
											]
										}
									},
									{
										"condition": "query.block_property('decor:face') == 2",
										"run_command": {
											"command": [
												"summon mc:chair_entity ~ ~ ~ facing_west"
											]
										}
									},
									{
										"condition": "query.block_property('decor:face') == 3",
										"run_command": {
											"command": [
												"summon mc:chair_entity ~ ~ ~ facing_east"
											]
										}
									}
								]
							},
							"player:sit": {
								"sequence": [
									{
										"run_command": {
											"command": [
												"tag @s add player_chair_interact"
											],
											"target": "other"
										}
									},
									{
										"run_command": {
											"command": [
												"event entity @e[type=mc:chair_entity,r=0.01] player_interact"
											]
										}
									}
								]
							}
						}
					}
				]
			}
		]
	}
}