{
	"file_path": "C:\\Users\\chupi\\AppData\\Local\\Packages\\Microsoft.MinecraftUWP_8wekyb3d8bbwe\\LocalState\\games\\com.mojang\\development_behavior_packs\\ModernDecoration\\blocks\\garden\\doorbell.json",
	"file_type": "block",
	"format_version": 1,
	"file_uuid": "2adf60d4_3886_435c_b265_c5f663ea5945",
	"file_version": 88,
	"cache_content": {
		"children": [
			{
				"open": {
					"minecraft:block": {
						"components": {
							"minecraft:geometry": "geometry.doorbell",
							"minecraft:material_instances": {
								"*": {
									"texture": "mc_doorbell",
									"ambient_occlusion": true
								}
							},
							"minecraft:destroy_time": 0.2,
							"minecraft:explosion_resistance": 1,
							"minecraft:block_light_emission": 0,
							"minecraft:block_light_absorption": 0,
							"minecraft:pick_collision": {
								"origin": [
									-8,
									0,
									7
								],
								"size": [
									16,
									16,
									1
								]
							},
							"minecraft:entity_collision": {
								"origin": [
									-8,
									0,
									7
								],
								"size": [
									16,
									16,
									1
								]
							},
							"minecraft:on_player_placing": {
								"event": "decor:face"
							},
							"minecraft:on_interact": {
								"event": "d:interact"
							},
							"minecraft:creative_category": {
								"category": "construction"
							}
						},
						"description": {
							"identifier": "mc:doorbell",
							"is_experimental": true,
							"properties": {
								"decor:face": [
									0,
									1,
									2,
									3
								],
								"d:is_pressed": [
									false,
									true
								]
							}
						},
						"permutations": [
							{
								"condition": "query.block_property('decor:face') == 0",
								"components": {
									"minecraft:rotation": [
										0,
										180,
										0
									]
								}
							},
							{
								"condition": "query.block_property('decor:face') == 1",
								"components": {
									"minecraft:rotation": [
										0,
										0,
										0
									]
								}
							},
							{
								"condition": "query.block_property('decor:face') == 2",
								"components": {
									"minecraft:rotation": [
										0,
										270,
										0
									]
								}
							},
							{
								"condition": "query.block_property('decor:face') == 3",
								"components": {
									"minecraft:rotation": [
										0,
										90,
										0
									]
								}
							},
							{
								"condition": "query.block_property('d:is_pressed')",
								"components": {
									"minecraft:geometry": "geometry.doorbell_pressed",
									"minecraft:ticking": {
										"range": [
											1,
											1
										],
										"on_tick": {
											"event": "stop_interact"
										}
									}
								}
							},
							{
								"condition": "!query.block_property('d:is_pressed')",
								"components": {
									"minecraft:geometry": "geometry.doorbell"
								}
							}
						],
						"events": {
							"decor:face": {
								"set_block_property": {
									"decor:face": "query.cardinal_facing_2d-2"
								}
							},
							"d:interact": {
								"set_block_property": {
									"d:is_pressed": true
								},
								"run_command": {
									"command": [
										"playsound deco.doorbell_0 @p ~~~ 1.5 1"
									]
								}
							},
							"stop_interact": {
								"set_block_property": {
									"d:is_pressed": false
								}
							}
						}
					},
					"format_version": "1.16.0"
				},
				"key": "minecraft:block",
				"children": [
					{
						"open": {
							"components": {
								"minecraft:geometry": "geometry.doorbell",
								"minecraft:material_instances": {
									"*": {
										"texture": "mc_doorbell",
										"ambient_occlusion": true
									}
								},
								"minecraft:destroy_time": 0.2,
								"minecraft:explosion_resistance": 1,
								"minecraft:block_light_emission": 0,
								"minecraft:block_light_absorption": 0,
								"minecraft:pick_collision": {
									"origin": [
										-8,
										0,
										7
									],
									"size": [
										16,
										16,
										1
									]
								},
								"minecraft:entity_collision": {
									"origin": [
										-8,
										0,
										7
									],
									"size": [
										16,
										16,
										1
									]
								},
								"minecraft:on_player_placing": {
									"event": "decor:face"
								},
								"minecraft:on_interact": {
									"event": "d:interact"
								},
								"minecraft:creative_category": {
									"category": "construction"
								}
							},
							"description": {
								"identifier": "mc:doorbell",
								"is_experimental": true,
								"properties": {
									"decor:face": [
										0,
										1,
										2,
										3
									],
									"d:is_pressed": [
										false,
										true
									]
								}
							},
							"permutations": [
								{
									"condition": "query.block_property('decor:face') == 0",
									"components": {
										"minecraft:rotation": [
											0,
											180,
											0
										]
									}
								},
								{
									"condition": "query.block_property('decor:face') == 1",
									"components": {
										"minecraft:rotation": [
											0,
											0,
											0
										]
									}
								},
								{
									"condition": "query.block_property('decor:face') == 2",
									"components": {
										"minecraft:rotation": [
											0,
											270,
											0
										]
									}
								},
								{
									"condition": "query.block_property('decor:face') == 3",
									"components": {
										"minecraft:rotation": [
											0,
											90,
											0
										]
									}
								},
								{
									"condition": "query.block_property('d:is_pressed')",
									"components": {
										"minecraft:geometry": "geometry.doorbell_pressed",
										"minecraft:ticking": {
											"range": [
												1,
												1
											],
											"on_tick": {
												"event": "stop_interact"
											}
										}
									}
								},
								{
									"condition": "!query.block_property('d:is_pressed')",
									"components": {
										"minecraft:geometry": "geometry.doorbell"
									}
								}
							],
							"events": {
								"decor:face": {
									"set_block_property": {
										"decor:face": "query.cardinal_facing_2d-2"
									}
								},
								"d:interact": {
									"set_block_property": {
										"d:is_pressed": true
									},
									"run_command": {
										"command": [
											"playsound deco.doorbell_0 @p ~~~ 1.5 1"
										]
									}
								},
								"stop_interact": {
									"set_block_property": {
										"d:is_pressed": false
									}
								}
							}
						},
						"key": "components",
						"is_minified": true,
						"children": {
							"minecraft:geometry": "geometry.doorbell",
							"minecraft:material_instances": {
								"*": {
									"texture": "mc_doorbell",
									"ambient_occlusion": true
								}
							},
							"minecraft:destroy_time": 0.2,
							"minecraft:explosion_resistance": 1,
							"minecraft:block_light_emission": 0,
							"minecraft:block_light_absorption": 0,
							"minecraft:pick_collision": {
								"origin": [
									-8,
									0,
									7
								],
								"size": [
									16,
									16,
									1
								]
							},
							"minecraft:entity_collision": {
								"origin": [
									-8,
									0,
									7
								],
								"size": [
									16,
									16,
									1
								]
							},
							"minecraft:on_player_placing": {
								"event": "decor:face"
							},
							"minecraft:on_interact": {
								"event": "d:interact"
							},
							"minecraft:creative_category": {
								"category": "construction"
							}
						}
					},
					{
						"key": "description",
						"is_minified": true,
						"children": {
							"identifier": "mc:doorbell",
							"is_experimental": true,
							"properties": {
								"decor:face": [
									0,
									1,
									2,
									3
								],
								"d:is_pressed": [
									false,
									true
								]
							}
						}
					},
					{
						"key": "permutations",
						"is_minified": true,
						"children": [
							{
								"condition": "query.block_property('decor:face') == 0",
								"components": {
									"minecraft:rotation": [
										0,
										180,
										0
									]
								}
							},
							{
								"condition": "query.block_property('decor:face') == 1",
								"components": {
									"minecraft:rotation": [
										0,
										0,
										0
									]
								}
							},
							{
								"condition": "query.block_property('decor:face') == 2",
								"components": {
									"minecraft:rotation": [
										0,
										270,
										0
									]
								}
							},
							{
								"condition": "query.block_property('decor:face') == 3",
								"components": {
									"minecraft:rotation": [
										0,
										90,
										0
									]
								}
							},
							{
								"condition": "query.block_property('d:is_pressed')",
								"components": {
									"minecraft:geometry": "geometry.doorbell_pressed",
									"minecraft:ticking": {
										"range": [
											1,
											1
										],
										"on_tick": {
											"event": "stop_interact"
										}
									}
								}
							},
							{
								"condition": "!query.block_property('d:is_pressed')",
								"components": {
									"minecraft:geometry": "geometry.doorbell"
								}
							}
						]
					},
					{
						"key": "events",
						"is_minified": true,
						"children": {
							"decor:face": {
								"set_block_property": {
									"decor:face": "query.cardinal_facing_2d-2"
								}
							},
							"d:interact": {
								"set_block_property": {
									"d:is_pressed": true
								},
								"run_command": {
									"command": [
										"playsound deco.doorbell_0 @p ~~~ 1.5 1"
									]
								}
							},
							"stop_interact": {
								"set_block_property": {
									"d:is_pressed": false
								}
							}
						}
					}
				]
			},
			{
				"data": "1.16.0",
				"key": "format_version"
			}
		]
	}
}