{
	"file_path": "C:\\Users\\chupi\\AppData\\Local\\Packages\\Microsoft.MinecraftUWP_8wekyb3d8bbwe\\LocalState\\games\\com.mojang\\development_behavior_packs\\ModernDecoration\\blocks\\garden\\garden_torch.json",
	"file_type": "block",
	"format_version": 1,
	"file_uuid": "199a5d25_96c5_41d9_8776_625e405ee722",
	"file_version": 37,
	"cache_content": {
		"children": [
			{
				"data": "1.16.0",
				"key": "format_version"
			},
			{
				"open": {
					"format_version": "1.16.0",
					"minecraft:block": {
						"description": {
							"identifier": "mc:garden_torch",
							"is_experimental": true,
							"properties": {
								"decor:face": [
									0,
									1,
									2,
									3
								]
							}
						},
						"components": {
							"minecraft:destroy_time": 0.5,
							"minecraft:explosion_resistance": 1,
							"minecraft:geometry": "geometry.garden_torch",
							"minecraft:material_instances": {
								"*": {
									"texture": "mc_garden_torch",
									"render_method": "alpha_test"
								}
							},
							"minecraft:on_player_placing": {
								"event": "decor:face"
							},
							"minecraft:block_light_emission": 1,
							"minecraft:block_light_absorption": 0,
							"minecraft:pick_collision": {
								"origin": [
									-4,
									0,
									-4
								],
								"size": [
									8,
									16,
									8
								]
							},
							"minecraft:entity_collision": false,
							"minecraft:ticking": {
								"range": [
									0.5,
									0.9
								],
								"on_tick": {
									"event": "show_particles"
								},
								"looping": true
							},
							"minecraft:creative_category": {
								"category": "construction"
							}
						},
						"permutations": [
							{
								"condition": "query.block_property('decor:face') == 0",
								"components": {
									"minecraft:rotation": [
										0,
										180,
										0
									]
								}
							},
							{
								"condition": "query.block_property('decor:face') == 1",
								"components": {
									"minecraft:rotation": [
										0,
										0,
										0
									]
								}
							},
							{
								"condition": "query.block_property('decor:face') == 2",
								"components": {
									"minecraft:rotation": [
										0,
										270,
										0
									]
								}
							},
							{
								"condition": "query.block_property('decor:face') == 3",
								"components": {
									"minecraft:rotation": [
										0,
										90,
										0
									]
								}
							}
						],
						"events": {
							"decor:face": {
								"set_block_property": {
									"decor:face": "query.cardinal_facing_2d-2"
								}
							},
							"show_particles": {
								"run_command": {
									"command": [
										"particle minecraft:basic_flame_particle ~~1.5~",
										"particle minecraft:campfire_smoke_particle ~~1.6~",
										"playsound block.campfire.crackle @a ~~~ 1 1",
										"particle minecraft:basic_flame_particle ~~1.51~0.1",
										"particle minecraft:basic_flame_particle ~0.1~1.48~",
										"particle minecraft:basic_flame_particle ~-0.1~1.52~"
									]
								}
							}
						}
					}
				},
				"key": "minecraft:block",
				"children": [
					{
						"open": {
							"description": {
								"identifier": "mc:garden_torch",
								"is_experimental": true,
								"properties": {
									"decor:face": [
										0,
										1,
										2,
										3
									]
								}
							},
							"components": {
								"minecraft:destroy_time": 0.5,
								"minecraft:explosion_resistance": 1,
								"minecraft:geometry": "geometry.garden_torch",
								"minecraft:material_instances": {
									"*": {
										"texture": "mc_garden_torch",
										"render_method": "alpha_test"
									}
								},
								"minecraft:on_player_placing": {
									"event": "decor:face"
								},
								"minecraft:block_light_emission": 1,
								"minecraft:block_light_absorption": 0,
								"minecraft:pick_collision": {
									"origin": [
										-4,
										0,
										-4
									],
									"size": [
										8,
										16,
										8
									]
								},
								"minecraft:entity_collision": false,
								"minecraft:ticking": {
									"range": [
										0.5,
										0.9
									],
									"on_tick": {
										"event": "show_particles"
									},
									"looping": true
								},
								"minecraft:creative_category": {
									"category": "construction"
								}
							},
							"permutations": [
								{
									"condition": "query.block_property('decor:face') == 0",
									"components": {
										"minecraft:rotation": [
											0,
											180,
											0
										]
									}
								},
								{
									"condition": "query.block_property('decor:face') == 1",
									"components": {
										"minecraft:rotation": [
											0,
											0,
											0
										]
									}
								},
								{
									"condition": "query.block_property('decor:face') == 2",
									"components": {
										"minecraft:rotation": [
											0,
											270,
											0
										]
									}
								},
								{
									"condition": "query.block_property('decor:face') == 3",
									"components": {
										"minecraft:rotation": [
											0,
											90,
											0
										]
									}
								}
							],
							"events": {
								"decor:face": {
									"set_block_property": {
										"decor:face": "query.cardinal_facing_2d-2"
									}
								},
								"show_particles": {
									"run_command": {
										"command": [
											"particle minecraft:basic_flame_particle ~~1.5~",
											"particle minecraft:campfire_smoke_particle ~~1.6~",
											"playsound block.campfire.crackle @a ~~~ 1 1",
											"particle minecraft:basic_flame_particle ~~1.51~0.1",
											"particle minecraft:basic_flame_particle ~0.1~1.48~",
											"particle minecraft:basic_flame_particle ~-0.1~1.52~"
										]
									}
								}
							}
						},
						"key": "description",
						"is_minified": true,
						"children": {
							"identifier": "mc:garden_torch",
							"is_experimental": true,
							"properties": {
								"decor:face": [
									0,
									1,
									2,
									3
								]
							}
						}
					},
					{
						"open": {
							"description": {
								"identifier": "mc:garden_torch",
								"is_experimental": true,
								"properties": {
									"decor:face": [
										0,
										1,
										2,
										3
									]
								}
							},
							"components": {
								"minecraft:destroy_time": 0.5,
								"minecraft:explosion_resistance": 1,
								"minecraft:geometry": "geometry.garden_torch",
								"minecraft:material_instances": {
									"*": {
										"texture": "mc_garden_torch",
										"render_method": "alpha_test"
									}
								},
								"minecraft:on_player_placing": {
									"event": "decor:face"
								},
								"minecraft:block_light_emission": 1,
								"minecraft:block_light_absorption": 0,
								"minecraft:pick_collision": {
									"origin": [
										-4,
										0,
										-4
									],
									"size": [
										8,
										16,
										8
									]
								},
								"minecraft:entity_collision": false,
								"minecraft:ticking": {
									"range": [
										0.5,
										0.9
									],
									"on_tick": {
										"event": "show_particles"
									},
									"looping": true
								},
								"minecraft:creative_category": {
									"category": "construction"
								}
							},
							"permutations": [
								{
									"condition": "query.block_property('decor:face') == 0",
									"components": {
										"minecraft:rotation": [
											0,
											180,
											0
										]
									}
								},
								{
									"condition": "query.block_property('decor:face') == 1",
									"components": {
										"minecraft:rotation": [
											0,
											0,
											0
										]
									}
								},
								{
									"condition": "query.block_property('decor:face') == 2",
									"components": {
										"minecraft:rotation": [
											0,
											270,
											0
										]
									}
								},
								{
									"condition": "query.block_property('decor:face') == 3",
									"components": {
										"minecraft:rotation": [
											0,
											90,
											0
										]
									}
								}
							],
							"events": {
								"decor:face": {
									"set_block_property": {
										"decor:face": "query.cardinal_facing_2d-2"
									}
								},
								"show_particles": {
									"run_command": {
										"command": [
											"particle minecraft:basic_flame_particle ~~1.5~",
											"particle minecraft:campfire_smoke_particle ~~1.6~",
											"playsound block.campfire.crackle @a ~~~ 1 1",
											"particle minecraft:basic_flame_particle ~~1.51~0.1",
											"particle minecraft:basic_flame_particle ~0.1~1.48~",
											"particle minecraft:basic_flame_particle ~-0.1~1.52~"
										]
									}
								}
							}
						},
						"key": "components",
						"children": [
							{
								"data": "0.5",
								"key": "minecraft:destroy_time"
							},
							{
								"data": "1",
								"key": "minecraft:explosion_resistance"
							},
							{
								"data": "geometry.garden_torch",
								"key": "minecraft:geometry"
							},
							{
								"key": "minecraft:material_instances",
								"children": [
									{
										"open": {
											"*": {
												"texture": "mc_garden_torch",
												"render_method": "alpha_test"
											}
										},
										"key": "*",
										"is_minified": true,
										"children": {
											"texture": "mc_garden_torch",
											"render_method": "alpha_test"
										}
									}
								]
							},
							{
								"key": "minecraft:on_player_placing",
								"is_minified": true,
								"children": {
									"event": "decor:face"
								}
							},
							{
								"data": "1",
								"key": "minecraft:block_light_emission"
							},
							{
								"data": "0",
								"key": "minecraft:block_light_absorption"
							},
							{
								"open": {
									"minecraft:destroy_time": 0.5,
									"minecraft:explosion_resistance": 1,
									"minecraft:geometry": "geometry.garden_torch",
									"minecraft:material_instances": {
										"*": {
											"texture": "mc_garden_torch",
											"render_method": "alpha_test"
										}
									},
									"minecraft:on_player_placing": {
										"event": "decor:face"
									},
									"minecraft:block_light_emission": 1,
									"minecraft:block_light_absorption": 0,
									"minecraft:pick_collision": {
										"origin": [
											-4,
											0,
											-4
										],
										"size": [
											8,
											16,
											8
										]
									},
									"minecraft:entity_collision": false,
									"minecraft:ticking": {
										"range": [
											0.5,
											0.9
										],
										"on_tick": {
											"event": "show_particles"
										},
										"looping": true
									},
									"minecraft:creative_category": {
										"category": "construction"
									}
								},
								"key": "minecraft:pick_collision",
								"children": [
									{
										"open": {
											"origin": [
												-4,
												0,
												-4
											],
											"size": [
												8,
												16,
												8
											]
										},
										"key": "origin",
										"is_minified": true,
										"children": [
											-4,
											0,
											-4
										]
									},
									{
										"open": {
											"origin": [
												-4,
												0,
												-4
											],
											"size": [
												8,
												16,
												8
											]
										},
										"key": "size",
										"is_minified": true,
										"children": [
											8,
											16,
											8
										]
									}
								]
							},
							{
								"data": "false",
								"key": "minecraft:entity_collision"
							},
							{
								"open": {
									"minecraft:destroy_time": 0.5,
									"minecraft:explosion_resistance": 1,
									"minecraft:geometry": "geometry.garden_torch",
									"minecraft:material_instances": {
										"*": {
											"texture": "mc_garden_torch",
											"render_method": "alpha_test"
										}
									},
									"minecraft:on_player_placing": {
										"event": "decor:face"
									},
									"minecraft:block_light_emission": 1,
									"minecraft:block_light_absorption": 0,
									"minecraft:pick_collision": {
										"origin": [
											-4,
											0,
											-4
										],
										"size": [
											8,
											16,
											8
										]
									},
									"minecraft:entity_collision": false,
									"minecraft:ticking": {
										"range": [
											0.5,
											0.9
										],
										"on_tick": {
											"event": "show_particles"
										},
										"looping": true
									},
									"minecraft:creative_category": {
										"category": "construction"
									}
								},
								"key": "minecraft:ticking",
								"children": [
									{
										"open": {
											"range": [
												0.5,
												0.9
											],
											"on_tick": {
												"event": "show_particles"
											},
											"looping": true
										},
										"key": "range",
										"is_minified": true,
										"children": [
											0.5,
											0.9
										]
									},
									{
										"open": {
											"range": [
												0.5,
												0.9
											],
											"on_tick": {
												"event": "show_particles"
											},
											"looping": true
										},
										"key": "on_tick",
										"is_minified": true,
										"children": {
											"event": "show_particles"
										}
									},
									{
										"data": "true",
										"key": "looping"
									}
								]
							},
							{
								"key": "minecraft:creative_category",
								"is_minified": true,
								"children": {
									"category": "construction"
								}
							}
						]
					},
					{
						"key": "permutations",
						"is_minified": true,
						"children": [
							{
								"condition": "query.block_property('decor:face') == 0",
								"components": {
									"minecraft:rotation": [
										0,
										180,
										0
									]
								}
							},
							{
								"condition": "query.block_property('decor:face') == 1",
								"components": {
									"minecraft:rotation": [
										0,
										0,
										0
									]
								}
							},
							{
								"condition": "query.block_property('decor:face') == 2",
								"components": {
									"minecraft:rotation": [
										0,
										270,
										0
									]
								}
							},
							{
								"condition": "query.block_property('decor:face') == 3",
								"components": {
									"minecraft:rotation": [
										0,
										90,
										0
									]
								}
							}
						]
					},
					{
						"open": {
							"description": {
								"identifier": "mc:garden_torch",
								"is_experimental": true,
								"properties": {
									"decor:face": [
										0,
										1,
										2,
										3
									]
								}
							},
							"components": {
								"minecraft:destroy_time": 0.5,
								"minecraft:explosion_resistance": 1,
								"minecraft:geometry": "geometry.garden_torch",
								"minecraft:material_instances": {
									"*": {
										"texture": "mc_garden_torch",
										"render_method": "alpha_test"
									}
								},
								"minecraft:on_player_placing": {
									"event": "decor:face"
								},
								"minecraft:block_light_emission": 1,
								"minecraft:block_light_absorption": 0,
								"minecraft:pick_collision": {
									"origin": [
										-4,
										0,
										-4
									],
									"size": [
										8,
										16,
										8
									]
								},
								"minecraft:entity_collision": false,
								"minecraft:ticking": {
									"range": [
										0.5,
										0.9
									],
									"on_tick": {
										"event": "show_particles"
									},
									"looping": true
								},
								"minecraft:creative_category": {
									"category": "construction"
								}
							},
							"permutations": [
								{
									"condition": "query.block_property('decor:face') == 0",
									"components": {
										"minecraft:rotation": [
											0,
											180,
											0
										]
									}
								},
								{
									"condition": "query.block_property('decor:face') == 1",
									"components": {
										"minecraft:rotation": [
											0,
											0,
											0
										]
									}
								},
								{
									"condition": "query.block_property('decor:face') == 2",
									"components": {
										"minecraft:rotation": [
											0,
											270,
											0
										]
									}
								},
								{
									"condition": "query.block_property('decor:face') == 3",
									"components": {
										"minecraft:rotation": [
											0,
											90,
											0
										]
									}
								}
							],
							"events": {
								"decor:face": {
									"set_block_property": {
										"decor:face": "query.cardinal_facing_2d-2"
									}
								},
								"show_particles": {
									"run_command": {
										"command": [
											"particle minecraft:basic_flame_particle ~~1.5~",
											"particle minecraft:campfire_smoke_particle ~~1.6~",
											"playsound block.campfire.crackle @a ~~~ 1 1",
											"particle minecraft:basic_flame_particle ~~1.51~0.1",
											"particle minecraft:basic_flame_particle ~0.1~1.48~",
											"particle minecraft:basic_flame_particle ~-0.1~1.52~"
										]
									}
								}
							}
						},
						"key": "events",
						"children": [
							{
								"key": "decor:face",
								"is_minified": true,
								"children": {
									"set_block_property": {
										"decor:face": "query.cardinal_facing_2d-2"
									}
								}
							},
							{
								"open": {
									"decor:face": {
										"set_block_property": {
											"decor:face": "query.cardinal_facing_2d-2"
										}
									},
									"show_particles": {
										"run_command": {
											"command": [
												"particle minecraft:basic_flame_particle ~~1.5~",
												"particle minecraft:campfire_smoke_particle ~~1.6~",
												"playsound block.campfire.crackle @a ~~~ 1 1",
												"particle minecraft:basic_flame_particle ~~1.51~0.1",
												"particle minecraft:basic_flame_particle ~0.1~1.48~",
												"particle minecraft:basic_flame_particle ~-0.1~1.52~"
											]
										}
									}
								},
								"key": "show_particles",
								"children": [
									{
										"open": {
											"run_command": {
												"command": [
													"particle minecraft:basic_flame_particle ~~1.5~",
													"particle minecraft:campfire_smoke_particle ~~1.6~",
													"playsound block.campfire.crackle @a ~~~ 1 1",
													"particle minecraft:basic_flame_particle ~~1.51~0.1",
													"particle minecraft:basic_flame_particle ~0.1~1.48~",
													"particle minecraft:basic_flame_particle ~-0.1~1.52~"
												]
											}
										},
										"key": "run_command",
										"is_minified": true,
										"children": {
											"command": [
												"particle minecraft:basic_flame_particle ~~1.5~",
												"particle minecraft:campfire_smoke_particle ~~1.6~",
												"playsound block.campfire.crackle @a ~~~ 1 1",
												"particle minecraft:basic_flame_particle ~~1.51~0.1",
												"particle minecraft:basic_flame_particle ~0.1~1.48~",
												"particle minecraft:basic_flame_particle ~-0.1~1.52~"
											]
										}
									}
								]
							}
						]
					}
				]
			}
		]
	}
}