{
	"file_path": "C:\\Users\\chupi\\AppData\\Local\\Packages\\Microsoft.MinecraftUWP_8wekyb3d8bbwe\\LocalState\\games\\com.mojang\\development_behavior_packs\\ModernDecoration\\blocks\\garden\\grill.json",
	"file_type": "block",
	"format_version": 1,
	"file_uuid": "8756e2e1_a199_4519_999c_e06a898e3860",
	"file_version": 64,
	"cache_content": {
		"children": [
			{
				"data": "1.16.0",
				"key": "format_version"
			},
			{
				"open": {
					"format_version": "1.16.0",
					"minecraft:block": {
						"description": {
							"identifier": "mc:grill",
							"is_experimental": false,
							"properties": {
								"decor:face": [
									0,
									1,
									2,
									3
								],
								"grill:is_cooking": [
									false,
									true
								],
								"show:smoke": [
									false,
									true
								],
								"food:type": [
									0,
									1,
									2,
									3,
									4,
									5
								],
								"event:type": [
									"ev0",
									"ev1",
									"ev2",
									"ev3",
									"ev4",
									"ev5",
									"ev6",
									"ev7",
									"stop_cooking"
								]
							}
						},
						"components": {
							"minecraft:geometry": "geometry.grill",
							"minecraft:material_instances": {
								"*": {
									"texture": "mc_grill",
									"ambient_occlusion": true,
									"render_method": "alpha_test"
								}
							},
							"minecraft:destroy_time": 0.4,
							"minecraft:explosion_resistance": 1,
							"minecraft:on_player_placing": {
								"event": "decor:face"
							},
							"minecraft:on_interact": {
								"event": "start_cooking"
							},
							"minecraft:block_light_emission": 0.2,
							"minecraft:block_light_absorption": 0,
							"minecraft:creative_category": {
								"category": "construction"
							}
						},
						"permutations": [
							{
								"condition": "query.block_property('decor:face') == 0",
								"components": {
									"minecraft:rotation": [
										0,
										180,
										0
									]
								}
							},
							{
								"condition": "query.block_property('decor:face') == 1",
								"components": {
									"minecraft:rotation": [
										0,
										0,
										0
									]
								}
							},
							{
								"condition": "query.block_property('decor:face') == 2",
								"components": {
									"minecraft:rotation": [
										0,
										270,
										0
									]
								}
							},
							{
								"condition": "query.block_property('decor:face') == 3",
								"components": {
									"minecraft:rotation": [
										0,
										90,
										0
									]
								}
							},
							{
								"condition": "query.block_property('grill:is_cooking')",
								"components": {
									"minecraft:ticking": {
										"range": [
											0.4,
											0.8
										],
										"on_tick": {
											"event": "smoke_particles"
										}
									},
									"minecraft:on_interact": {
										"event": "stop_cooking"
									}
								}
							},
							{
								"condition": "query.block_property('show:smoke')",
								"components": {}
							},
							{
								"condition": "query.block_property('food:type') == 1",
								"components": {
									"minecraft:material_instances": {
										"*": {
											"texture": "grill_porkchop",
											"ambient_occlusion": true,
											"render_method": "alpha_test"
										}
									}
								}
							},
							{
								"condition": "query.block_property('food:type') == 2",
								"components": {
									"minecraft:material_instances": {
										"*": {
											"texture": "grill_mutton",
											"ambient_occlusion": true,
											"render_method": "alpha_test"
										}
									}
								}
							},
							{
								"condition": "query.block_property('food:type') == 3",
								"components": {
									"minecraft:material_instances": {
										"*": {
											"texture": "grill_beef",
											"ambient_occlusion": true,
											"render_method": "alpha_test"
										}
									}
								}
							},
							{
								"condition": "query.block_property('food:type') == 4",
								"components": {
									"minecraft:material_instances": {
										"*": {
											"texture": "grill_rabbit",
											"ambient_occlusion": true,
											"render_method": "alpha_test"
										}
									}
								}
							},
							{
								"condition": "query.block_property('food:type') == 5",
								"components": {
									"minecraft:material_instances": {
										"*": {
											"texture": "grill_chicken",
											"ambient_occlusion": true,
											"render_method": "alpha_test"
										}
									}
								}
							},
							{
								"condition": "!query.block_property('grill:is_cooking')",
								"components": {
									"minecraft:material_instances": {
										"*": {
											"texture": "mc_grill",
											"ambient_occlusion": true,
											"render_method": "alpha_test"
										}
									}
								}
							}
						],
						"events": {
							"decor:face": {
								"set_block_property": {
									"decor:face": "query.cardinal_facing_2d-2"
								}
							},
							"start_cooking": {
								"sequence": [
									{
										"set_block_property": {
											"grill:is_cooking": true
										}
									},
									{
										"set_block_property": {
											"grill:is_cooking": true
										}
									},
									{
										"set_block_property": {
											"food:type": "query.get_equipped_item_name=='porkchop'?1:(query.get_equipped_item_name=='mutton'?2:(query.get_equipped_item_name=='beef'?3:(query.get_equipped_item_name=='chicken'?5:4)))"
										}
									}
								]
							},
							"stop_cooking": {
								"sequence": [
									{
										"condition": "query.block_property('food_type') == 1",
										"spawn_loot": {
											"table": "loot_tables/grill_porkchop.json"
										}
									},
									{
										"condition": "query.block_property('food_type') == 2",
										"spawn_loot": {
											"table": "loot_tables/grill_mutton.json"
										}
									},
									{
										"condition": "query.block_property('food_type') == 3",
										"spawn_loot": {
											"table": "loot_tables/grill_beef.json"
										}
									},
									{
										"condition": "query.block_property('food_type') == 4",
										"spawn_loot": {
											"table": "loot_tables/grill_rabbit.json"
										}
									},
									{
										"condition": "query.block_property('food_type') == 5",
										"spawn_loot": {
											"table": "loot_tables/grill_chicken.json"
										}
									},
									{
										"set_block_property": {
											"grill:is_cooking": false
										}
									},
									{
										"set_block_property": {
											"show:smoke": false
										}
									}
								]
							},
							"ev0": {
								"run_command": {
									"command": [
										"particle minecraft:campfire_smoke_particle ~~0.7~",
										"playsound block.campfire.crackle @p ~~~ 1 1"
									]
								},
								"set_block_property": {
									"event:type": "ev1"
								}
							},
							"ev1": {
								"run_command": {
									"command": [
										"particle minecraft:campfire_smoke_particle ~~0.7~",
										"playsound block.campfire.crackle @p ~~~ 1 1"
									]
								},
								"set_block_property": {
									"event:type": "ev2"
								}
							},
							"ev2": {
								"run_command": {
									"command": [
										"particle minecraft:campfire_smoke_particle ~~0.7~",
										"playsound block.campfire.crackle @p ~~~ 1 1"
									]
								},
								"set_block_property": {
									"event:type": "ev3"
								}
							},
							"ev3": {
								"run_command": {
									"command": [
										"particle minecraft:campfire_smoke_particle ~~0.7~",
										"playsound block.campfire.crackle @p ~~~ 1 1"
									]
								},
								"set_block_property": {
									"event:type": "ev4"
								}
							},
							"ev4": {
								"run_command": {
									"command": [
										"particle minecraft:campfire_smoke_particle ~~0.7~",
										"playsound block.campfire.crackle @p ~~~ 1 1"
									]
								},
								"set_block_property": {
									"event:type": "ev5"
								}
							},
							"ev5": {
								"run_command": {
									"command": [
										"particle minecraft:campfire_smoke_particle ~~0.7~",
										"playsound block.campfire.crackle @p ~~~ 1 1"
									]
								},
								"set_block_property": {
									"event:type": "ev6"
								}
							},
							"ev6": {
								"run_command": {
									"command": [
										"particle minecraft:campfire_smoke_particle ~~0.7~",
										"playsound block.campfire.crackle @p ~~~ 1 1"
									]
								},
								"set_block_property": {
									"event:type": "ev7"
								}
							},
							"ev7": {
								"run_command": {
									"command": [
										"particle minecraft:campfire_smoke_particle ~~0.7~",
										"playsound block.campfire.crackle @p ~~~ 1 1"
									]
								},
								"set_block_property": {
									"event:type": "stop_cooking"
								}
							},
							"smoke_particles": {
								"run_command": {
									"command": [
										"particle minecraft:campfire_smoke_particle ~~0.7~",
										"playsound block.campfire.crackle @p ~~~ 1 1"
									]
								}
							}
						}
					}
				},
				"key": "minecraft:block",
				"children": [
					{
						"key": "description",
						"is_minified": true,
						"children": {
							"identifier": "mc:grill",
							"is_experimental": false,
							"properties": {
								"decor:face": [
									0,
									1,
									2,
									3
								],
								"grill:is_cooking": [
									false,
									true
								],
								"show:smoke": [
									false,
									true
								],
								"food:type": [
									0,
									1,
									2,
									3,
									4,
									5
								],
								"event:type": [
									"ev0",
									"ev1",
									"ev2",
									"ev3",
									"ev4",
									"ev5",
									"ev6",
									"ev7",
									"stop_cooking"
								]
							}
						}
					},
					{
						"open": {
							"description": {
								"identifier": "mc:grill",
								"is_experimental": false,
								"properties": {
									"decor:face": [
										0,
										1,
										2,
										3
									],
									"grill:is_cooking": [
										false,
										true
									],
									"show:smoke": [
										false,
										true
									],
									"food:type": [
										0,
										1,
										2,
										3,
										4,
										5
									],
									"event:type": [
										"ev0",
										"ev1",
										"ev2",
										"ev3",
										"ev4",
										"ev5",
										"ev6",
										"ev7",
										"stop_cooking"
									]
								}
							},
							"components": {
								"minecraft:geometry": "geometry.grill",
								"minecraft:material_instances": {
									"*": {
										"texture": "mc_grill",
										"ambient_occlusion": true,
										"render_method": "alpha_test"
									}
								},
								"minecraft:destroy_time": 0.4,
								"minecraft:explosion_resistance": 1,
								"minecraft:on_player_placing": {
									"event": "decor:face"
								},
								"minecraft:on_interact": {
									"event": "start_cooking"
								},
								"minecraft:block_light_emission": 0.2,
								"minecraft:block_light_absorption": 0,
								"minecraft:creative_category": {
									"category": "construction"
								}
							},
							"permutations": [
								{
									"condition": "query.block_property('decor:face') == 0",
									"components": {
										"minecraft:rotation": [
											0,
											180,
											0
										]
									}
								},
								{
									"condition": "query.block_property('decor:face') == 1",
									"components": {
										"minecraft:rotation": [
											0,
											0,
											0
										]
									}
								},
								{
									"condition": "query.block_property('decor:face') == 2",
									"components": {
										"minecraft:rotation": [
											0,
											270,
											0
										]
									}
								},
								{
									"condition": "query.block_property('decor:face') == 3",
									"components": {
										"minecraft:rotation": [
											0,
											90,
											0
										]
									}
								},
								{
									"condition": "query.block_property('grill:is_cooking')",
									"components": {
										"minecraft:ticking": {
											"range": [
												0.4,
												0.8
											],
											"on_tick": {
												"event": "smoke_particles"
											}
										},
										"minecraft:on_interact": {
											"event": "stop_cooking"
										}
									}
								},
								{
									"condition": "query.block_property('show:smoke')",
									"components": {}
								},
								{
									"condition": "query.block_property('food:type') == 1",
									"components": {
										"minecraft:material_instances": {
											"*": {
												"texture": "grill_porkchop",
												"ambient_occlusion": true,
												"render_method": "alpha_test"
											}
										}
									}
								},
								{
									"condition": "query.block_property('food:type') == 2",
									"components": {
										"minecraft:material_instances": {
											"*": {
												"texture": "grill_mutton",
												"ambient_occlusion": true,
												"render_method": "alpha_test"
											}
										}
									}
								},
								{
									"condition": "query.block_property('food:type') == 3",
									"components": {
										"minecraft:material_instances": {
											"*": {
												"texture": "grill_beef",
												"ambient_occlusion": true,
												"render_method": "alpha_test"
											}
										}
									}
								},
								{
									"condition": "query.block_property('food:type') == 4",
									"components": {
										"minecraft:material_instances": {
											"*": {
												"texture": "grill_rabbit",
												"ambient_occlusion": true,
												"render_method": "alpha_test"
											}
										}
									}
								},
								{
									"condition": "query.block_property('food:type') == 5",
									"components": {
										"minecraft:material_instances": {
											"*": {
												"texture": "grill_chicken",
												"ambient_occlusion": true,
												"render_method": "alpha_test"
											}
										}
									}
								},
								{
									"condition": "!query.block_property('grill:is_cooking')",
									"components": {
										"minecraft:material_instances": {
											"*": {
												"texture": "mc_grill",
												"ambient_occlusion": true,
												"render_method": "alpha_test"
											}
										}
									}
								}
							],
							"events": {
								"decor:face": {
									"set_block_property": {
										"decor:face": "query.cardinal_facing_2d-2"
									}
								},
								"start_cooking": {
									"sequence": [
										{
											"set_block_property": {
												"grill:is_cooking": true
											}
										},
										{
											"set_block_property": {
												"grill:is_cooking": true
											}
										},
										{
											"set_block_property": {
												"food:type": "query.get_equipped_item_name=='porkchop'?1:(query.get_equipped_item_name=='mutton'?2:(query.get_equipped_item_name=='beef'?3:(query.get_equipped_item_name=='chicken'?5:4)))"
											}
										}
									]
								},
								"stop_cooking": {
									"sequence": [
										{
											"condition": "query.block_property('food_type') == 1",
											"spawn_loot": {
												"table": "loot_tables/grill_porkchop.json"
											}
										},
										{
											"condition": "query.block_property('food_type') == 2",
											"spawn_loot": {
												"table": "loot_tables/grill_mutton.json"
											}
										},
										{
											"condition": "query.block_property('food_type') == 3",
											"spawn_loot": {
												"table": "loot_tables/grill_beef.json"
											}
										},
										{
											"condition": "query.block_property('food_type') == 4",
											"spawn_loot": {
												"table": "loot_tables/grill_rabbit.json"
											}
										},
										{
											"condition": "query.block_property('food_type') == 5",
											"spawn_loot": {
												"table": "loot_tables/grill_chicken.json"
											}
										},
										{
											"set_block_property": {
												"grill:is_cooking": false
											}
										},
										{
											"set_block_property": {
												"show:smoke": false
											}
										}
									]
								},
								"ev0": {
									"run_command": {
										"command": [
											"particle minecraft:campfire_smoke_particle ~~0.7~",
											"playsound block.campfire.crackle @p ~~~ 1 1"
										]
									},
									"set_block_property": {
										"event:type": "ev1"
									}
								},
								"ev1": {
									"run_command": {
										"command": [
											"particle minecraft:campfire_smoke_particle ~~0.7~",
											"playsound block.campfire.crackle @p ~~~ 1 1"
										]
									},
									"set_block_property": {
										"event:type": "ev2"
									}
								},
								"ev2": {
									"run_command": {
										"command": [
											"particle minecraft:campfire_smoke_particle ~~0.7~",
											"playsound block.campfire.crackle @p ~~~ 1 1"
										]
									},
									"set_block_property": {
										"event:type": "ev3"
									}
								},
								"ev3": {
									"run_command": {
										"command": [
											"particle minecraft:campfire_smoke_particle ~~0.7~",
											"playsound block.campfire.crackle @p ~~~ 1 1"
										]
									},
									"set_block_property": {
										"event:type": "ev4"
									}
								},
								"ev4": {
									"run_command": {
										"command": [
											"particle minecraft:campfire_smoke_particle ~~0.7~",
											"playsound block.campfire.crackle @p ~~~ 1 1"
										]
									},
									"set_block_property": {
										"event:type": "ev5"
									}
								},
								"ev5": {
									"run_command": {
										"command": [
											"particle minecraft:campfire_smoke_particle ~~0.7~",
											"playsound block.campfire.crackle @p ~~~ 1 1"
										]
									},
									"set_block_property": {
										"event:type": "ev6"
									}
								},
								"ev6": {
									"run_command": {
										"command": [
											"particle minecraft:campfire_smoke_particle ~~0.7~",
											"playsound block.campfire.crackle @p ~~~ 1 1"
										]
									},
									"set_block_property": {
										"event:type": "ev7"
									}
								},
								"ev7": {
									"run_command": {
										"command": [
											"particle minecraft:campfire_smoke_particle ~~0.7~",
											"playsound block.campfire.crackle @p ~~~ 1 1"
										]
									},
									"set_block_property": {
										"event:type": "stop_cooking"
									}
								},
								"smoke_particles": {
									"run_command": {
										"command": [
											"particle minecraft:campfire_smoke_particle ~~0.7~",
											"playsound block.campfire.crackle @p ~~~ 1 1"
										]
									}
								}
							}
						},
						"key": "components",
						"is_minified": true,
						"children": {
							"minecraft:geometry": "geometry.grill",
							"minecraft:material_instances": {
								"*": {
									"texture": "mc_grill",
									"ambient_occlusion": true,
									"render_method": "alpha_test"
								}
							},
							"minecraft:destroy_time": 0.4,
							"minecraft:explosion_resistance": 1,
							"minecraft:on_player_placing": {
								"event": "decor:face"
							},
							"minecraft:on_interact": {
								"event": "start_cooking"
							},
							"minecraft:block_light_emission": 0.2,
							"minecraft:block_light_absorption": 0,
							"minecraft:creative_category": {
								"category": "construction"
							}
						}
					},
					{
						"key": "permutations",
						"is_minified": true,
						"children": [
							{
								"condition": "query.block_property('decor:face') == 0",
								"components": {
									"minecraft:rotation": [
										0,
										180,
										0
									]
								}
							},
							{
								"condition": "query.block_property('decor:face') == 1",
								"components": {
									"minecraft:rotation": [
										0,
										0,
										0
									]
								}
							},
							{
								"condition": "query.block_property('decor:face') == 2",
								"components": {
									"minecraft:rotation": [
										0,
										270,
										0
									]
								}
							},
							{
								"condition": "query.block_property('decor:face') == 3",
								"components": {
									"minecraft:rotation": [
										0,
										90,
										0
									]
								}
							},
							{
								"condition": "query.block_property('grill:is_cooking')",
								"components": {
									"minecraft:ticking": {
										"range": [
											0.4,
											0.8
										],
										"on_tick": {
											"event": "smoke_particles"
										}
									},
									"minecraft:on_interact": {
										"event": "stop_cooking"
									}
								}
							},
							{
								"condition": "query.block_property('show:smoke')",
								"components": {}
							},
							{
								"condition": "query.block_property('food:type') == 1",
								"components": {
									"minecraft:material_instances": {
										"*": {
											"texture": "grill_porkchop",
											"ambient_occlusion": true,
											"render_method": "alpha_test"
										}
									}
								}
							},
							{
								"condition": "query.block_property('food:type') == 2",
								"components": {
									"minecraft:material_instances": {
										"*": {
											"texture": "grill_mutton",
											"ambient_occlusion": true,
											"render_method": "alpha_test"
										}
									}
								}
							},
							{
								"condition": "query.block_property('food:type') == 3",
								"components": {
									"minecraft:material_instances": {
										"*": {
											"texture": "grill_beef",
											"ambient_occlusion": true,
											"render_method": "alpha_test"
										}
									}
								}
							},
							{
								"condition": "query.block_property('food:type') == 4",
								"components": {
									"minecraft:material_instances": {
										"*": {
											"texture": "grill_rabbit",
											"ambient_occlusion": true,
											"render_method": "alpha_test"
										}
									}
								}
							},
							{
								"condition": "query.block_property('food:type') == 5",
								"components": {
									"minecraft:material_instances": {
										"*": {
											"texture": "grill_chicken",
											"ambient_occlusion": true,
											"render_method": "alpha_test"
										}
									}
								}
							},
							{
								"condition": "!query.block_property('grill:is_cooking')",
								"components": {
									"minecraft:material_instances": {
										"*": {
											"texture": "mc_grill",
											"ambient_occlusion": true,
											"render_method": "alpha_test"
										}
									}
								}
							}
						]
					},
					{
						"key": "events",
						"is_minified": true,
						"children": {
							"decor:face": {
								"set_block_property": {
									"decor:face": "query.cardinal_facing_2d-2"
								}
							},
							"start_cooking": {
								"sequence": [
									{
										"set_block_property": {
											"grill:is_cooking": true
										}
									},
									{
										"set_block_property": {
											"grill:is_cooking": true
										}
									},
									{
										"set_block_property": {
											"food:type": "query.get_equipped_item_name=='porkchop'?1:(query.get_equipped_item_name=='mutton'?2:(query.get_equipped_item_name=='beef'?3:(query.get_equipped_item_name=='chicken'?5:4)))"
										}
									}
								]
							},
							"stop_cooking": {
								"sequence": [
									{
										"condition": "query.block_property('food_type') == 1",
										"spawn_loot": {
											"table": "loot_tables/grill_porkchop.json"
										}
									},
									{
										"condition": "query.block_property('food_type') == 2",
										"spawn_loot": {
											"table": "loot_tables/grill_mutton.json"
										}
									},
									{
										"condition": "query.block_property('food_type') == 3",
										"spawn_loot": {
											"table": "loot_tables/grill_beef.json"
										}
									},
									{
										"condition": "query.block_property('food_type') == 4",
										"spawn_loot": {
											"table": "loot_tables/grill_rabbit.json"
										}
									},
									{
										"condition": "query.block_property('food_type') == 5",
										"spawn_loot": {
											"table": "loot_tables/grill_chicken.json"
										}
									},
									{
										"set_block_property": {
											"grill:is_cooking": false
										}
									},
									{
										"set_block_property": {
											"show:smoke": false
										}
									}
								]
							},
							"ev0": {
								"run_command": {
									"command": [
										"particle minecraft:campfire_smoke_particle ~~0.7~",
										"playsound block.campfire.crackle @p ~~~ 1 1"
									]
								},
								"set_block_property": {
									"event:type": "ev1"
								}
							},
							"ev1": {
								"run_command": {
									"command": [
										"particle minecraft:campfire_smoke_particle ~~0.7~",
										"playsound block.campfire.crackle @p ~~~ 1 1"
									]
								},
								"set_block_property": {
									"event:type": "ev2"
								}
							},
							"ev2": {
								"run_command": {
									"command": [
										"particle minecraft:campfire_smoke_particle ~~0.7~",
										"playsound block.campfire.crackle @p ~~~ 1 1"
									]
								},
								"set_block_property": {
									"event:type": "ev3"
								}
							},
							"ev3": {
								"run_command": {
									"command": [
										"particle minecraft:campfire_smoke_particle ~~0.7~",
										"playsound block.campfire.crackle @p ~~~ 1 1"
									]
								},
								"set_block_property": {
									"event:type": "ev4"
								}
							},
							"ev4": {
								"run_command": {
									"command": [
										"particle minecraft:campfire_smoke_particle ~~0.7~",
										"playsound block.campfire.crackle @p ~~~ 1 1"
									]
								},
								"set_block_property": {
									"event:type": "ev5"
								}
							},
							"ev5": {
								"run_command": {
									"command": [
										"particle minecraft:campfire_smoke_particle ~~0.7~",
										"playsound block.campfire.crackle @p ~~~ 1 1"
									]
								},
								"set_block_property": {
									"event:type": "ev6"
								}
							},
							"ev6": {
								"run_command": {
									"command": [
										"particle minecraft:campfire_smoke_particle ~~0.7~",
										"playsound block.campfire.crackle @p ~~~ 1 1"
									]
								},
								"set_block_property": {
									"event:type": "ev7"
								}
							},
							"ev7": {
								"run_command": {
									"command": [
										"particle minecraft:campfire_smoke_particle ~~0.7~",
										"playsound block.campfire.crackle @p ~~~ 1 1"
									]
								},
								"set_block_property": {
									"event:type": "stop_cooking"
								}
							},
							"smoke_particles": {
								"run_command": {
									"command": [
										"particle minecraft:campfire_smoke_particle ~~0.7~",
										"playsound block.campfire.crackle @p ~~~ 1 1"
									]
								}
							}
						}
					}
				]
			}
		]
	}
}