{
	"file_path": "C:\\Users\\chupi\\AppData\\Local\\Packages\\Microsoft.MinecraftUWP_8wekyb3d8bbwe\\LocalState\\games\\com.mojang\\development_behavior_packs\\ModernDecoration\\blocks\\garden\\hanging_plant_0.json",
	"file_type": "block",
	"format_version": 1,
	"file_uuid": "91b4ab2b_1d21_4931_9e6c_b43f0264788a",
	"file_version": 5,
	"cache_content": {
		"children": [
			{
				"data": "1.16.0",
				"key": "format_version"
			},
			{
				"open": {
					"format_version": "1.16.0",
					"minecraft:block": {
						"description": {
							"identifier": "mc:hanging_plant_0",
							"is_experimental": false
						},
						"components": {
							"minecraft:destroy_time": 0.4,
							"minecraft:explosion_resistance": 1,
							"minecraft:geometry": "geometry.hanging_plant_0",
							"minecraft:material_instances": {
								"*": {
									"texture": "mc_hanging_plant_0",
									"ambient_occlusion": true,
									"render_method": "alpha_test"
								}
							},
							"minecraft:entity_collision": {
								"origin": [
									-6,
									0,
									-6
								],
								"size": [
									12,
									16,
									12
								]
							},
							"minecraft:pick_collision": {
								"origin": [
									-6,
									0,
									-6
								],
								"size": [
									12,
									16,
									12
								]
							},
							"minecraft:block_light_absorption": 0,
							"minecraft:creative_category": {
								"category": "construction"
							}
						},
						"events": {}
					}
				},
				"key": "minecraft:block",
				"children": [
					{
						"key": "description",
						"is_minified": true,
						"children": {
							"identifier": "mc:hanging_plant_0",
							"is_experimental": false
						}
					},
					{
						"open": {
							"description": {
								"identifier": "mc:hanging_plant_0",
								"is_experimental": false
							},
							"components": {
								"minecraft:destroy_time": 0.4,
								"minecraft:explosion_resistance": 1,
								"minecraft:geometry": "geometry.hanging_plant_0",
								"minecraft:material_instances": {
									"*": {
										"texture": "mc_hanging_plant_0",
										"ambient_occlusion": true,
										"render_method": "alpha_test"
									}
								},
								"minecraft:entity_collision": {
									"origin": [
										-6,
										0,
										-6
									],
									"size": [
										12,
										16,
										12
									]
								},
								"minecraft:pick_collision": {
									"origin": [
										-6,
										0,
										-6
									],
									"size": [
										12,
										16,
										12
									]
								},
								"minecraft:block_light_absorption": 0,
								"minecraft:creative_category": {
									"category": "construction"
								}
							},
							"events": {}
						},
						"key": "components",
						"is_minified": true,
						"children": {
							"minecraft:destroy_time": 0.4,
							"minecraft:explosion_resistance": 1,
							"minecraft:geometry": "geometry.hanging_plant_0",
							"minecraft:material_instances": {
								"*": {
									"texture": "mc_hanging_plant_0",
									"ambient_occlusion": true,
									"render_method": "alpha_test"
								}
							},
							"minecraft:entity_collision": {
								"origin": [
									-6,
									0,
									-6
								],
								"size": [
									12,
									16,
									12
								]
							},
							"minecraft:pick_collision": {
								"origin": [
									-6,
									0,
									-6
								],
								"size": [
									12,
									16,
									12
								]
							},
							"minecraft:block_light_absorption": 0,
							"minecraft:creative_category": {
								"category": "construction"
							}
						}
					},
					{
						"key": "events",
						"is_minified": true,
						"children": {}
					}
				]
			}
		]
	}
}