{
	"file_path": "C:\\Users\\chupi\\AppData\\Local\\Packages\\Microsoft.MinecraftUWP_8wekyb3d8bbwe\\LocalState\\games\\com.mojang\\development_behavior_packs\\ModernDecoration\\blocks\\garden\\parasol_4.json",
	"file_type": "block",
	"format_version": 1,
	"file_uuid": "80f7abcb_6d4d_454a_a3de_7b4e7bdf4976",
	"file_version": 12,
	"cache_content": {
		"children": [
			{
				"data": "1.16.0",
				"key": "format_version"
			},
			{
				"open": {
					"format_version": "1.16.0",
					"minecraft:block": {
						"description": {
							"identifier": "mc:parasol_4",
							"is_experimental": false
						},
						"components": {
							"minecraft:destroy_time": 0.4,
							"minecraft:explosion_resistance": 1,
							"minecraft:geometry": "geometry.parasol_0",
							"minecraft:material_instances": {
								"*": {
									"texture": "mc_parasol_4",
									"ambient_occlusion": true,
									"render_method": "alpha_test"
								}
							},
							"minecraft:pick_collision": {
								"origin": [
									-6,
									0,
									-6
								],
								"size": [
									12,
									16,
									12
								]
							},
							"minecraft:block_light_absorption": 0,
							"minecraft:entity_collision": false,
							"minecraft:creative_category": {
								"category": "construction"
							}
						},
						"events": {}
					}
				},
				"key": "minecraft:block",
				"children": [
					{
						"open": {
							"description": {
								"identifier": "mc:parasol_4",
								"is_experimental": false
							},
							"components": {
								"minecraft:destroy_time": 0.4,
								"minecraft:explosion_resistance": 1,
								"minecraft:geometry": "geometry.parasol_0",
								"minecraft:material_instances": {
									"*": {
										"texture": "mc_parasol_4",
										"ambient_occlusion": true,
										"render_method": "alpha_test"
									}
								},
								"minecraft:pick_collision": {
									"origin": [
										-6,
										0,
										-6
									],
									"size": [
										12,
										16,
										12
									]
								},
								"minecraft:block_light_absorption": 0,
								"minecraft:entity_collision": false,
								"minecraft:creative_category": {
									"category": "construction"
								}
							},
							"events": {}
						},
						"key": "description",
						"is_minified": true,
						"children": {
							"identifier": "mc:parasol_4",
							"is_experimental": false
						}
					},
					{
						"open": {
							"description": {
								"identifier": "mc:parasol_4",
								"is_experimental": false
							},
							"components": {
								"minecraft:destroy_time": 0.4,
								"minecraft:explosion_resistance": 1,
								"minecraft:geometry": "geometry.parasol_0",
								"minecraft:material_instances": {
									"*": {
										"texture": "mc_parasol_4",
										"ambient_occlusion": true,
										"render_method": "alpha_test"
									}
								},
								"minecraft:pick_collision": {
									"origin": [
										-6,
										0,
										-6
									],
									"size": [
										12,
										16,
										12
									]
								},
								"minecraft:block_light_absorption": 0,
								"minecraft:entity_collision": false,
								"minecraft:creative_category": {
									"category": "construction"
								}
							},
							"events": {}
						},
						"key": "components",
						"children": [
							{
								"data": "0.4",
								"key": "minecraft:destroy_time"
							},
							{
								"data": "1",
								"key": "minecraft:explosion_resistance"
							},
							{
								"open": {
									"minecraft:destroy_time": 0.4,
									"minecraft:explosion_resistance": 1,
									"minecraft:geometry": "geometry.parasol_0",
									"minecraft:material_instances": {
										"*": {
											"texture": "mc_parasol_4",
											"ambient_occlusion": true,
											"render_method": "alpha_test"
										}
									},
									"minecraft:pick_collision": {
										"origin": [
											-6,
											0,
											-6
										],
										"size": [
											12,
											16,
											12
										]
									},
									"minecraft:block_light_absorption": 0,
									"minecraft:entity_collision": false,
									"minecraft:creative_category": {
										"category": "construction"
									}
								},
								"data": "geometry.parasol_0",
								"key": "minecraft:geometry"
							},
							{
								"open": {
									"minecraft:destroy_time": 0.4,
									"minecraft:explosion_resistance": 1,
									"minecraft:geometry": "geometry.parasol_0",
									"minecraft:material_instances": {
										"*": {
											"texture": "mc_parasol_4",
											"ambient_occlusion": true,
											"render_method": "alpha_test"
										}
									},
									"minecraft:pick_collision": {
										"origin": [
											-6,
											0,
											-6
										],
										"size": [
											12,
											16,
											12
										]
									},
									"minecraft:block_light_absorption": 0,
									"minecraft:entity_collision": false,
									"minecraft:creative_category": {
										"category": "construction"
									}
								},
								"key": "minecraft:material_instances",
								"children": [
									{
										"open": {
											"*": {
												"texture": "mc_parasol_4",
												"ambient_occlusion": true,
												"render_method": "alpha_test"
											}
										},
										"key": "*",
										"is_minified": true,
										"children": {
											"texture": "mc_parasol_4",
											"ambient_occlusion": true,
											"render_method": "alpha_test"
										}
									}
								]
							},
							{
								"key": "minecraft:pick_collision",
								"is_minified": true,
								"children": {
									"origin": [
										-6,
										0,
										-6
									],
									"size": [
										12,
										16,
										12
									]
								}
							},
							{
								"data": "0.0",
								"key": "minecraft:block_light_absorption"
							},
							{
								"data": "false",
								"key": "minecraft:entity_collision"
							},
							{
								"key": "minecraft:creative_category",
								"is_minified": true,
								"children": {
									"category": "construction"
								}
							}
						]
					},
					{
						"key": "events",
						"is_minified": true,
						"children": {}
					}
				]
			}
		]
	}
}