{
	"file_path": "C:\\Users\\chupi\\AppData\\Local\\Packages\\Microsoft.MinecraftUWP_8wekyb3d8bbwe\\LocalState\\games\\com.mojang\\development_behavior_packs\\ModernDecoration\\blocks\\garden\\sprinkler_big.json",
	"file_type": "block",
	"format_version": 1,
	"file_uuid": "5d47575b_7a16_4cff_a038_6b2d1bd53d8d",
	"file_version": 33,
	"cache_content": {
		"children": [
			{
				"open": {
					"minecraft:block": {
						"components": {
							"minecraft:geometry": "geometry.sprinkler_big",
							"minecraft:material_instances": {
								"*": {
									"texture": "mc_sprinkler",
									"render_method": "blend",
									"ambient_occlusion": false
								}
							},
							"minecraft:destroy_time": 0.6,
							"minecraft:explosion_resistance": 1,
							"minecraft:entity_collision": {
								"origin": [
									-8,
									0,
									-8
								],
								"size": [
									16,
									5,
									16
								]
							},
							"minecraft:pick_collision": {
								"origin": [
									-8,
									0,
									-8
								],
								"size": [
									16,
									5,
									16
								]
							},
							"minecraft:ticking": {
								"range": [
									2,
									2
								],
								"on_tick": {
									"event": "dirt:event"
								}
							},
							"minecraft:on_interact": {
								"event": "toggle"
							},
							"minecraft:creative_category": {
								"category": "construction"
							}
						},
						"description": {
							"identifier": "mc:sprinkler_big",
							"is_experimental": true,
							"properties": {
								"is:on": [
									false,
									true
								]
							}
						},
						"permutations": [
							{
								"condition": "query.block_property('is:on')",
								"components": {
									"minecraft:ticking": {
										"looping": true,
										"range": [
											0,
											0
										],
										"on_tick": {
											"event": "water_particle"
										}
									}
								}
							}
						],
						"events": {
							"toggle": {
								"set_block_property": {
									"is:on": "query.block_property('is:on') ? false : true"
								}
							},
							"water_particle": {
								"run_command": {
									"command": [
										"particle mc:water_drip_particle_2 ~~0.7~0.2",
										"playsound ambient.weather.rain @p ~~~ 0.5 5",
										"fill ~9~-1~9 ~-9~-1~-9 farmland 1 replace farmland 0",
										"particle mc:water_drip_particle_2 ~~0.7~0.3"
									]
								}
							}
						}
					},
					"format_version": "1.16.0"
				},
				"key": "minecraft:block",
				"children": [
					{
						"open": {
							"components": {
								"minecraft:geometry": "geometry.sprinkler_big",
								"minecraft:material_instances": {
									"*": {
										"texture": "mc_sprinkler",
										"render_method": "blend",
										"ambient_occlusion": false
									}
								},
								"minecraft:destroy_time": 0.6,
								"minecraft:explosion_resistance": 1,
								"minecraft:entity_collision": {
									"origin": [
										-8,
										0,
										-8
									],
									"size": [
										16,
										5,
										16
									]
								},
								"minecraft:pick_collision": {
									"origin": [
										-8,
										0,
										-8
									],
									"size": [
										16,
										5,
										16
									]
								},
								"minecraft:ticking": {
									"range": [
										2,
										2
									],
									"on_tick": {
										"event": "dirt:event"
									}
								},
								"minecraft:on_interact": {
									"event": "toggle"
								},
								"minecraft:creative_category": {
									"category": "construction"
								}
							},
							"description": {
								"identifier": "mc:sprinkler_big",
								"is_experimental": true,
								"properties": {
									"is:on": [
										false,
										true
									]
								}
							},
							"permutations": [
								{
									"condition": "query.block_property('is:on')",
									"components": {
										"minecraft:ticking": {
											"looping": true,
											"range": [
												0,
												0
											],
											"on_tick": {
												"event": "water_particle"
											}
										}
									}
								}
							],
							"events": {
								"toggle": {
									"set_block_property": {
										"is:on": "query.block_property('is:on') ? false : true"
									}
								},
								"water_particle": {
									"run_command": {
										"command": [
											"particle mc:water_drip_particle_2 ~~0.7~0.2",
											"playsound ambient.weather.rain @p ~~~ 0.5 5",
											"fill ~9~-1~9 ~-9~-1~-9 farmland 1 replace farmland 0",
											"particle mc:water_drip_particle_2 ~~0.7~0.3"
										]
									}
								}
							}
						},
						"key": "components",
						"is_minified": true,
						"children": {
							"minecraft:geometry": "geometry.sprinkler_big",
							"minecraft:material_instances": {
								"*": {
									"texture": "mc_sprinkler",
									"render_method": "blend",
									"ambient_occlusion": false
								}
							},
							"minecraft:destroy_time": 0.6,
							"minecraft:explosion_resistance": 1,
							"minecraft:entity_collision": {
								"origin": [
									-8,
									0,
									-8
								],
								"size": [
									16,
									5,
									16
								]
							},
							"minecraft:pick_collision": {
								"origin": [
									-8,
									0,
									-8
								],
								"size": [
									16,
									5,
									16
								]
							},
							"minecraft:ticking": {
								"range": [
									2,
									2
								],
								"on_tick": {
									"event": "dirt:event"
								}
							},
							"minecraft:on_interact": {
								"event": "toggle"
							},
							"minecraft:creative_category": {
								"category": "construction"
							}
						}
					},
					{
						"key": "description",
						"is_minified": true,
						"children": {
							"identifier": "mc:sprinkler_big",
							"is_experimental": true,
							"properties": {
								"is:on": [
									false,
									true
								]
							}
						}
					},
					{
						"key": "permutations",
						"is_minified": true,
						"children": [
							{
								"condition": "query.block_property('is:on')",
								"components": {
									"minecraft:ticking": {
										"looping": true,
										"range": [
											0,
											0
										],
										"on_tick": {
											"event": "water_particle"
										}
									}
								}
							}
						]
					},
					{
						"key": "events",
						"is_minified": true,
						"children": {
							"toggle": {
								"set_block_property": {
									"is:on": "query.block_property('is:on') ? false : true"
								}
							},
							"water_particle": {
								"run_command": {
									"command": [
										"particle mc:water_drip_particle_2 ~~0.7~0.2",
										"playsound ambient.weather.rain @p ~~~ 0.5 5",
										"fill ~9~-1~9 ~-9~-1~-9 farmland 1 replace farmland 0",
										"particle mc:water_drip_particle_2 ~~0.7~0.3"
									]
								}
							}
						}
					}
				]
			},
			{
				"data": "1.16.0",
				"key": "format_version"
			}
		]
	}
}