{
	"file_path": "C:\\Users\\chupi\\AppData\\Local\\Packages\\Microsoft.MinecraftUWP_8wekyb3d8bbwe\\LocalState\\games\\com.mojang\\development_resource_packs\\ModernDeco\\manifest.json",
	"file_type": "manifest_rp",
	"format_version": 1,
	"file_uuid": "ef6ba560_67c9_481e_89f0_193c64fdc122",
	"file_version": 5,
	"cache_content": {
		"children": [
			{
				"data": "2",
				"key": "format_version"
			},
			{
				"open": {
					"format_version": 2,
					"header": {
						"name": "§6Home+ §0Addon Summer Update",
						"description": "Home+ RP §4[YT:Albii]",
						"uuid": "3bdc5e73-6e53-45f5-a901-aa0b4efc1424",
						"version": [
							1,
							7,
							0
						],
						"min_engine_version": [
							1,
							13,
							0
						]
					},
					"modules": [
						{
							"type": "resources",
							"uuid": "c6d487d2-8a2a-4684-91de-aee46a39fbd2",
							"version": [
								1,
								7,
								0
							]
						}
					]
				},
				"key": "header",
				"children": [
					{
						"open": {
							"name": "§6Home+ §0Addon Summer Update",
							"description": "Home+ RP §4[YT:Albii]",
							"uuid": "3bdc5e73-6e53-45f5-a901-aa0b4efc1424",
							"version": [
								1,
								7,
								0
							],
							"min_engine_version": [
								1,
								13,
								0
							]
						},
						"data": "§6Home+ §0Addon Summer Update",
						"key": "name"
					},
					{
						"data": "Home+ RP §4[YT:Albii]",
						"key": "description"
					},
					{
						"data": "3bdc5e73-6e53-45f5-a901-aa0b4efc1424",
						"key": "uuid"
					},
					{
						"open": {
							"name": "§6Home+ §0Addon Summer Update",
							"description": "Home+ RP §4[YT:Albii]",
							"uuid": "3bdc5e73-6e53-45f5-a901-aa0b4efc1424",
							"version": [
								1,
								7,
								0
							],
							"min_engine_version": [
								1,
								13,
								0
							]
						},
						"key": "version",
						"is_minified": true,
						"children": [
							1,
							7,
							0
						]
					},
					{
						"key": "min_engine_version",
						"is_minified": true,
						"children": [
							1,
							13,
							0
						]
					}
				]
			},
			{
				"open": {
					"format_version": 2,
					"header": {
						"name": "§6Home+ §0Addon Summer Update",
						"description": "Home+ RP §4[YT:Albii]",
						"uuid": "3bdc5e73-6e53-45f5-a901-aa0b4efc1424",
						"version": [
							1,
							7,
							0
						],
						"min_engine_version": [
							1,
							13,
							0
						]
					},
					"modules": [
						{
							"type": "resources",
							"uuid": "c6d487d2-8a2a-4684-91de-aee46a39fbd2",
							"version": [
								1,
								7,
								0
							]
						}
					]
				},
				"key": "modules",
				"children": [
					{
						"open": [
							{
								"type": "resources",
								"uuid": "c6d487d2-8a2a-4684-91de-aee46a39fbd2",
								"version": [
									1,
									7,
									0
								]
							}
						],
						"children": [
							{
								"data": "resources",
								"key": "type"
							},
							{
								"data": "c6d487d2-8a2a-4684-91de-aee46a39fbd2",
								"key": "uuid"
							},
							{
								"open": {
									"type": "resources",
									"uuid": "c6d487d2-8a2a-4684-91de-aee46a39fbd2",
									"version": [
										1,
										7,
										0
									]
								},
								"key": "version",
								"is_minified": true,
								"children": [
									1,
									7,
									0
								]
							}
						]
					}
				]
			}
		]
	}
}