{
	"file_path": "C:\\Users\\chupi\\AppData\\Local\\Packages\\Microsoft.MinecraftUWP_8wekyb3d8bbwe\\LocalState\\games\\com.mojang\\development_resource_packs\\ModernDeco\\blocks.json",
	"file_type": "client_block",
	"format_version": 1,
	"file_uuid": "26542a79_c574_4783_87aa_d653549b6977",
	"file_version": 0,
	"cache_content": {
		"children": [
			{
				"key": "format_version",
				"is_minified": true,
				"children": [
					1,
					1,
					0
				]
			},
			{
				"key": "mc:creeper_plushy",
				"is_minified": true,
				"children": {
					"textures": "mc_creeper_plushy",
					"sound": "cloth"
				}
			},
			{
				"key": "mc:tv_table_0",
				"is_minified": true,
				"children": {
					"textures": "mc_tv_table_0",
					"sound": "wood"
				}
			},
			{
				"key": "mc:tv_table_1",
				"is_minified": true,
				"children": {
					"textures": "mc_tv_table_1",
					"sound": "wood"
				}
			},
			{
				"key": "mc:tv_table_2",
				"is_minified": true,
				"children": {
					"textures": "mc_tv_table_2",
					"sound": "stone"
				}
			},
			{
				"key": "mc:pot_0",
				"is_minified": true,
				"children": {
					"textures": "mc_pot_0",
					"sound": "stone"
				}
			},
			{
				"key": "mc:pot_1",
				"is_minified": true,
				"children": {
					"textures": "mc_pot_1",
					"sound": "stone"
				}
			},
			{
				"key": "mc:pot_2",
				"is_minified": true,
				"children": {
					"textures": "mc_pot_2",
					"sound": "stone"
				}
			},
			{
				"key": "mc:pot_3",
				"is_minified": true,
				"children": {
					"textures": "mc_pot_3",
					"sound": "stone"
				}
			},
			{
				"key": "mc:sofa_0",
				"is_minified": true,
				"children": {
					"textures": "mc_sofa_0",
					"sound": "wood"
				}
			},
			{
				"key": "mc:lamp_0",
				"is_minified": true,
				"children": {
					"textures": "mc_lamp_0",
					"sound": "wood"
				}
			},
			{
				"key": "mc:lamp_1",
				"is_minified": true,
				"children": {
					"textures": "mc_lamp_1",
					"sound": "stone"
				}
			},
			{
				"key": "mc:lamp_2",
				"is_minified": true,
				"children": {
					"textures": "mc_lamp_2",
					"sound": "stone"
				}
			},
			{
				"key": "mc:chair_0",
				"is_minified": true,
				"children": {
					"textures": "mc_chair_0",
					"sound": "stone"
				}
			},
			{
				"key": "mc:chair_1",
				"is_minified": true,
				"children": {
					"textures": "mc_chair_1",
					"sound": "stone"
				}
			},
			{
				"key": "mc:chair_2",
				"is_minified": true,
				"children": {
					"textures": "mc_chair_2",
					"sound": "stone"
				}
			},
			{
				"key": "mc:kitchen_cabinet_0",
				"is_minified": true,
				"children": {
					"textures": "mc_kitchen_cabinet_0",
					"sound": "stone"
				}
			},
			{
				"key": "mc:kitchen_cabinet_1",
				"is_minified": true,
				"children": {
					"textures": "mc_kitchen_cabinet_1",
					"sound": "stone"
				}
			},
			{
				"key": "mc:kitchen_cabinet_2",
				"is_minified": true,
				"children": {
					"textures": "mc_kitchen_cabinet_2",
					"sound": "stone"
				}
			},
			{
				"key": "mc:roof_light_0",
				"is_minified": true,
				"children": {
					"textures": "mc_roof_light_0",
					"sound": "stone"
				}
			},
			{
				"key": "mc:roof_light_1",
				"is_minified": true,
				"children": {
					"textures": "mc_roof_light_1",
					"sound": "stone"
				}
			},
			{
				"key": "mc:roof_light_2",
				"is_minified": true,
				"children": {
					"textures": "mc_roof_light_2",
					"sound": "stone"
				}
			},
			{
				"key": "mc:kitchen_cabinet_3",
				"is_minified": true,
				"children": {
					"textures": "mc_kitchen_cabinet_3",
					"sound": "stone"
				}
			},
			{
				"key": "mc:kitchen_cabinet_4",
				"is_minified": true,
				"children": {
					"textures": "mc_kitchen_cabinet_4",
					"sound": "stone"
				}
			},
			{
				"key": "mc:knifes_stand",
				"is_minified": true,
				"children": {
					"textures": "mc_knifes_stand",
					"sound": "wood"
				}
			},
			{
				"key": "mc:empty_plate",
				"is_minified": true,
				"children": {
					"textures": "mc_empty_plate",
					"sound": "stone"
				}
			},
			{
				"key": "mc:invisible_slab_coll",
				"is_minified": true,
				"children": {
					"textures": "mc_invisible_slab_coll",
					"sound": "stone"
				}
			},
			{
				"key": "mc:sofa_1",
				"is_minified": true,
				"children": {
					"textures": "mc_sofa_1",
					"sound": "wood"
				}
			},
			{
				"key": "mc:sofa_2",
				"is_minified": true,
				"children": {
					"textures": "mc_sofa_2",
					"sound": "wood"
				}
			},
			{
				"key": "mc:lamp_3",
				"is_minified": true,
				"children": {
					"textures": "mc_lamp_3",
					"sound": "wood"
				}
			},
			{
				"key": "mc:lamp_4",
				"is_minified": true,
				"children": {
					"textures": "mc_lamp_4",
					"sound": "wood"
				}
			},
			{
				"key": "mc:lamp_5",
				"is_minified": true,
				"children": {
					"textures": "mc_lamp_5",
					"sound": "wood"
				}
			},
			{
				"key": "mc:shelf_0",
				"is_minified": true,
				"children": {
					"textures": "mc_shelf_0",
					"sound": "stone"
				}
			},
			{
				"key": "mc:shelf_1",
				"is_minified": true,
				"children": {
					"textures": "mc_shelf_1",
					"sound": "stone"
				}
			},
			{
				"key": "mc:shelf_2",
				"is_minified": true,
				"children": {
					"textures": "mc_shelf_2",
					"sound": "stone"
				}
			},
			{
				"key": "mc:wall_clock_0",
				"is_minified": true,
				"children": {
					"textures": "mc_wall_clock_0",
					"sound": "stone"
				}
			},
			{
				"key": "mc:custom_paint_0",
				"is_minified": true,
				"children": {
					"textures": "mc_custom_paint_0",
					"sound": "stone"
				}
			},
			{
				"key": "mc:custom_paint_1",
				"is_minified": true,
				"children": {
					"textures": "mc_custom_paint_1",
					"sound": "stone"
				}
			},
			{
				"key": "mc:custom_paint_2",
				"is_minified": true,
				"children": {
					"textures": "mc_custom_paint_2",
					"sound": "stone"
				}
			},
			{
				"key": "mc:custom_paint_3",
				"is_minified": true,
				"children": {
					"textures": "mc_custom_paint_3",
					"sound": "stone"
				}
			},
			{
				"key": "mc:empty_coat_rack",
				"is_minified": true,
				"children": {
					"textures": "mc_empty_coat_rack",
					"sound": "stone"
				}
			},
			{
				"key": "mc:empty_sword_stand",
				"is_minified": true,
				"children": {
					"textures": "mc_empty_sword_stand",
					"sound": "stone"
				}
			},
			{
				"key": "mc:locked_door_0",
				"is_minified": true,
				"children": {
					"textures": "mc_locked_door_0",
					"sound": "stone"
				}
			},
			{
				"key": "mc:up_door_collision",
				"is_minified": true,
				"children": {
					"textures": "mc_up_door_collision",
					"sound": "stone"
				}
			},
			{
				"key": "mc:locked_door_1",
				"is_minified": true,
				"children": {
					"textures": "mc_locked_door_1",
					"sound": "stone"
				}
			},
			{
				"key": "mc:locked_door_2",
				"is_minified": true,
				"children": {
					"textures": "mc_locked_door_2",
					"sound": "stone"
				}
			},
			{
				"key": "mc:locked_door_3",
				"is_minified": true,
				"children": {
					"textures": "mc_locked_door_3",
					"sound": "stone"
				}
			},
			{
				"key": "mc:locked_door_4",
				"is_minified": true,
				"children": {
					"textures": "mc_locked_door_4",
					"sound": "stone"
				}
			},
			{
				"key": "mc:nightstand_0",
				"is_minified": true,
				"children": {
					"textures": "mc_nightstand_0",
					"sound": "stone"
				}
			},
			{
				"key": "mc:nightstand_1",
				"is_minified": true,
				"children": {
					"textures": "mc_nightstand_1",
					"sound": "stone"
				}
			},
			{
				"key": "mc:sink_0",
				"is_minified": true,
				"children": {
					"textures": "mc_sink_0",
					"sound": "stone"
				}
			},
			{
				"key": "mc:sink_1",
				"is_minified": true,
				"children": {
					"textures": "mc_sink_1",
					"sound": "stone"
				}
			},
			{
				"key": "mc:bathroom_cabinet_0",
				"is_minified": true,
				"children": {
					"textures": "mc_bathroom_cabinet_0",
					"sound": "stone"
				}
			},
			{
				"key": "mc:bathroom_cabinet_1",
				"is_minified": true,
				"children": {
					"textures": "mc_bathroom_cabinet_1",
					"sound": "stone"
				}
			},
			{
				"key": "mc:sprinkler",
				"is_minified": true,
				"children": {
					"textures": "mc_sprinkler",
					"sound": "stone"
				}
			},
			{
				"key": "mc:sprinkler_big",
				"is_minified": true,
				"children": {
					"textures": "mc_sprinkler_big",
					"sound": "stone"
				}
			},
			{
				"key": "mc:desk_lamp_0",
				"is_minified": true,
				"children": {
					"textures": "mc_desk_lamp_0",
					"sound": "stone"
				}
			},
			{
				"key": "mc:desk_lamp_1",
				"is_minified": true,
				"children": {
					"textures": "mc_desk_lamp_1",
					"sound": "stone"
				}
			},
			{
				"key": "mc:stool_0",
				"is_minified": true,
				"children": {
					"textures": "mc_stool_0",
					"sound": "stone"
				}
			},
			{
				"key": "mc:stool_1",
				"is_minified": true,
				"children": {
					"textures": "mc_stool_1",
					"sound": "stone"
				}
			},
			{
				"key": "mc:custom_door_0",
				"is_minified": true,
				"children": {
					"textures": "mc_custom_door_0",
					"sound": "stone"
				}
			},
			{
				"key": "mc:up_door_block",
				"is_minified": true,
				"children": {
					"textures": "mc_up_door_block",
					"sound": "stone"
				}
			},
			{
				"key": "mc:custom_door_1",
				"is_minified": true,
				"children": {
					"textures": "mc_custom_door_1",
					"sound": "stone"
				}
			},
			{
				"key": "mc:custom_door_2",
				"is_minified": true,
				"children": {
					"textures": "mc_custom_door_2",
					"sound": "stone"
				}
			},
			{
				"key": "mc:custom_door_3",
				"is_minified": true,
				"children": {
					"textures": "mc_custom_door_3",
					"sound": "stone"
				}
			},
			{
				"key": "mc:doorbell",
				"is_minified": true,
				"children": {
					"textures": "mc_doorbell",
					"sound": "stone"
				}
			},
			{
				"key": "mc:led_light_0",
				"is_minified": true,
				"children": {
					"textures": "mc_led_light_0",
					"sound": "stone"
				}
			},
			{
				"key": "mc:led_light_1",
				"is_minified": true,
				"children": {
					"textures": "mc_led_light_1",
					"sound": "stone"
				}
			},
			{
				"key": "mc:led_light_2",
				"is_minified": true,
				"children": {
					"textures": "mc_led_light_2",
					"sound": "stone"
				}
			},
			{
				"key": "mc:oak_roof",
				"is_minified": true,
				"children": {
					"textures": "mc_oak_roof",
					"sound": "stone"
				}
			},
			{
				"key": "mc:glass_roof",
				"is_minified": true,
				"children": {
					"textures": "mc_glass_roof",
					"sound": "stone"
				}
			},
			{
				"key": "mc:fridge_0",
				"is_minified": true,
				"children": {
					"textures": "mc_fridge_0",
					"sound": "stone"
				}
			},
			{
				"key": "mc:toaster",
				"is_minified": true,
				"children": {
					"textures": "mc_toaster",
					"sound": "stone"
				}
			},
			{
				"key": "mc:garden_chair_0",
				"is_minified": true,
				"children": {
					"textures": "mc_garden_chair_0",
					"sound": "stone"
				}
			},
			{
				"key": "mc:garden_table_0",
				"is_minified": true,
				"children": {
					"textures": "mc_garden_table_0",
					"sound": "stone"
				}
			},
			{
				"key": "mc:garden_wood_wall",
				"is_minified": true,
				"children": {
					"textures": "mc_garden_wood_wall",
					"sound": "stone"
				}
			},
			{
				"key": "mc:garden_wood_wall_1",
				"is_minified": true,
				"children": {
					"textures": "mc_garden_wood_wall_1",
					"sound": "stone"
				}
			},
			{
				"key": "mc:furniture_creator",
				"is_minified": true,
				"children": {
					"textures": "mc_furniture_creator",
					"sound": "stone"
				}
			},
			{
				"key": "mc:grill",
				"is_minified": true,
				"children": {
					"textures": "mc_grill",
					"sound": "stone"
				}
			},
			{
				"key": "mc:shower",
				"is_minified": true,
				"children": {
					"textures": "mc_shower",
					"sound": "stone"
				}
			},
			{
				"key": "mc:hanging_plant_0",
				"is_minified": true,
				"children": {
					"textures": "mc_hanging_plant_0",
					"sound": "stone"
				}
			},
			{
				"key": "mc:hanging_plant_1",
				"is_minified": true,
				"children": {
					"textures": "mc_hanging_plant_1",
					"sound": "stone"
				}
			},
			{
				"key": "mc:toilet",
				"is_minified": true,
				"children": {
					"textures": "mc_toilet",
					"sound": "stone"
				}
			},
			{
				"key": "mc:tv",
				"is_minified": true,
				"children": {
					"textures": "mc_tv",
					"sound": "stone"
				}
			},
			{
				"key": "mc:kitchen_cabinet_5",
				"is_minified": true,
				"children": {
					"textures": "mc_kitchen_cabinet_5",
					"sound": "stone"
				}
			},
			{
				"key": "mc:kitchen_cabinet_6",
				"is_minified": true,
				"children": {
					"textures": "mc_kitchen_cabinet_6",
					"sound": "stone"
				}
			},
			{
				"key": "mc:ceiling_lamp_0",
				"is_minified": true,
				"children": {
					"textures": "mc_ceiling_lamp_0",
					"sound": "stone"
				}
			},
			{
				"key": "mc:ceiling_lamp_1",
				"is_minified": true,
				"children": {
					"textures": "mc_ceiling_lamp_1",
					"sound": "stone"
				}
			},
			{
				"key": "mc:blinds_0",
				"is_minified": true,
				"children": {
					"textures": "mc_blinds_0",
					"sound": "stone"
				}
			},
			{
				"key": "mc:blinds_middle_open",
				"is_minified": true,
				"children": {
					"textures": "mc_blinds_middle_open",
					"sound": "stone"
				}
			},
			{
				"key": "mc:blinds_middle_closed",
				"is_minified": true,
				"children": {
					"textures": "mc_blinds_middle_closed",
					"sound": "stone"
				}
			},
			{
				"key": "mc:staircase_0",
				"is_minified": true,
				"children": {
					"textures": "mc_staircase_0",
					"sound": "stone"
				}
			},
			{
				"key": "mc:staircase_1",
				"is_minified": true,
				"children": {
					"textures": "mc_staircase_1",
					"sound": "stone"
				}
			},
			{
				"key": "mc:staircase_2",
				"is_minified": true,
				"children": {
					"textures": "mc_staircase_2",
					"sound": "stone"
				}
			},
			{
				"key": "mc:staircase_3",
				"is_minified": true,
				"children": {
					"textures": "mc_staircase_3",
					"sound": "stone"
				}
			},
			{
				"key": "mc:table_0",
				"is_minified": true,
				"children": {
					"textures": "mc_table_0",
					"sound": "stone"
				}
			},
			{
				"key": "mc:table_collision",
				"is_minified": true,
				"children": {
					"textures": "mc_table_collision",
					"sound": "stone"
				}
			},
			{
				"key": "mc:table_1",
				"is_minified": true,
				"children": {
					"textures": "mc_table_1",
					"sound": "stone"
				}
			},
			{
				"key": "mc:parquet_0",
				"is_minified": true,
				"children": {
					"textures": "mc_parquet_0",
					"sound": "stone"
				}
			},
			{
				"key": "mc:parquet_1",
				"is_minified": true,
				"children": {
					"textures": "mc_parquet_1",
					"sound": "stone"
				}
			},
			{
				"key": "mc:vase_0",
				"is_minified": true,
				"children": {
					"textures": "mc_vase_0",
					"sound": "stone"
				}
			},
			{
				"key": "mc:wall_lamp_0",
				"is_minified": true,
				"children": {
					"textures": "mc_wall_lamp_0",
					"sound": "stone"
				}
			},
			{
				"key": "mc:custom_door_4",
				"is_minified": true,
				"children": {
					"textures": "mc_custom_door_4",
					"sound": "stone"
				}
			},
			{
				"key": "mc:desk_0",
				"is_minified": true,
				"children": {
					"textures": "mc_desk_0",
					"sound": "wood"
				}
			},
			{
				"key": "mc:desk_1",
				"is_minified": true,
				"children": {
					"textures": "mc_desk_1",
					"sound": "wood"
				}
			},
			{
				"key": "mc:desk_3",
				"is_minified": true,
				"children": {
					"textures": "mc_desk_3",
					"sound": "wood"
				}
			},
			{
				"key": "mc:statue",
				"is_minified": true,
				"children": {
					"textures": "mc_statue",
					"sound": "stone"
				}
			},
			{
				"key": "mc:tv_table_3",
				"is_minified": true,
				"children": {
					"textures": "mc_tv_table_3",
					"sound": "stone"
				}
			},
			{
				"key": "mc:zombie_statue",
				"is_minified": true,
				"children": {
					"textures": "mc_zombie_statue",
					"sound": "stone"
				}
			},
			{
				"key": "mc:closet_0",
				"is_minified": true,
				"children": {
					"textures": "mc_closet_0",
					"sound": "wood"
				}
			},
			{
				"key": "mc:closet_collision",
				"is_minified": true,
				"children": {
					"textures": "mc_closet_collision",
					"sound": "stone"
				}
			},
			{
				"key": "mc:closet_1",
				"is_minified": true,
				"children": {
					"textures": "mc_closet_1",
					"sound": "stone"
				}
			},
			{
				"key": "mc:creeper_statue",
				"is_minified": true,
				"children": {
					"textures": "mc_creeper_statue",
					"sound": "stone"
				}
			},
			{
				"key": "mc:custom_door_5",
				"is_minified": true,
				"children": {
					"textures": "mc_custom_door_5",
					"sound": "stone"
				}
			},
			{
				"key": "mc:custom_door_6",
				"is_minified": true,
				"children": {
					"textures": "mc_custom_door_6",
					"sound": "stone"
				}
			},
			{
				"key": "mc:desk_lamp_3",
				"is_minified": true,
				"children": {
					"textures": "mc_desk_lamp_3",
					"sound": "stone"
				}
			},
			{
				"key": "mc:desk_lamp_2",
				"is_minified": true,
				"children": {
					"textures": "mc_desk_lamp_2",
					"sound": "stone"
				}
			},
			{
				"key": "mc:globe",
				"is_minified": true,
				"children": {
					"textures": "mc_globe",
					"sound": "stone"
				}
			},
			{
				"key": "mc:sign_0",
				"is_minified": true,
				"children": {
					"textures": "mc_sign_0",
					"sound": "wood"
				}
			},
			{
				"key": "mc:sign_1",
				"is_minified": true,
				"children": {
					"textures": "mc_sign_1",
					"sound": "wood"
				}
			},
			{
				"key": "mc:sign_2",
				"is_minified": true,
				"children": {
					"textures": "mc_sign_2",
					"sound": "wood"
				}
			},
			{
				"key": "mc:sign_3",
				"is_minified": true,
				"children": {
					"textures": "mc_sign_3",
					"sound": "wood"
				}
			},
			{
				"key": "mc:sign_4",
				"is_minified": true,
				"children": {
					"textures": "mc_sign_4",
					"sound": "wood"
				}
			},
			{
				"key": "mc:gray_bricks",
				"is_minified": true,
				"children": {
					"textures": "mc_gray_bricks",
					"sound": "stone"
				}
			},
			{
				"key": "mc:bedroom_chair_0",
				"is_minified": true,
				"children": {
					"textures": "mc_bedroom_chair_0",
					"sound": "stone"
				}
			},
			{
				"key": "mc:bedroom_chair_1",
				"is_minified": true,
				"children": {
					"textures": "mc_bedroom_chair_1",
					"sound": "stone"
				}
			},
			{
				"key": "mc:tv_table_4",
				"is_minified": true,
				"children": {
					"textures": "mc_tv_table_4",
					"sound": "stone"
				}
			},
			{
				"key": "mc:tv_table_5",
				"is_minified": true,
				"children": {
					"textures": "mc_tv_table_5",
					"sound": "stone"
				}
			},
			{
				"key": "mc:balloon_lamp_0",
				"is_minified": true,
				"children": {
					"textures": "mc_balloon_lamp_0",
					"sound": "stone"
				}
			},
			{
				"key": "mc:balloon_lamp_1",
				"is_minified": true,
				"children": {
					"textures": "mc_balloon_lamp_1",
					"sound": "stone"
				}
			},
			{
				"key": "mc:parasol_0",
				"is_minified": true,
				"children": {
					"textures": "mc_parasol_0",
					"sound": "stone"
				}
			},
			{
				"key": "mc:parasol_1",
				"is_minified": true,
				"children": {
					"textures": "mc_parasol_1",
					"sound": "stone"
				}
			},
			{
				"key": "mc:parasol_2",
				"is_minified": true,
				"children": {
					"textures": "mc_parasol_2",
					"sound": "stone"
				}
			},
			{
				"key": "mc:parasol_3",
				"is_minified": true,
				"children": {
					"textures": "mc_parasol_3",
					"sound": "stone"
				}
			},
			{
				"key": "mc:parasol_4",
				"is_minified": true,
				"children": {
					"textures": "mc_parasol_4",
					"sound": "stone"
				}
			},
			{
				"key": "mc:garden_torch",
				"is_minified": true,
				"children": {
					"textures": "mc_garden_torch",
					"sound": "stone"
				}
			},
			{
				"key": "mc:deck_chair_0",
				"is_minified": true,
				"children": {
					"textures": "mc_deck_chair_0",
					"sound": "stone"
				}
			},
			{
				"key": "mc:deck_chair_1",
				"is_minified": true,
				"children": {
					"textures": "mc_deck_chair_1",
					"sound": "stone"
				}
			},
			{
				"key": "mc:stone_road",
				"is_minified": true,
				"children": {
					"textures": "mc_stone_road",
					"sound": "stone"
				}
			},
			{
				"key": "mc:black_stone_road",
				"is_minified": true,
				"children": {
					"textures": "mc_black_stone_road",
					"sound": "stone"
				}
			},
			{
				"key": "mc:brazier",
				"is_minified": true,
				"children": {
					"textures": "mc_brazier",
					"sound": "stone"
				}
			},
			{
				"key": "mc:hanging_float_0",
				"is_minified": true,
				"children": {
					"textures": "mc_hanging_float_0",
					"sound": "stone"
				}
			},
			{
				"key": "mc:hanging_float_1",
				"is_minified": true,
				"children": {
					"textures": "mc_hanging_float_1",
					"sound": "stone"
				}
			},
			{
				"key": "mc:hanging_float_2",
				"is_minified": true,
				"children": {
					"textures": "mc_hanging_float_2",
					"sound": "stone"
				}
			},
			{
				"key": "mc:welcome_sign",
				"is_minified": true,
				"children": {
					"textures": "mc_welcome_sign",
					"sound": "stone"
				}
			},
			{
				"key": "mc:fish_bowl",
				"is_minified": true,
				"children": {
					"textures": "mc_fish_bowl",
					"sound": "stone"
				}
			},
			{
				"key": "mc:black_fish_bowl",
				"is_minified": true,
				"children": {
					"textures": "mc_black_fish_bowl",
					"sound": "stone"
				}
			},
			{
				"key": "mc:picnic_chair_oak",
				"is_minified": true,
				"children": {
					"textures": "mc_picnic_chair_oak",
					"sound": "wood"
				}
			},
			{
				"key": "mc:picnic_chair_spruce",
				"is_minified": true,
				"children": {
					"textures": "mc_picnic_chair_spruce",
					"sound": "wood"
				}
			},
			{
				"key": "mc:picnic_chair_birch",
				"is_minified": true,
				"children": {
					"textures": "mc_picnic_chair_spruce",
					"sound": "wood"
				}
			},
			{
				"key": "mc:picnic_chair_acacia",
				"is_minified": true,
				"children": {
					"textures": "mc_picnic_chair_spruce",
					"sound": "wood"
				}
			},
			{
				"key": "mc:picnic_chair_jungle",
				"is_minified": true,
				"children": {
					"textures": "mc_picnic_chair_spruce",
					"sound": "wood"
				}
			},
			{
				"key": "mc:picnic_chair_big_oak",
				"is_minified": true,
				"children": {
					"textures": "mc_picnic_chair_spruce",
					"sound": "wood"
				}
			},
			{
				"key": "mc:picnic_table_oak",
				"is_minified": true,
				"children": {
					"textures": "mc_picnic_table_oak",
					"sound": "stone"
				}
			},
			{
				"key": "mc:picnic_table_spruce",
				"is_minified": true,
				"children": {
					"textures": "mc_picnic_table_oak",
					"sound": "stone"
				}
			},
			{
				"key": "mc:picnic_table_big_oak",
				"is_minified": true,
				"children": {
					"textures": "mc_picnic_table_oak",
					"sound": "stone"
				}
			},
			{
				"key": "mc:picnic_table_birch",
				"is_minified": true,
				"children": {
					"textures": "mc_picnic_table_oak",
					"sound": "stone"
				}
			},
			{
				"key": "mc:picnic_table_jungle",
				"is_minified": true,
				"children": {
					"textures": "mc_picnic_table_oak",
					"sound": "stone"
				}
			},
			{
				"key": "mc:picnic_table_acacia",
				"is_minified": true,
				"children": {
					"textures": "mc_picnic_table_oak",
					"sound": "stone"
				}
			},
			{
				"key": "mc:sofa_collision",
				"is_minified": true,
				"children": {
					"textures": "mc_table_collision",
					"sound": "stone"
				}
			},
			{
				"key": "mc:sofa_3",
				"is_minified": true,
				"children": {
					"textures": "mc_sofa_3",
					"sound": "stone"
				}
			},
			{
				"key": "mc:sofa_4",
				"is_minified": true,
				"children": {
					"textures": "mc_sofa_4",
					"sound": "stone"
				}
			},
			{
				"key": "mc:sofa_5",
				"is_minified": true,
				"children": {
					"textures": "mc_sofa_5",
					"sound": "stone"
				}
			},
			{
				"key": "mc:sofa_6",
				"is_minified": true,
				"children": {
					"textures": "mc_sofa_6",
					"sound": "stone"
				}
			},
			{
				"key": "mc:sofa_7",
				"is_minified": true,
				"children": {
					"textures": "mc_sofa_7",
					"sound": "stone"
				}
			},
			{
				"key": "mc:sofa_8",
				"is_minified": true,
				"children": {
					"textures": "mc_sofa_8",
					"sound": "stone"
				}
			},
			{
				"key": "mc:sofa_9",
				"is_minified": true,
				"children": {
					"textures": "mc_sofa_9",
					"sound": "stone"
				}
			},
			{
				"key": "mc:custom_glass_0",
				"is_minified": true,
				"children": {
					"textures": "mc_custom_glass_0",
					"sound": "stone"
				}
			},
			{
				"key": "mc:potted_ivy",
				"is_minified": true,
				"children": {
					"textures": "mc_potted_ivy",
					"sound": "stone"
				}
			},
			{
				"key": "mc:potted_mini_tree",
				"is_minified": true,
				"children": {
					"textures": "mc_potted_mini_tree",
					"sound": "stone"
				}
			},
			{
				"key": "mc:fallen_log",
				"is_minified": true,
				"children": {
					"textures": "mc_fallen_log",
					"sound": "stone"
				}
			},
			{
				"key": "mc:hat_stand",
				"is_minified": true,
				"children": {
					"textures": "mc_hat_stand",
					"sound": "stone"
				}
			},
			{
				"open": {
					"format_version": [
						1,
						1,
						0
					],
					"mc:creeper_plushy": {
						"textures": "mc_creeper_plushy",
						"sound": "cloth"
					},
					"mc:tv_table_0": {
						"textures": "mc_tv_table_0",
						"sound": "wood"
					},
					"mc:tv_table_1": {
						"textures": "mc_tv_table_1",
						"sound": "wood"
					},
					"mc:tv_table_2": {
						"textures": "mc_tv_table_2",
						"sound": "stone"
					},
					"mc:pot_0": {
						"textures": "mc_pot_0",
						"sound": "stone"
					},
					"mc:pot_1": {
						"textures": "mc_pot_1",
						"sound": "stone"
					},
					"mc:pot_2": {
						"textures": "mc_pot_2",
						"sound": "stone"
					},
					"mc:pot_3": {
						"textures": "mc_pot_3",
						"sound": "stone"
					},
					"mc:sofa_0": {
						"textures": "mc_sofa_0",
						"sound": "wood"
					},
					"mc:lamp_0": {
						"textures": "mc_lamp_0",
						"sound": "wood"
					},
					"mc:lamp_1": {
						"textures": "mc_lamp_1",
						"sound": "stone"
					},
					"mc:lamp_2": {
						"textures": "mc_lamp_2",
						"sound": "stone"
					},
					"mc:chair_0": {
						"textures": "mc_chair_0",
						"sound": "stone"
					},
					"mc:chair_1": {
						"textures": "mc_chair_1",
						"sound": "stone"
					},
					"mc:chair_2": {
						"textures": "mc_chair_2",
						"sound": "stone"
					},
					"mc:kitchen_cabinet_0": {
						"textures": "mc_kitchen_cabinet_0",
						"sound": "stone"
					},
					"mc:kitchen_cabinet_1": {
						"textures": "mc_kitchen_cabinet_1",
						"sound": "stone"
					},
					"mc:kitchen_cabinet_2": {
						"textures": "mc_kitchen_cabinet_2",
						"sound": "stone"
					},
					"mc:roof_light_0": {
						"textures": "mc_roof_light_0",
						"sound": "stone"
					},
					"mc:roof_light_1": {
						"textures": "mc_roof_light_1",
						"sound": "stone"
					},
					"mc:roof_light_2": {
						"textures": "mc_roof_light_2",
						"sound": "stone"
					},
					"mc:kitchen_cabinet_3": {
						"textures": "mc_kitchen_cabinet_3",
						"sound": "stone"
					},
					"mc:kitchen_cabinet_4": {
						"textures": "mc_kitchen_cabinet_4",
						"sound": "stone"
					},
					"mc:knifes_stand": {
						"textures": "mc_knifes_stand",
						"sound": "wood"
					},
					"mc:empty_plate": {
						"textures": "mc_empty_plate",
						"sound": "stone"
					},
					"mc:invisible_slab_coll": {
						"textures": "mc_invisible_slab_coll",
						"sound": "stone"
					},
					"mc:sofa_1": {
						"textures": "mc_sofa_1",
						"sound": "wood"
					},
					"mc:sofa_2": {
						"textures": "mc_sofa_2",
						"sound": "wood"
					},
					"mc:lamp_3": {
						"textures": "mc_lamp_3",
						"sound": "wood"
					},
					"mc:lamp_4": {
						"textures": "mc_lamp_4",
						"sound": "wood"
					},
					"mc:lamp_5": {
						"textures": "mc_lamp_5",
						"sound": "wood"
					},
					"mc:shelf_0": {
						"textures": "mc_shelf_0",
						"sound": "stone"
					},
					"mc:shelf_1": {
						"textures": "mc_shelf_1",
						"sound": "stone"
					},
					"mc:shelf_2": {
						"textures": "mc_shelf_2",
						"sound": "stone"
					},
					"mc:wall_clock_0": {
						"textures": "mc_wall_clock_0",
						"sound": "stone"
					},
					"mc:custom_paint_0": {
						"textures": "mc_custom_paint_0",
						"sound": "stone"
					},
					"mc:custom_paint_1": {
						"textures": "mc_custom_paint_1",
						"sound": "stone"
					},
					"mc:custom_paint_2": {
						"textures": "mc_custom_paint_2",
						"sound": "stone"
					},
					"mc:custom_paint_3": {
						"textures": "mc_custom_paint_3",
						"sound": "stone"
					},
					"mc:empty_coat_rack": {
						"textures": "mc_empty_coat_rack",
						"sound": "stone"
					},
					"mc:empty_sword_stand": {
						"textures": "mc_empty_sword_stand",
						"sound": "stone"
					},
					"mc:locked_door_0": {
						"textures": "mc_locked_door_0",
						"sound": "stone"
					},
					"mc:up_door_collision": {
						"textures": "mc_up_door_collision",
						"sound": "stone"
					},
					"mc:locked_door_1": {
						"textures": "mc_locked_door_1",
						"sound": "stone"
					},
					"mc:locked_door_2": {
						"textures": "mc_locked_door_2",
						"sound": "stone"
					},
					"mc:locked_door_3": {
						"textures": "mc_locked_door_3",
						"sound": "stone"
					},
					"mc:locked_door_4": {
						"textures": "mc_locked_door_4",
						"sound": "stone"
					},
					"mc:nightstand_0": {
						"textures": "mc_nightstand_0",
						"sound": "stone"
					},
					"mc:nightstand_1": {
						"textures": "mc_nightstand_1",
						"sound": "stone"
					},
					"mc:sink_0": {
						"textures": "mc_sink_0",
						"sound": "stone"
					},
					"mc:sink_1": {
						"textures": "mc_sink_1",
						"sound": "stone"
					},
					"mc:bathroom_cabinet_0": {
						"textures": "mc_bathroom_cabinet_0",
						"sound": "stone"
					},
					"mc:bathroom_cabinet_1": {
						"textures": "mc_bathroom_cabinet_1",
						"sound": "stone"
					},
					"mc:sprinkler": {
						"textures": "mc_sprinkler",
						"sound": "stone"
					},
					"mc:sprinkler_big": {
						"textures": "mc_sprinkler_big",
						"sound": "stone"
					},
					"mc:desk_lamp_0": {
						"textures": "mc_desk_lamp_0",
						"sound": "stone"
					},
					"mc:desk_lamp_1": {
						"textures": "mc_desk_lamp_1",
						"sound": "stone"
					},
					"mc:stool_0": {
						"textures": "mc_stool_0",
						"sound": "stone"
					},
					"mc:stool_1": {
						"textures": "mc_stool_1",
						"sound": "stone"
					},
					"mc:custom_door_0": {
						"textures": "mc_custom_door_0",
						"sound": "stone"
					},
					"mc:up_door_block": {
						"textures": "mc_up_door_block",
						"sound": "stone"
					},
					"mc:custom_door_1": {
						"textures": "mc_custom_door_1",
						"sound": "stone"
					},
					"mc:custom_door_2": {
						"textures": "mc_custom_door_2",
						"sound": "stone"
					},
					"mc:custom_door_3": {
						"textures": "mc_custom_door_3",
						"sound": "stone"
					},
					"mc:doorbell": {
						"textures": "mc_doorbell",
						"sound": "stone"
					},
					"mc:led_light_0": {
						"textures": "mc_led_light_0",
						"sound": "stone"
					},
					"mc:led_light_1": {
						"textures": "mc_led_light_1",
						"sound": "stone"
					},
					"mc:led_light_2": {
						"textures": "mc_led_light_2",
						"sound": "stone"
					},
					"mc:oak_roof": {
						"textures": "mc_oak_roof",
						"sound": "stone"
					},
					"mc:glass_roof": {
						"textures": "mc_glass_roof",
						"sound": "stone"
					},
					"mc:fridge_0": {
						"textures": "mc_fridge_0",
						"sound": "stone"
					},
					"mc:toaster": {
						"textures": "mc_toaster",
						"sound": "stone"
					},
					"mc:garden_chair_0": {
						"textures": "mc_garden_chair_0",
						"sound": "stone"
					},
					"mc:garden_table_0": {
						"textures": "mc_garden_table_0",
						"sound": "stone"
					},
					"mc:garden_wood_wall": {
						"textures": "mc_garden_wood_wall",
						"sound": "stone"
					},
					"mc:garden_wood_wall_1": {
						"textures": "mc_garden_wood_wall_1",
						"sound": "stone"
					},
					"mc:furniture_creator": {
						"textures": "mc_furniture_creator",
						"sound": "stone"
					},
					"mc:grill": {
						"textures": "mc_grill",
						"sound": "stone"
					},
					"mc:shower": {
						"textures": "mc_shower",
						"sound": "stone"
					},
					"mc:hanging_plant_0": {
						"textures": "mc_hanging_plant_0",
						"sound": "stone"
					},
					"mc:hanging_plant_1": {
						"textures": "mc_hanging_plant_1",
						"sound": "stone"
					},
					"mc:toilet": {
						"textures": "mc_toilet",
						"sound": "stone"
					},
					"mc:tv": {
						"textures": "mc_tv",
						"sound": "stone"
					},
					"mc:kitchen_cabinet_5": {
						"textures": "mc_kitchen_cabinet_5",
						"sound": "stone"
					},
					"mc:kitchen_cabinet_6": {
						"textures": "mc_kitchen_cabinet_6",
						"sound": "stone"
					},
					"mc:ceiling_lamp_0": {
						"textures": "mc_ceiling_lamp_0",
						"sound": "stone"
					},
					"mc:ceiling_lamp_1": {
						"textures": "mc_ceiling_lamp_1",
						"sound": "stone"
					},
					"mc:blinds_0": {
						"textures": "mc_blinds_0",
						"sound": "stone"
					},
					"mc:blinds_middle_open": {
						"textures": "mc_blinds_middle_open",
						"sound": "stone"
					},
					"mc:blinds_middle_closed": {
						"textures": "mc_blinds_middle_closed",
						"sound": "stone"
					},
					"mc:staircase_0": {
						"textures": "mc_staircase_0",
						"sound": "stone"
					},
					"mc:staircase_1": {
						"textures": "mc_staircase_1",
						"sound": "stone"
					},
					"mc:staircase_2": {
						"textures": "mc_staircase_2",
						"sound": "stone"
					},
					"mc:staircase_3": {
						"textures": "mc_staircase_3",
						"sound": "stone"
					},
					"mc:table_0": {
						"textures": "mc_table_0",
						"sound": "stone"
					},
					"mc:table_collision": {
						"textures": "mc_table_collision",
						"sound": "stone"
					},
					"mc:table_1": {
						"textures": "mc_table_1",
						"sound": "stone"
					},
					"mc:parquet_0": {
						"textures": "mc_parquet_0",
						"sound": "stone"
					},
					"mc:parquet_1": {
						"textures": "mc_parquet_1",
						"sound": "stone"
					},
					"mc:vase_0": {
						"textures": "mc_vase_0",
						"sound": "stone"
					},
					"mc:wall_lamp_0": {
						"textures": "mc_wall_lamp_0",
						"sound": "stone"
					},
					"mc:custom_door_4": {
						"textures": "mc_custom_door_4",
						"sound": "stone"
					},
					"mc:desk_0": {
						"textures": "mc_desk_0",
						"sound": "wood"
					},
					"mc:desk_1": {
						"textures": "mc_desk_1",
						"sound": "wood"
					},
					"mc:desk_3": {
						"textures": "mc_desk_3",
						"sound": "wood"
					},
					"mc:statue": {
						"textures": "mc_statue",
						"sound": "stone"
					},
					"mc:tv_table_3": {
						"textures": "mc_tv_table_3",
						"sound": "stone"
					},
					"mc:zombie_statue": {
						"textures": "mc_zombie_statue",
						"sound": "stone"
					},
					"mc:closet_0": {
						"textures": "mc_closet_0",
						"sound": "wood"
					},
					"mc:closet_collision": {
						"textures": "mc_closet_collision",
						"sound": "stone"
					},
					"mc:closet_1": {
						"textures": "mc_closet_1",
						"sound": "stone"
					},
					"mc:creeper_statue": {
						"textures": "mc_creeper_statue",
						"sound": "stone"
					},
					"mc:custom_door_5": {
						"textures": "mc_custom_door_5",
						"sound": "stone"
					},
					"mc:custom_door_6": {
						"textures": "mc_custom_door_6",
						"sound": "stone"
					},
					"mc:desk_lamp_3": {
						"textures": "mc_desk_lamp_3",
						"sound": "stone"
					},
					"mc:desk_lamp_2": {
						"textures": "mc_desk_lamp_2",
						"sound": "stone"
					},
					"mc:globe": {
						"textures": "mc_globe",
						"sound": "stone"
					},
					"mc:sign_0": {
						"textures": "mc_sign_0",
						"sound": "wood"
					},
					"mc:sign_1": {
						"textures": "mc_sign_1",
						"sound": "wood"
					},
					"mc:sign_2": {
						"textures": "mc_sign_2",
						"sound": "wood"
					},
					"mc:sign_3": {
						"textures": "mc_sign_3",
						"sound": "wood"
					},
					"mc:sign_4": {
						"textures": "mc_sign_4",
						"sound": "wood"
					},
					"mc:gray_bricks": {
						"textures": "mc_gray_bricks",
						"sound": "stone"
					},
					"mc:bedroom_chair_0": {
						"textures": "mc_bedroom_chair_0",
						"sound": "stone"
					},
					"mc:bedroom_chair_1": {
						"textures": "mc_bedroom_chair_1",
						"sound": "stone"
					},
					"mc:tv_table_4": {
						"textures": "mc_tv_table_4",
						"sound": "stone"
					},
					"mc:tv_table_5": {
						"textures": "mc_tv_table_5",
						"sound": "stone"
					},
					"mc:balloon_lamp_0": {
						"textures": "mc_balloon_lamp_0",
						"sound": "stone"
					},
					"mc:balloon_lamp_1": {
						"textures": "mc_balloon_lamp_1",
						"sound": "stone"
					},
					"mc:parasol_0": {
						"textures": "mc_parasol_0",
						"sound": "stone"
					},
					"mc:parasol_1": {
						"textures": "mc_parasol_1",
						"sound": "stone"
					},
					"mc:parasol_2": {
						"textures": "mc_parasol_2",
						"sound": "stone"
					},
					"mc:parasol_3": {
						"textures": "mc_parasol_3",
						"sound": "stone"
					},
					"mc:parasol_4": {
						"textures": "mc_parasol_4",
						"sound": "stone"
					},
					"mc:garden_torch": {
						"textures": "mc_garden_torch",
						"sound": "stone"
					},
					"mc:deck_chair_0": {
						"textures": "mc_deck_chair_0",
						"sound": "stone"
					},
					"mc:deck_chair_1": {
						"textures": "mc_deck_chair_1",
						"sound": "stone"
					},
					"mc:stone_road": {
						"textures": "mc_stone_road",
						"sound": "stone"
					},
					"mc:black_stone_road": {
						"textures": "mc_black_stone_road",
						"sound": "stone"
					},
					"mc:brazier": {
						"textures": "mc_brazier",
						"sound": "stone"
					},
					"mc:hanging_float_0": {
						"textures": "mc_hanging_float_0",
						"sound": "stone"
					},
					"mc:hanging_float_1": {
						"textures": "mc_hanging_float_1",
						"sound": "stone"
					},
					"mc:hanging_float_2": {
						"textures": "mc_hanging_float_2",
						"sound": "stone"
					},
					"mc:welcome_sign": {
						"textures": "mc_welcome_sign",
						"sound": "stone"
					},
					"mc:fish_bowl": {
						"textures": "mc_fish_bowl",
						"sound": "stone"
					},
					"mc:black_fish_bowl": {
						"textures": "mc_black_fish_bowl",
						"sound": "stone"
					},
					"mc:picnic_chair_oak": {
						"textures": "mc_picnic_chair_oak",
						"sound": "wood"
					},
					"mc:picnic_chair_spruce": {
						"textures": "mc_picnic_chair_spruce",
						"sound": "wood"
					},
					"mc:picnic_chair_birch": {
						"textures": "mc_picnic_chair_spruce",
						"sound": "wood"
					},
					"mc:picnic_chair_acacia": {
						"textures": "mc_picnic_chair_spruce",
						"sound": "wood"
					},
					"mc:picnic_chair_jungle": {
						"textures": "mc_picnic_chair_spruce",
						"sound": "wood"
					},
					"mc:picnic_chair_big_oak": {
						"textures": "mc_picnic_chair_spruce",
						"sound": "wood"
					},
					"mc:picnic_table_oak": {
						"textures": "mc_picnic_table_oak",
						"sound": "stone"
					},
					"mc:picnic_table_spruce": {
						"textures": "mc_picnic_table_oak",
						"sound": "stone"
					},
					"mc:picnic_table_big_oak": {
						"textures": "mc_picnic_table_oak",
						"sound": "stone"
					},
					"mc:picnic_table_birch": {
						"textures": "mc_picnic_table_oak",
						"sound": "stone"
					},
					"mc:picnic_table_jungle": {
						"textures": "mc_picnic_table_oak",
						"sound": "stone"
					},
					"mc:picnic_table_acacia": {
						"textures": "mc_picnic_table_oak",
						"sound": "stone"
					},
					"mc:sofa_collision": {
						"textures": "mc_table_collision",
						"sound": "stone"
					},
					"mc:sofa_3": {
						"textures": "mc_sofa_3",
						"sound": "stone"
					},
					"mc:sofa_4": {
						"textures": "mc_sofa_4",
						"sound": "stone"
					},
					"mc:sofa_5": {
						"textures": "mc_sofa_5",
						"sound": "stone"
					},
					"mc:sofa_6": {
						"textures": "mc_sofa_6",
						"sound": "stone"
					},
					"mc:sofa_7": {
						"textures": "mc_sofa_7",
						"sound": "stone"
					},
					"mc:sofa_8": {
						"textures": "mc_sofa_8",
						"sound": "stone"
					},
					"mc:sofa_9": {
						"textures": "mc_sofa_9",
						"sound": "stone"
					},
					"mc:custom_glass_0": {
						"textures": "mc_custom_glass_0",
						"sound": "stone"
					},
					"mc:potted_ivy": {
						"textures": "mc_potted_ivy",
						"sound": "stone"
					},
					"mc:potted_mini_tree": {
						"textures": "mc_potted_mini_tree",
						"sound": "stone"
					},
					"mc:fallen_log": {
						"textures": "mc_fallen_log",
						"sound": "stone"
					},
					"mc:hat_stand": {
						"textures": "mc_hat_stand",
						"sound": "stone"
					},
					"mc:test": {
						"textures": "mc_test",
						"sound": "stone"
					}
				},
				"key": "mc:test",
				"is_minified": true,
				"children": {
					"textures": "mc_test",
					"sound": "stone"
				}
			}
		]
	}
}