{
	"file_path": "C:\\Users\\chupi\\AppData\\Local\\Packages\\Microsoft.MinecraftUWP_8wekyb3d8bbwe\\LocalState\\games\\com.mojang\\development_behavior_packs\\ModernDecoration\\blocks\\bathroom\\shower.json",
	"file_type": "block",
	"format_version": 1,
	"file_uuid": "17facae7_02b2_40bd_b217_22cd2568a198",
	"file_version": 81,
	"cache_content": {
		"children": [
			{
				"data": "1.16.0",
				"key": "format_version"
			},
			{
				"open": {
					"format_version": "1.16.0",
					"minecraft:block": {
						"description": {
							"identifier": "mc:shower",
							"is_experimental": false,
							"properties": {
								"decor:face": [
									0,
									1,
									2,
									3
								],
								"shower:toggle": [
									false,
									true
								]
							}
						},
						"components": {
							"minecraft:geometry": "geometry.shower",
							"minecraft:material_instances": {
								"*": {
									"texture": "mc_shower",
									"ambient_occlusion": true
								}
							},
							"minecraft:destroy_time": 0.2,
							"minecraft:explosion_resistance": 1,
							"minecraft:block_light_emission": 0,
							"minecraft:block_light_absorption": 0,
							"minecraft:pick_collision": {
								"origin": [
									-4,
									6,
									-8
								],
								"size": [
									8,
									3,
									16
								]
							},
							"minecraft:on_player_placing": {
								"event": "decor:face"
							},
							"minecraft:on_interact": {
								"event": "shower:press"
							},
							"minecraft:entity_collision": {
								"origin": [
									-4,
									6,
									-8
								],
								"size": [
									8,
									3,
									16
								]
							},
							"minecraft:creative_category": {
								"category": "construction"
							}
						},
						"permutations": [
							{
								"condition": "query.block_property('decor:face') == 0",
								"components": {
									"minecraft:rotation": [
										0,
										180,
										0
									]
								}
							},
							{
								"condition": "query.block_property('decor:face') == 1",
								"components": {
									"minecraft:rotation": [
										0,
										0,
										0
									]
								}
							},
							{
								"condition": "query.block_property('decor:face') == 2",
								"components": {
									"minecraft:rotation": [
										0,
										270,
										0
									]
								}
							},
							{
								"condition": "query.block_property('decor:face') == 3",
								"components": {
									"minecraft:rotation": [
										0,
										90,
										0
									]
								}
							},
							{
								"condition": "query.block_property('shower:toggle')",
								"components": {
									"minecraft:ticking": {
										"range": [
											0,
											0
										],
										"looping": true,
										"on_tick": {
											"event": "water_particle"
										}
									}
								}
							}
						],
						"events": {
							"decor:face": {
								"set_block_property": {
									"decor:face": "query.cardinal_facing_2d-2"
								}
							},
							"water_particle": {
								"run_command": {
									"command": [
										"particle mc:water_drip_particle ~~-0.2~-0.025",
										"playsound ambient.weather.rain @p ~~~ 0.5 5",
										"particle mc:water_drip_particle ~~-0.2~0.025"
									]
								}
							},
							"shower:press": {
								"set_block_property": {
									"shower:toggle": "query.block_property('shower:toggle') ? false :  true"
								}
							}
						}
					}
				},
				"key": "minecraft:block",
				"children": [
					{
						"key": "description",
						"is_minified": true,
						"children": {
							"identifier": "mc:shower",
							"is_experimental": false,
							"properties": {
								"decor:face": [
									0,
									1,
									2,
									3
								],
								"shower:toggle": [
									false,
									true
								]
							}
						}
					},
					{
						"open": {
							"description": {
								"identifier": "mc:shower",
								"is_experimental": false,
								"properties": {
									"decor:face": [
										0,
										1,
										2,
										3
									],
									"shower:toggle": [
										false,
										true
									]
								}
							},
							"components": {
								"minecraft:geometry": "geometry.shower",
								"minecraft:material_instances": {
									"*": {
										"texture": "mc_shower",
										"ambient_occlusion": true
									}
								},
								"minecraft:destroy_time": 0.2,
								"minecraft:explosion_resistance": 1,
								"minecraft:block_light_emission": 0,
								"minecraft:block_light_absorption": 0,
								"minecraft:pick_collision": {
									"origin": [
										-4,
										6,
										-8
									],
									"size": [
										8,
										3,
										16
									]
								},
								"minecraft:on_player_placing": {
									"event": "decor:face"
								},
								"minecraft:on_interact": {
									"event": "shower:press"
								},
								"minecraft:entity_collision": {
									"origin": [
										-4,
										6,
										-8
									],
									"size": [
										8,
										3,
										16
									]
								},
								"minecraft:creative_category": {
									"category": "construction"
								}
							},
							"permutations": [
								{
									"condition": "query.block_property('decor:face') == 0",
									"components": {
										"minecraft:rotation": [
											0,
											180,
											0
										]
									}
								},
								{
									"condition": "query.block_property('decor:face') == 1",
									"components": {
										"minecraft:rotation": [
											0,
											0,
											0
										]
									}
								},
								{
									"condition": "query.block_property('decor:face') == 2",
									"components": {
										"minecraft:rotation": [
											0,
											270,
											0
										]
									}
								},
								{
									"condition": "query.block_property('decor:face') == 3",
									"components": {
										"minecraft:rotation": [
											0,
											90,
											0
										]
									}
								},
								{
									"condition": "query.block_property('shower:toggle')",
									"components": {
										"minecraft:ticking": {
											"range": [
												0,
												0
											],
											"looping": true,
											"on_tick": {
												"event": "water_particle"
											}
										}
									}
								}
							],
							"events": {
								"decor:face": {
									"set_block_property": {
										"decor:face": "query.cardinal_facing_2d-2"
									}
								},
								"water_particle": {
									"run_command": {
										"command": [
											"particle mc:water_drip_particle ~~-0.2~-0.025",
											"playsound ambient.weather.rain @p ~~~ 0.5 5",
											"particle mc:water_drip_particle ~~-0.2~0.025"
										]
									}
								},
								"shower:press": {
									"set_block_property": {
										"shower:toggle": "query.block_property('shower:toggle') ? false :  true"
									}
								}
							}
						},
						"key": "components",
						"is_minified": true,
						"children": {
							"minecraft:geometry": "geometry.shower",
							"minecraft:material_instances": {
								"*": {
									"texture": "mc_shower",
									"ambient_occlusion": true
								}
							},
							"minecraft:destroy_time": 0.2,
							"minecraft:explosion_resistance": 1,
							"minecraft:block_light_emission": 0,
							"minecraft:block_light_absorption": 0,
							"minecraft:pick_collision": {
								"origin": [
									-4,
									6,
									-8
								],
								"size": [
									8,
									3,
									16
								]
							},
							"minecraft:on_player_placing": {
								"event": "decor:face"
							},
							"minecraft:on_interact": {
								"event": "shower:press"
							},
							"minecraft:entity_collision": {
								"origin": [
									-4,
									6,
									-8
								],
								"size": [
									8,
									3,
									16
								]
							},
							"minecraft:creative_category": {
								"category": "construction"
							}
						}
					},
					{
						"key": "permutations",
						"is_minified": true,
						"children": [
							{
								"condition": "query.block_property('decor:face') == 0",
								"components": {
									"minecraft:rotation": [
										0,
										180,
										0
									]
								}
							},
							{
								"condition": "query.block_property('decor:face') == 1",
								"components": {
									"minecraft:rotation": [
										0,
										0,
										0
									]
								}
							},
							{
								"condition": "query.block_property('decor:face') == 2",
								"components": {
									"minecraft:rotation": [
										0,
										270,
										0
									]
								}
							},
							{
								"condition": "query.block_property('decor:face') == 3",
								"components": {
									"minecraft:rotation": [
										0,
										90,
										0
									]
								}
							},
							{
								"condition": "query.block_property('shower:toggle')",
								"components": {
									"minecraft:ticking": {
										"range": [
											0,
											0
										],
										"looping": true,
										"on_tick": {
											"event": "water_particle"
										}
									}
								}
							}
						]
					},
					{
						"key": "events",
						"is_minified": true,
						"children": {
							"decor:face": {
								"set_block_property": {
									"decor:face": "query.cardinal_facing_2d-2"
								}
							},
							"water_particle": {
								"run_command": {
									"command": [
										"particle mc:water_drip_particle ~~-0.2~-0.025",
										"playsound ambient.weather.rain @p ~~~ 0.5 5",
										"particle mc:water_drip_particle ~~-0.2~0.025"
									]
								}
							},
							"shower:press": {
								"set_block_property": {
									"shower:toggle": "query.block_property('shower:toggle') ? false :  true"
								}
							}
						}
					}
				]
			}
		]
	}
}