{
	"file_path": "C:\\Users\\chupi\\AppData\\Local\\Packages\\Microsoft.MinecraftUWP_8wekyb3d8bbwe\\LocalState\\games\\com.mojang\\development_behavior_packs\\ModernDecoration\\items\\brim_straw_helmet.json",
	"file_type": "item",
	"format_version": 0,
	"cache_content": {
		"format_version": "1.16.100",
		"minecraft:item": {
			"description": {
				"identifier": "mc:brim_straw_helmet",
				"category": "equipment"
			},
			"components": {
				"minecraft:max_stack_size": 1,
				"minecraft:enchantable": {
					"value": 9,
					"slot": "armor_head"
				},
				"minecraft:durability": {
					"max_durability": 170,
					"damage_chance": {
						"min": 60,
						"max": 100
					}
				},
				"minecraft:icon": {
					"texture": "mc_brim_straw_helmet"
				},
				"minecraft:render_offsets": "helmets",
				"minecraft:armor": {
					"protection": 2
				},
				"minecraft:wearable": {
					"slot": "slot.armor.head"
				}
			}
		}
	},
	"file_uuid": "e5845045_084f_4879_bf94_db9d3b62df14"
}