{
	"file_path": "C:\\Users\\chupi\\AppData\\Local\\Packages\\Microsoft.MinecraftUWP_8wekyb3d8bbwe\\LocalState\\games\\com.mojang\\development_behavior_packs\\ModernDecoration\\blocks\\kitchen\\style_2\\kitchen_cabinet_4_style_2.json",
	"file_type": "block",
	"format_version": 1,
	"file_uuid": "7944bdd0_afc0_4d02_b108_12daab5a8043",
	"file_version": 95,
	"cache_content": {
		"children": [
			{
				"open": {
					"minecraft:block": {
						"components": {
							"minecraft:geometry": "geometry.kitchen_cabinet_4",
							"minecraft:material_instances": {
								"*": {
									"texture": "mc_kitchen_cabinet_0_style_2",
									"ambient_occlusion": true
								}
							},
							"minecraft:destroy_time": 0.2,
							"minecraft:explosion_resistance": 1,
							"minecraft:block_light_emission": 0,
							"minecraft:block_light_absorption": 0,
							"minecraft:pick_collision": {
								"origin": [
									-8,
									0,
									-8
								],
								"size": [
									16,
									16,
									16
								]
							},
							"minecraft:on_player_placing": {
								"event": "decor:face"
							},
							"minecraft:entity_collision": {
								"origin": [
									-8,
									0,
									-8
								],
								"size": [
									16,
									16,
									16
								]
							},
							"minecraft:on_interact": {
								"event": "furniture:toggle"
							},
							"minecraft:on_placed": {
								"event": "set:container"
							},
							"minecraft:creative_category": {
								"category": "construction"
							}
						},
						"description": {
							"identifier": "mc:kitchen_cabinet_4_style_2",
							"is_experimental": true,
							"properties": {
								"decor:face": [
									0,
									1,
									2,
									3
								],
								"furniture:active": [
									false,
									true
								]
							}
						},
						"permutations": [
							{
								"condition": "query.block_property('decor:face') == 0",
								"components": {
									"minecraft:rotation": [
										0,
										180,
										0
									]
								}
							},
							{
								"condition": "query.block_property('decor:face') == 1",
								"components": {
									"minecraft:rotation": [
										0,
										0,
										0
									]
								}
							},
							{
								"condition": "query.block_property('decor:face') == 2",
								"components": {
									"minecraft:rotation": [
										0,
										270,
										0
									]
								}
							},
							{
								"condition": "query.block_property('decor:face') == 3",
								"components": {
									"minecraft:rotation": [
										0,
										90,
										0
									]
								}
							},
							{
								"condition": "query.block_property('furniture:active')",
								"components": {
									"minecraft:geometry": "geometry.kitchen_cabinet_4_open",
									"minecraft:ticking": {
										"looping": true,
										"range": [
											5,
											5
										],
										"on_tick": {
											"event": "furniture:normal"
										}
									},
									"minecraft:on_interact": {
										"event": "nothing"
									},
									"minecraft:entity_collision": {
										"origin": [
											-6,
											0,
											-6
										],
										"size": [
											14,
											16,
											14
										]
									},
									"minecraft:pick_collision": {
										"origin": [
											-6,
											0,
											-6
										],
										"size": [
											14,
											16,
											14
										]
									}
								}
							}
						],
						"events": {
							"decor:face": {
								"set_block_property": {
									"decor:face": "query.cardinal_facing_2d-2"
								}
							},
							"furniture:toggle": {
								"set_block_property": {
									"furniture:active": true
								},
								"run_command": {
									"command": [
										"playsound block.barrel.open @p ~~~ 1 1"
									]
								}
							},
							"furniture:normal": {
								"set_block_property": {
									"furniture:active": false
								},
								"run_command": {
									"command": [
										"playsound block.barrel.close @p ~~~ 1 1"
									]
								}
							},
							"set:container": {
								"run_command": {
									"command": [
										"summon mc:container_entity ~~-0.25~"
									]
								}
							}
						}
					},
					"format_version": "1.16.0"
				},
				"key": "minecraft:block",
				"children": [
					{
						"open": {
							"components": {
								"minecraft:geometry": "geometry.kitchen_cabinet_4",
								"minecraft:material_instances": {
									"*": {
										"texture": "mc_kitchen_cabinet_0_style_2",
										"ambient_occlusion": true
									}
								},
								"minecraft:destroy_time": 0.2,
								"minecraft:explosion_resistance": 1,
								"minecraft:block_light_emission": 0,
								"minecraft:block_light_absorption": 0,
								"minecraft:pick_collision": {
									"origin": [
										-8,
										0,
										-8
									],
									"size": [
										16,
										16,
										16
									]
								},
								"minecraft:on_player_placing": {
									"event": "decor:face"
								},
								"minecraft:entity_collision": {
									"origin": [
										-8,
										0,
										-8
									],
									"size": [
										16,
										16,
										16
									]
								},
								"minecraft:on_interact": {
									"event": "furniture:toggle"
								},
								"minecraft:on_placed": {
									"event": "set:container"
								},
								"minecraft:creative_category": {
									"category": "construction"
								}
							},
							"description": {
								"identifier": "mc:kitchen_cabinet_4_style_2",
								"is_experimental": true,
								"properties": {
									"decor:face": [
										0,
										1,
										2,
										3
									],
									"furniture:active": [
										false,
										true
									]
								}
							},
							"permutations": [
								{
									"condition": "query.block_property('decor:face') == 0",
									"components": {
										"minecraft:rotation": [
											0,
											180,
											0
										]
									}
								},
								{
									"condition": "query.block_property('decor:face') == 1",
									"components": {
										"minecraft:rotation": [
											0,
											0,
											0
										]
									}
								},
								{
									"condition": "query.block_property('decor:face') == 2",
									"components": {
										"minecraft:rotation": [
											0,
											270,
											0
										]
									}
								},
								{
									"condition": "query.block_property('decor:face') == 3",
									"components": {
										"minecraft:rotation": [
											0,
											90,
											0
										]
									}
								},
								{
									"condition": "query.block_property('furniture:active')",
									"components": {
										"minecraft:geometry": "geometry.kitchen_cabinet_4_open",
										"minecraft:ticking": {
											"looping": true,
											"range": [
												5,
												5
											],
											"on_tick": {
												"event": "furniture:normal"
											}
										},
										"minecraft:on_interact": {
											"event": "nothing"
										},
										"minecraft:entity_collision": {
											"origin": [
												-6,
												0,
												-6
											],
											"size": [
												14,
												16,
												14
											]
										},
										"minecraft:pick_collision": {
											"origin": [
												-6,
												0,
												-6
											],
											"size": [
												14,
												16,
												14
											]
										}
									}
								}
							],
							"events": {
								"decor:face": {
									"set_block_property": {
										"decor:face": "query.cardinal_facing_2d-2"
									}
								},
								"furniture:toggle": {
									"set_block_property": {
										"furniture:active": true
									},
									"run_command": {
										"command": [
											"playsound block.barrel.open @p ~~~ 1 1"
										]
									}
								},
								"furniture:normal": {
									"set_block_property": {
										"furniture:active": false
									},
									"run_command": {
										"command": [
											"playsound block.barrel.close @p ~~~ 1 1"
										]
									}
								},
								"set:container": {
									"run_command": {
										"command": [
											"summon mc:container_entity ~~-0.25~"
										]
									}
								}
							}
						},
						"key": "components",
						"is_minified": true,
						"children": {
							"minecraft:geometry": "geometry.kitchen_cabinet_4",
							"minecraft:material_instances": {
								"*": {
									"texture": "mc_kitchen_cabinet_0_style_2",
									"ambient_occlusion": true
								}
							},
							"minecraft:destroy_time": 0.2,
							"minecraft:explosion_resistance": 1,
							"minecraft:block_light_emission": 0,
							"minecraft:block_light_absorption": 0,
							"minecraft:pick_collision": {
								"origin": [
									-8,
									0,
									-8
								],
								"size": [
									16,
									16,
									16
								]
							},
							"minecraft:on_player_placing": {
								"event": "decor:face"
							},
							"minecraft:entity_collision": {
								"origin": [
									-8,
									0,
									-8
								],
								"size": [
									16,
									16,
									16
								]
							},
							"minecraft:on_interact": {
								"event": "furniture:toggle"
							},
							"minecraft:on_placed": {
								"event": "set:container"
							},
							"minecraft:creative_category": {
								"category": "construction"
							}
						}
					},
					{
						"key": "description",
						"is_minified": true,
						"children": {
							"identifier": "mc:kitchen_cabinet_4_style_2",
							"is_experimental": true,
							"properties": {
								"decor:face": [
									0,
									1,
									2,
									3
								],
								"furniture:active": [
									false,
									true
								]
							}
						}
					},
					{
						"key": "permutations",
						"is_minified": true,
						"children": [
							{
								"condition": "query.block_property('decor:face') == 0",
								"components": {
									"minecraft:rotation": [
										0,
										180,
										0
									]
								}
							},
							{
								"condition": "query.block_property('decor:face') == 1",
								"components": {
									"minecraft:rotation": [
										0,
										0,
										0
									]
								}
							},
							{
								"condition": "query.block_property('decor:face') == 2",
								"components": {
									"minecraft:rotation": [
										0,
										270,
										0
									]
								}
							},
							{
								"condition": "query.block_property('decor:face') == 3",
								"components": {
									"minecraft:rotation": [
										0,
										90,
										0
									]
								}
							},
							{
								"condition": "query.block_property('furniture:active')",
								"components": {
									"minecraft:geometry": "geometry.kitchen_cabinet_4_open",
									"minecraft:ticking": {
										"looping": true,
										"range": [
											5,
											5
										],
										"on_tick": {
											"event": "furniture:normal"
										}
									},
									"minecraft:on_interact": {
										"event": "nothing"
									},
									"minecraft:entity_collision": {
										"origin": [
											-6,
											0,
											-6
										],
										"size": [
											14,
											16,
											14
										]
									},
									"minecraft:pick_collision": {
										"origin": [
											-6,
											0,
											-6
										],
										"size": [
											14,
											16,
											14
										]
									}
								}
							}
						]
					},
					{
						"key": "events",
						"is_minified": true,
						"children": {
							"decor:face": {
								"set_block_property": {
									"decor:face": "query.cardinal_facing_2d-2"
								}
							},
							"furniture:toggle": {
								"set_block_property": {
									"furniture:active": true
								},
								"run_command": {
									"command": [
										"playsound block.barrel.open @p ~~~ 1 1"
									]
								}
							},
							"furniture:normal": {
								"set_block_property": {
									"furniture:active": false
								},
								"run_command": {
									"command": [
										"playsound block.barrel.close @p ~~~ 1 1"
									]
								}
							},
							"set:container": {
								"run_command": {
									"command": [
										"summon mc:container_entity ~~-0.25~"
									]
								}
							}
						}
					}
				]
			},
			{
				"data": "1.16.0",
				"key": "format_version"
			}
		]
	}
}