{
	"file_path": "C:\\Users\\chupi\\AppData\\Local\\Packages\\Microsoft.MinecraftUWP_8wekyb3d8bbwe\\LocalState\\games\\com.mojang\\development_behavior_packs\\ModernDecoration\\entities\\chair_entity.json",
	"file_type": "entity",
	"format_version": 1,
	"file_uuid": "934db2c6_2f89_4628_8f12_6a50fc4d2de9",
	"file_version": 13,
	"cache_content": {
		"children": [
			{
				"data": "1.16.100",
				"key": "format_version"
			},
			{
				"open": {
					"format_version": "1.16.100",
					"minecraft:entity": {
						"description": {
							"identifier": "mc:chair_entity",
							"is_spawnable": false,
							"is_summonable": true,
							"is_experimental": false,
							"runtime_identifier": "minecraft:armor_stand"
						},
						"component_groups": {
							"instant_despawn": {
								"minecraft:instant_despawn": {}
							}
						},
						"components": {
							"minecraft:type_family": {
								"family": [
									"sentar",
									"inanimate"
								]
							},
							"minecraft:collision_box": {
								"width": 0,
								"height": 0
							},
							"minecraft:health": {
								"value": 1,
								"max": 1
							},
							"minecraft:custom_hit_test": {
								"hitboxes": [
									{
										"width": -1,
										"height": -1,
										"pivot": [
											0,
											0,
											0
										]
									}
								]
							},
							"minecraft:fire_immune": {},
							"minecraft:damage_sensor": {
								"triggers": {
									"cause": "all",
									"deals_damage": false
								}
							},
							"minecraft:rideable": {
								"seat_count": 1,
								"family_types": [
									"player"
								],
								"seats": {
									"position": [
										0,
										0.03,
										-0.05
									]
								}
							},
							"minecraft:inside_block_notifier": {
								"block_list": [
									{
										"block": "mc:chair_0",
										"exited_block_event": {
											"event": "block_on_break",
											"target": "self"
										}
									},
									{
										"block": "mc:chair_1",
										"exited_block_event": {
											"event": "block_on_break",
											"target": "self"
										}
									},
									{
										"block": "mc:chair_2",
										"exited_block_event": {
											"event": "block_on_break",
											"target": "self"
										}
									},
									{
										"block": "mc:stool_0",
										"exited_block_event": {
											"event": "block_on_break",
											"target": "self"
										}
									},
									{
										"block": "mc:stool_1",
										"exited_block_event": {
											"event": "block_on_break",
											"target": "self"
										}
									},
									{
										"block": "mc:garden_chair_0",
										"exited_block_event": {
											"event": "block_on_break",
											"target": "self"
										}
									},
									{
										"block": "mc:toilet",
										"exited_block_event": {
											"event": "block_on_break",
											"target": "self"
										}
									},
									{
										"block": "mc:bedroom_chair_0",
										"exited_block_event": {
											"event": "block_on_break",
											"target": "self"
										}
									},
									{
										"block": "mc:bedroom_chair_1",
										"exited_block_event": {
											"event": "block_on_break",
											"target": "self"
										}
									},
									{
										"block": "mc:deck_chair_0",
										"exited_block_event": {
											"event": "block_on_break",
											"target": "self"
										}
									},
									{
										"block": "mc:deck_chair_1",
										"exited_block_event": {
											"event": "block_on_break",
											"target": "self"
										}
									},
									{
										"block": "mc:fallen_log",
										"exited_block_event": {
											"event": "block_on_break",
											"target": "self"
										}
									}
								]
							},
							"minecraft:environment_sensor": {
								"triggers": {
									"filters": {
										"all_of": {
											"test": "rider_count",
											"value": 0
										},
										"with_components": "minecraft:is_charged"
									},
									"event": "player_exit"
								}
							}
						},
						"events": {
							"facing_south": {
								"run_command": {
									"command": [
										"tp @s ~ ~ ~ facing ~ ~ ~-1"
									]
								}
							},
							"facing_west": {
								"run_command": {
									"command": [
										"tp @s ~ ~ ~ facing ~1 ~ ~"
									]
								}
							},
							"facing_east": {
								"run_command": {
									"command": [
										"tp @s ~ ~ ~ facing ~-1 ~ ~"
									]
								}
							},
							"player_interact": {
								"sequence": [
									{
										"filters": {
											"test": "rider_count",
											"value": 0
										},
										"run_command": {
											"command": [
												"ride @p[tag=player_chair_interact,r=3.5] start_riding @s teleport_rider",
												"tag @p[tag=player_chair_interact,r=3.5] remove player_chair_interact"
											]
										}
									},
									{
										"filters": {
											"test": "rider_count",
											"operator": ">",
											"value": 0
										},
										"run_command": {
											"command": [
												"tellraw @p[tag=player_chair_interact,r=3.55] {\"rawtext\":[{\"translate\":\"tile.furniture:chair.occupied\"}]}",
												"tag @p[tag=player_chair_interact,r=3.5] remove player_chair_interact"
											]
										}
									},
									{
										"run_command": {
											"command": [
												"tellraw @p[tag=player_chair_interact,rm=3.5] {\"rawtext\":[{\"translate\":\"tile.furniture:chair.tooFar\"}]}",
												"tag @p[tag=player_chair_interact,rm=3.5] remove player_chair_interact"
											]
										}
									}
								]
							},
							"block_on_break": {
								"add": {
									"component_groups": [
										"instant_despawn"
									]
								}
							}
						}
					}
				},
				"key": "minecraft:entity",
				"children": [
					{
						"key": "description",
						"is_minified": true,
						"children": {
							"identifier": "mc:chair_entity",
							"is_spawnable": false,
							"is_summonable": true,
							"is_experimental": false,
							"runtime_identifier": "minecraft:armor_stand"
						}
					},
					{
						"key": "component_groups",
						"is_minified": true,
						"children": {
							"instant_despawn": {
								"minecraft:instant_despawn": {}
							}
						}
					},
					{
						"open": {
							"description": {
								"identifier": "mc:chair_entity",
								"is_spawnable": false,
								"is_summonable": true,
								"is_experimental": false,
								"runtime_identifier": "minecraft:armor_stand"
							},
							"component_groups": {
								"instant_despawn": {
									"minecraft:instant_despawn": {}
								}
							},
							"components": {
								"minecraft:type_family": {
									"family": [
										"sentar",
										"inanimate"
									]
								},
								"minecraft:collision_box": {
									"width": 0,
									"height": 0
								},
								"minecraft:health": {
									"value": 1,
									"max": 1
								},
								"minecraft:custom_hit_test": {
									"hitboxes": [
										{
											"width": -1,
											"height": -1,
											"pivot": [
												0,
												0,
												0
											]
										}
									]
								},
								"minecraft:fire_immune": {},
								"minecraft:damage_sensor": {
									"triggers": {
										"cause": "all",
										"deals_damage": false
									}
								},
								"minecraft:rideable": {
									"seat_count": 1,
									"family_types": [
										"player"
									],
									"seats": {
										"position": [
											0,
											0.03,
											-0.05
										]
									}
								},
								"minecraft:inside_block_notifier": {
									"block_list": [
										{
											"block": "mc:chair_0",
											"exited_block_event": {
												"event": "block_on_break",
												"target": "self"
											}
										},
										{
											"block": "mc:chair_1",
											"exited_block_event": {
												"event": "block_on_break",
												"target": "self"
											}
										},
										{
											"block": "mc:chair_2",
											"exited_block_event": {
												"event": "block_on_break",
												"target": "self"
											}
										},
										{
											"block": "mc:stool_0",
											"exited_block_event": {
												"event": "block_on_break",
												"target": "self"
											}
										},
										{
											"block": "mc:stool_1",
											"exited_block_event": {
												"event": "block_on_break",
												"target": "self"
											}
										},
										{
											"block": "mc:garden_chair_0",
											"exited_block_event": {
												"event": "block_on_break",
												"target": "self"
											}
										},
										{
											"block": "mc:toilet",
											"exited_block_event": {
												"event": "block_on_break",
												"target": "self"
											}
										},
										{
											"block": "mc:bedroom_chair_0",
											"exited_block_event": {
												"event": "block_on_break",
												"target": "self"
											}
										},
										{
											"block": "mc:bedroom_chair_1",
											"exited_block_event": {
												"event": "block_on_break",
												"target": "self"
											}
										},
										{
											"block": "mc:deck_chair_0",
											"exited_block_event": {
												"event": "block_on_break",
												"target": "self"
											}
										},
										{
											"block": "mc:deck_chair_1",
											"exited_block_event": {
												"event": "block_on_break",
												"target": "self"
											}
										},
										{
											"block": "mc:fallen_log",
											"exited_block_event": {
												"event": "block_on_break",
												"target": "self"
											}
										}
									]
								},
								"minecraft:environment_sensor": {
									"triggers": {
										"filters": {
											"all_of": {
												"test": "rider_count",
												"value": 0
											},
											"with_components": "minecraft:is_charged"
										},
										"event": "player_exit"
									}
								}
							},
							"events": {
								"facing_south": {
									"run_command": {
										"command": [
											"tp @s ~ ~ ~ facing ~ ~ ~-1"
										]
									}
								},
								"facing_west": {
									"run_command": {
										"command": [
											"tp @s ~ ~ ~ facing ~1 ~ ~"
										]
									}
								},
								"facing_east": {
									"run_command": {
										"command": [
											"tp @s ~ ~ ~ facing ~-1 ~ ~"
										]
									}
								},
								"player_interact": {
									"sequence": [
										{
											"filters": {
												"test": "rider_count",
												"value": 0
											},
											"run_command": {
												"command": [
													"ride @p[tag=player_chair_interact,r=3.5] start_riding @s teleport_rider",
													"tag @p[tag=player_chair_interact,r=3.5] remove player_chair_interact"
												]
											}
										},
										{
											"filters": {
												"test": "rider_count",
												"operator": ">",
												"value": 0
											},
											"run_command": {
												"command": [
													"tellraw @p[tag=player_chair_interact,r=3.55] {\"rawtext\":[{\"translate\":\"tile.furniture:chair.occupied\"}]}",
													"tag @p[tag=player_chair_interact,r=3.5] remove player_chair_interact"
												]
											}
										},
										{
											"run_command": {
												"command": [
													"tellraw @p[tag=player_chair_interact,rm=3.5] {\"rawtext\":[{\"translate\":\"tile.furniture:chair.tooFar\"}]}",
													"tag @p[tag=player_chair_interact,rm=3.5] remove player_chair_interact"
												]
											}
										}
									]
								},
								"block_on_break": {
									"add": {
										"component_groups": [
											"instant_despawn"
										]
									}
								}
							}
						},
						"key": "components",
						"children": [
							{
								"key": "minecraft:type_family",
								"is_minified": true,
								"children": {
									"family": [
										"sentar",
										"inanimate"
									]
								}
							},
							{
								"key": "minecraft:collision_box",
								"is_minified": true,
								"children": {
									"width": 0,
									"height": 0
								}
							},
							{
								"key": "minecraft:health",
								"is_minified": true,
								"children": {
									"value": 1,
									"max": 1
								}
							},
							{
								"key": "minecraft:custom_hit_test",
								"is_minified": true,
								"children": {
									"hitboxes": [
										{
											"width": -1,
											"height": -1,
											"pivot": [
												0,
												0,
												0
											]
										}
									]
								}
							},
							{
								"key": "minecraft:fire_immune",
								"is_minified": true,
								"children": {}
							},
							{
								"key": "minecraft:damage_sensor",
								"is_minified": true,
								"children": {
									"triggers": {
										"cause": "all",
										"deals_damage": false
									}
								}
							},
							{
								"key": "minecraft:rideable",
								"is_minified": true,
								"children": {
									"seat_count": 1,
									"family_types": [
										"player"
									],
									"seats": {
										"position": [
											0,
											0.03,
											-0.05
										]
									}
								}
							},
							{
								"open": {
									"minecraft:type_family": {
										"family": [
											"sentar",
											"inanimate"
										]
									},
									"minecraft:collision_box": {
										"width": 0,
										"height": 0
									},
									"minecraft:health": {
										"value": 1,
										"max": 1
									},
									"minecraft:custom_hit_test": {
										"hitboxes": [
											{
												"width": -1,
												"height": -1,
												"pivot": [
													0,
													0,
													0
												]
											}
										]
									},
									"minecraft:fire_immune": {},
									"minecraft:damage_sensor": {
										"triggers": {
											"cause": "all",
											"deals_damage": false
										}
									},
									"minecraft:rideable": {
										"seat_count": 1,
										"family_types": [
											"player"
										],
										"seats": {
											"position": [
												0,
												0.03,
												-0.05
											]
										}
									},
									"minecraft:inside_block_notifier": {
										"block_list": [
											{
												"block": "mc:chair_0",
												"exited_block_event": {
													"event": "block_on_break",
													"target": "self"
												}
											},
											{
												"block": "mc:chair_1",
												"exited_block_event": {
													"event": "block_on_break",
													"target": "self"
												}
											},
											{
												"block": "mc:chair_2",
												"exited_block_event": {
													"event": "block_on_break",
													"target": "self"
												}
											},
											{
												"block": "mc:stool_0",
												"exited_block_event": {
													"event": "block_on_break",
													"target": "self"
												}
											},
											{
												"block": "mc:stool_1",
												"exited_block_event": {
													"event": "block_on_break",
													"target": "self"
												}
											},
											{
												"block": "mc:garden_chair_0",
												"exited_block_event": {
													"event": "block_on_break",
													"target": "self"
												}
											},
											{
												"block": "mc:toilet",
												"exited_block_event": {
													"event": "block_on_break",
													"target": "self"
												}
											},
											{
												"block": "mc:bedroom_chair_0",
												"exited_block_event": {
													"event": "block_on_break",
													"target": "self"
												}
											},
											{
												"block": "mc:bedroom_chair_1",
												"exited_block_event": {
													"event": "block_on_break",
													"target": "self"
												}
											},
											{
												"block": "mc:deck_chair_0",
												"exited_block_event": {
													"event": "block_on_break",
													"target": "self"
												}
											},
											{
												"block": "mc:deck_chair_1",
												"exited_block_event": {
													"event": "block_on_break",
													"target": "self"
												}
											},
											{
												"block": "mc:fallen_log",
												"exited_block_event": {
													"event": "block_on_break",
													"target": "self"
												}
											}
										]
									},
									"minecraft:environment_sensor": {
										"triggers": {
											"filters": {
												"all_of": {
													"test": "rider_count",
													"value": 0
												},
												"with_components": "minecraft:is_charged"
											},
											"event": "player_exit"
										}
									}
								},
								"key": "minecraft:inside_block_notifier",
								"children": [
									{
										"open": {
											"block_list": [
												{
													"block": "mc:chair_0",
													"exited_block_event": {
														"event": "block_on_break",
														"target": "self"
													}
												},
												{
													"block": "mc:chair_1",
													"exited_block_event": {
														"event": "block_on_break",
														"target": "self"
													}
												},
												{
													"block": "mc:chair_2",
													"exited_block_event": {
														"event": "block_on_break",
														"target": "self"
													}
												},
												{
													"block": "mc:stool_0",
													"exited_block_event": {
														"event": "block_on_break",
														"target": "self"
													}
												},
												{
													"block": "mc:stool_1",
													"exited_block_event": {
														"event": "block_on_break",
														"target": "self"
													}
												},
												{
													"block": "mc:garden_chair_0",
													"exited_block_event": {
														"event": "block_on_break",
														"target": "self"
													}
												},
												{
													"block": "mc:toilet",
													"exited_block_event": {
														"event": "block_on_break",
														"target": "self"
													}
												},
												{
													"block": "mc:bedroom_chair_0",
													"exited_block_event": {
														"event": "block_on_break",
														"target": "self"
													}
												},
												{
													"block": "mc:bedroom_chair_1",
													"exited_block_event": {
														"event": "block_on_break",
														"target": "self"
													}
												},
												{
													"block": "mc:deck_chair_0",
													"exited_block_event": {
														"event": "block_on_break",
														"target": "self"
													}
												},
												{
													"block": "mc:deck_chair_1",
													"exited_block_event": {
														"event": "block_on_break",
														"target": "self"
													}
												},
												{
													"block": "mc:fallen_log",
													"exited_block_event": {
														"event": "block_on_break",
														"target": "self"
													}
												}
											]
										},
										"key": "block_list",
										"children": [
											{
												"is_minified": true,
												"children": {
													"block": "mc:chair_0",
													"exited_block_event": {
														"event": "block_on_break",
														"target": "self"
													}
												}
											},
											{
												"is_minified": true,
												"children": {
													"block": "mc:chair_1",
													"exited_block_event": {
														"event": "block_on_break",
														"target": "self"
													}
												}
											},
											{
												"is_minified": true,
												"children": {
													"block": "mc:chair_2",
													"exited_block_event": {
														"event": "block_on_break",
														"target": "self"
													}
												}
											},
											{
												"is_minified": true,
												"children": {
													"block": "mc:stool_0",
													"exited_block_event": {
														"event": "block_on_break",
														"target": "self"
													}
												}
											},
											{
												"is_minified": true,
												"children": {
													"block": "mc:stool_1",
													"exited_block_event": {
														"event": "block_on_break",
														"target": "self"
													}
												}
											},
											{
												"is_minified": true,
												"children": {
													"block": "mc:garden_chair_0",
													"exited_block_event": {
														"event": "block_on_break",
														"target": "self"
													}
												}
											},
											{
												"is_minified": true,
												"children": {
													"block": "mc:toilet",
													"exited_block_event": {
														"event": "block_on_break",
														"target": "self"
													}
												}
											},
											{
												"is_minified": true,
												"children": {
													"block": "mc:bedroom_chair_0",
													"exited_block_event": {
														"event": "block_on_break",
														"target": "self"
													}
												}
											},
											{
												"is_minified": true,
												"children": {
													"block": "mc:bedroom_chair_1",
													"exited_block_event": {
														"event": "block_on_break",
														"target": "self"
													}
												}
											},
											{
												"is_minified": true,
												"children": {
													"block": "mc:deck_chair_0",
													"exited_block_event": {
														"event": "block_on_break",
														"target": "self"
													}
												}
											},
											{
												"is_minified": true,
												"children": {
													"block": "mc:deck_chair_1",
													"exited_block_event": {
														"event": "block_on_break",
														"target": "self"
													}
												}
											},
											{
												"open": [
													{
														"block": "mc:chair_0",
														"exited_block_event": {
															"event": "block_on_break",
															"target": "self"
														}
													},
													{
														"block": "mc:chair_1",
														"exited_block_event": {
															"event": "block_on_break",
															"target": "self"
														}
													},
													{
														"block": "mc:chair_2",
														"exited_block_event": {
															"event": "block_on_break",
															"target": "self"
														}
													},
													{
														"block": "mc:stool_0",
														"exited_block_event": {
															"event": "block_on_break",
															"target": "self"
														}
													},
													{
														"block": "mc:stool_1",
														"exited_block_event": {
															"event": "block_on_break",
															"target": "self"
														}
													},
													{
														"block": "mc:garden_chair_0",
														"exited_block_event": {
															"event": "block_on_break",
															"target": "self"
														}
													},
													{
														"block": "mc:toilet",
														"exited_block_event": {
															"event": "block_on_break",
															"target": "self"
														}
													},
													{
														"block": "mc:bedroom_chair_0",
														"exited_block_event": {
															"event": "block_on_break",
															"target": "self"
														}
													},
													{
														"block": "mc:bedroom_chair_1",
														"exited_block_event": {
															"event": "block_on_break",
															"target": "self"
														}
													},
													{
														"block": "mc:deck_chair_0",
														"exited_block_event": {
															"event": "block_on_break",
															"target": "self"
														}
													},
													{
														"block": "mc:deck_chair_1",
														"exited_block_event": {
															"event": "block_on_break",
															"target": "self"
														}
													},
													{
														"block": "mc:fallen_log",
														"exited_block_event": {
															"event": "block_on_break",
															"target": "self"
														}
													}
												],
												"is_minified": true,
												"children": {
													"block": "mc:fallen_log",
													"exited_block_event": {
														"event": "block_on_break",
														"target": "self"
													}
												}
											}
										]
									}
								]
							},
							{
								"key": "minecraft:environment_sensor",
								"is_minified": true,
								"children": {
									"triggers": {
										"filters": {
											"all_of": {
												"test": "rider_count",
												"value": 0
											},
											"with_components": "minecraft:is_charged"
										},
										"event": "player_exit"
									}
								}
							}
						]
					},
					{
						"key": "events",
						"is_minified": true,
						"children": {
							"facing_south": {
								"run_command": {
									"command": [
										"tp @s ~ ~ ~ facing ~ ~ ~-1"
									]
								}
							},
							"facing_west": {
								"run_command": {
									"command": [
										"tp @s ~ ~ ~ facing ~1 ~ ~"
									]
								}
							},
							"facing_east": {
								"run_command": {
									"command": [
										"tp @s ~ ~ ~ facing ~-1 ~ ~"
									]
								}
							},
							"player_interact": {
								"sequence": [
									{
										"filters": {
											"test": "rider_count",
											"value": 0
										},
										"run_command": {
											"command": [
												"ride @p[tag=player_chair_interact,r=3.5] start_riding @s teleport_rider",
												"tag @p[tag=player_chair_interact,r=3.5] remove player_chair_interact"
											]
										}
									},
									{
										"filters": {
											"test": "rider_count",
											"operator": ">",
											"value": 0
										},
										"run_command": {
											"command": [
												"tellraw @p[tag=player_chair_interact,r=3.55] {\"rawtext\":[{\"translate\":\"tile.furniture:chair.occupied\"}]}",
												"tag @p[tag=player_chair_interact,r=3.5] remove player_chair_interact"
											]
										}
									},
									{
										"run_command": {
											"command": [
												"tellraw @p[tag=player_chair_interact,rm=3.5] {\"rawtext\":[{\"translate\":\"tile.furniture:chair.tooFar\"}]}",
												"tag @p[tag=player_chair_interact,rm=3.5] remove player_chair_interact"
											]
										}
									}
								]
							},
							"block_on_break": {
								"add": {
									"component_groups": [
										"instant_despawn"
									]
								}
							}
						}
					}
				]
			}
		]
	}
}