{
	"file_path": "C:\\Users\\chupi\\AppData\\Local\\Packages\\Microsoft.MinecraftUWP_8wekyb3d8bbwe\\LocalState\\games\\com.mojang\\development_behavior_packs\\ModernDecoration\\entities\\fishbowl_entity_blue.json",
	"file_type": "entity",
	"format_version": 1,
	"file_uuid": "5aba89af_41a3_4c4a_8126_ff783fa56de5",
	"file_version": 27,
	"cache_content": {
		"children": [
			{
				"data": "1.16.100",
				"key": "format_version"
			},
			{
				"open": {
					"format_version": "1.16.100",
					"minecraft:entity": {
						"description": {
							"identifier": "mc:fishbowl_entity_blue",
							"is_spawnable": false,
							"is_summonable": true,
							"is_experimental": false
						},
						"component_groups": {
							"instant_despawn": {
								"minecraft:instant_despawn": {}
							}
						},
						"components": {
							"minecraft:type_family": {
								"family": [
									"open",
									"inanimate"
								]
							},
							"minecraft:collision_box": {
								"width": 0,
								"height": 0
							},
							"minecraft:health": {
								"value": 1,
								"max": 1
							},
							"minecraft:fire_immune": {},
							"minecraft:damage_sensor": {
								"triggers": {
									"cause": "all",
									"deals_damage": false
								}
							},
							"minecraft:inside_block_notifier": {
								"block_list": [
									{
										"block": "mc:fish_bowl",
										"exited_block_event": {
											"event": "block_on_break",
											"target": "self"
										}
									},
									{
										"block": "mc:black_fish_bowl",
										"exited_block_event": {
											"event": "block_on_break",
											"target": "self"
										}
									}
								]
							},
							"minecraft:behavior.look_at_target": {
								"priority": 10
							}
						},
						"events": {
							"facing_south": {
								"run_command": {
									"command": [
										"tp @s ~ ~ ~ facing ~ ~ ~-1"
									]
								}
							},
							"facing_west": {
								"run_command": {
									"command": [
										"tp @s ~ ~ ~ facing ~1 ~ ~"
									]
								}
							},
							"facing_east": {
								"run_command": {
									"command": [
										"tp @s ~ ~ ~ facing ~-1 ~ ~"
									]
								}
							},
							"block_on_break": {
								"add": {
									"component_groups": [
										"instant_despawn"
									]
								}
							}
						}
					}
				},
				"key": "minecraft:entity",
				"children": [
					{
						"open": {
							"description": {
								"identifier": "mc:fishbowl_entity_blue",
								"is_spawnable": false,
								"is_summonable": true,
								"is_experimental": false
							},
							"component_groups": {
								"instant_despawn": {
									"minecraft:instant_despawn": {}
								}
							},
							"components": {
								"minecraft:type_family": {
									"family": [
										"open",
										"inanimate"
									]
								},
								"minecraft:collision_box": {
									"width": 0,
									"height": 0
								},
								"minecraft:health": {
									"value": 1,
									"max": 1
								},
								"minecraft:fire_immune": {},
								"minecraft:damage_sensor": {
									"triggers": {
										"cause": "all",
										"deals_damage": false
									}
								},
								"minecraft:inside_block_notifier": {
									"block_list": [
										{
											"block": "mc:fish_bowl",
											"exited_block_event": {
												"event": "block_on_break",
												"target": "self"
											}
										},
										{
											"block": "mc:black_fish_bowl",
											"exited_block_event": {
												"event": "block_on_break",
												"target": "self"
											}
										}
									]
								},
								"minecraft:behavior.look_at_target": {
									"priority": 10
								}
							},
							"events": {
								"facing_south": {
									"run_command": {
										"command": [
											"tp @s ~ ~ ~ facing ~ ~ ~-1"
										]
									}
								},
								"facing_west": {
									"run_command": {
										"command": [
											"tp @s ~ ~ ~ facing ~1 ~ ~"
										]
									}
								},
								"facing_east": {
									"run_command": {
										"command": [
											"tp @s ~ ~ ~ facing ~-1 ~ ~"
										]
									}
								},
								"block_on_break": {
									"add": {
										"component_groups": [
											"instant_despawn"
										]
									}
								}
							}
						},
						"key": "description",
						"is_minified": true,
						"children": {
							"identifier": "mc:fishbowl_entity_blue",
							"is_spawnable": false,
							"is_summonable": true,
							"is_experimental": false
						}
					},
					{
						"open": {
							"description": {
								"identifier": "mc:fishbowl_entity_blue",
								"is_spawnable": false,
								"is_summonable": true,
								"is_experimental": false
							},
							"component_groups": {
								"instant_despawn": {
									"minecraft:instant_despawn": {}
								}
							},
							"components": {
								"minecraft:type_family": {
									"family": [
										"open",
										"inanimate"
									]
								},
								"minecraft:collision_box": {
									"width": 0,
									"height": 0
								},
								"minecraft:health": {
									"value": 1,
									"max": 1
								},
								"minecraft:fire_immune": {},
								"minecraft:damage_sensor": {
									"triggers": {
										"cause": "all",
										"deals_damage": false
									}
								},
								"minecraft:inside_block_notifier": {
									"block_list": [
										{
											"block": "mc:fish_bowl",
											"exited_block_event": {
												"event": "block_on_break",
												"target": "self"
											}
										},
										{
											"block": "mc:black_fish_bowl",
											"exited_block_event": {
												"event": "block_on_break",
												"target": "self"
											}
										}
									]
								},
								"minecraft:behavior.look_at_target": {
									"priority": 10
								}
							},
							"events": {
								"facing_south": {
									"run_command": {
										"command": [
											"tp @s ~ ~ ~ facing ~ ~ ~-1"
										]
									}
								},
								"facing_west": {
									"run_command": {
										"command": [
											"tp @s ~ ~ ~ facing ~1 ~ ~"
										]
									}
								},
								"facing_east": {
									"run_command": {
										"command": [
											"tp @s ~ ~ ~ facing ~-1 ~ ~"
										]
									}
								},
								"block_on_break": {
									"add": {
										"component_groups": [
											"instant_despawn"
										]
									}
								}
							}
						},
						"key": "component_groups",
						"children": [
							{
								"open": {
									"instant_despawn": {
										"minecraft:instant_despawn": {}
									}
								},
								"key": "instant_despawn",
								"is_minified": true,
								"children": {
									"minecraft:instant_despawn": {}
								}
							}
						]
					},
					{
						"open": {
							"description": {
								"identifier": "mc:fishbowl_entity_blue",
								"is_spawnable": false,
								"is_summonable": true,
								"is_experimental": false
							},
							"component_groups": {
								"instant_despawn": {
									"minecraft:instant_despawn": {}
								}
							},
							"components": {
								"minecraft:type_family": {
									"family": [
										"open",
										"inanimate"
									]
								},
								"minecraft:collision_box": {
									"width": 0,
									"height": 0
								},
								"minecraft:health": {
									"value": 1,
									"max": 1
								},
								"minecraft:fire_immune": {},
								"minecraft:damage_sensor": {
									"triggers": {
										"cause": "all",
										"deals_damage": false
									}
								},
								"minecraft:inside_block_notifier": {
									"block_list": [
										{
											"block": "mc:fish_bowl",
											"exited_block_event": {
												"event": "block_on_break",
												"target": "self"
											}
										},
										{
											"block": "mc:black_fish_bowl",
											"exited_block_event": {
												"event": "block_on_break",
												"target": "self"
											}
										}
									]
								},
								"minecraft:behavior.look_at_target": {
									"priority": 10
								}
							},
							"events": {
								"facing_south": {
									"run_command": {
										"command": [
											"tp @s ~ ~ ~ facing ~ ~ ~-1"
										]
									}
								},
								"facing_west": {
									"run_command": {
										"command": [
											"tp @s ~ ~ ~ facing ~1 ~ ~"
										]
									}
								},
								"facing_east": {
									"run_command": {
										"command": [
											"tp @s ~ ~ ~ facing ~-1 ~ ~"
										]
									}
								},
								"block_on_break": {
									"add": {
										"component_groups": [
											"instant_despawn"
										]
									}
								}
							}
						},
						"key": "components",
						"children": [
							{
								"key": "minecraft:type_family",
								"is_minified": true,
								"children": {
									"family": [
										"open",
										"inanimate"
									]
								}
							},
							{
								"open": {
									"minecraft:type_family": {
										"family": [
											"open",
											"inanimate"
										]
									},
									"minecraft:collision_box": {
										"width": 0,
										"height": 0
									},
									"minecraft:health": {
										"value": 1,
										"max": 1
									},
									"minecraft:fire_immune": {},
									"minecraft:damage_sensor": {
										"triggers": {
											"cause": "all",
											"deals_damage": false
										}
									},
									"minecraft:inside_block_notifier": {
										"block_list": [
											{
												"block": "mc:fish_bowl",
												"exited_block_event": {
													"event": "block_on_break",
													"target": "self"
												}
											},
											{
												"block": "mc:black_fish_bowl",
												"exited_block_event": {
													"event": "block_on_break",
													"target": "self"
												}
											}
										]
									},
									"minecraft:behavior.look_at_target": {
										"priority": 10
									}
								},
								"key": "minecraft:collision_box",
								"is_minified": true,
								"children": {
									"width": 0,
									"height": 0
								}
							},
							{
								"key": "minecraft:health",
								"is_minified": true,
								"children": {
									"value": 1,
									"max": 1
								}
							},
							{
								"key": "minecraft:fire_immune",
								"is_minified": true,
								"children": {}
							},
							{
								"key": "minecraft:damage_sensor",
								"is_minified": true,
								"children": {
									"triggers": {
										"cause": "all",
										"deals_damage": false
									}
								}
							},
							{
								"open": {
									"minecraft:type_family": {
										"family": [
											"open",
											"inanimate"
										]
									},
									"minecraft:collision_box": {
										"width": 0,
										"height": 0
									},
									"minecraft:health": {
										"value": 1,
										"max": 1
									},
									"minecraft:fire_immune": {},
									"minecraft:damage_sensor": {
										"triggers": {
											"cause": "all",
											"deals_damage": false
										}
									},
									"minecraft:inside_block_notifier": {
										"block_list": [
											{
												"block": "mc:fish_bowl",
												"exited_block_event": {
													"event": "block_on_break",
													"target": "self"
												}
											},
											{
												"block": "mc:black_fish_bowl",
												"exited_block_event": {
													"event": "block_on_break",
													"target": "self"
												}
											}
										]
									},
									"minecraft:behavior.look_at_target": {
										"priority": 10
									}
								},
								"key": "minecraft:inside_block_notifier",
								"children": [
									{
										"open": {
											"block_list": [
												{
													"block": "mc:fish_bowl",
													"exited_block_event": {
														"event": "block_on_break",
														"target": "self"
													}
												},
												{
													"block": "mc:black_fish_bowl",
													"exited_block_event": {
														"event": "block_on_break",
														"target": "self"
													}
												}
											]
										},
										"key": "block_list",
										"children": [
											{
												"open": [
													{
														"block": "mc:fish_bowl",
														"exited_block_event": {
															"event": "block_on_break",
															"target": "self"
														}
													},
													{
														"block": "mc:black_fish_bowl",
														"exited_block_event": {
															"event": "block_on_break",
															"target": "self"
														}
													}
												],
												"children": [
													{
														"open": {
															"block": "mc:fish_bowl",
															"exited_block_event": {
																"event": "block_on_break",
																"target": "self"
															}
														},
														"data": "mc:fish_bowl",
														"key": "block"
													},
													{
														"open": {
															"block": "mc:fish_bowl",
															"exited_block_event": {
																"event": "block_on_break",
																"target": "self"
															}
														},
														"key": "exited_block_event",
														"is_minified": true,
														"children": {
															"event": "block_on_break",
															"target": "self"
														}
													}
												]
											},
											{
												"is_minified": true,
												"children": {
													"block": "mc:black_fish_bowl",
													"exited_block_event": {
														"event": "block_on_break",
														"target": "self"
													}
												}
											}
										]
									}
								]
							},
							{
								"open": {
									"minecraft:type_family": {
										"family": [
											"open",
											"inanimate"
										]
									},
									"minecraft:collision_box": {
										"width": 0,
										"height": 0
									},
									"minecraft:health": {
										"value": 1,
										"max": 1
									},
									"minecraft:fire_immune": {},
									"minecraft:damage_sensor": {
										"triggers": {
											"cause": "all",
											"deals_damage": false
										}
									},
									"minecraft:inside_block_notifier": {
										"block_list": [
											{
												"block": "mc:fish_bowl",
												"exited_block_event": {
													"event": "block_on_break",
													"target": "self"
												}
											},
											{
												"block": "mc:black_fish_bowl",
												"exited_block_event": {
													"event": "block_on_break",
													"target": "self"
												}
											}
										]
									},
									"minecraft:behavior.look_at_target": {
										"priority": 10
									}
								},
								"key": "minecraft:scale",
								"is_active": false,
								"is_minified": true,
								"children": {
									"value": 0.6
								}
							},
							{
								"open": {
									"minecraft:type_family": {
										"family": [
											"open",
											"inanimate"
										]
									},
									"minecraft:collision_box": {
										"width": 0,
										"height": 0
									},
									"minecraft:health": {
										"value": 1,
										"max": 1
									},
									"minecraft:fire_immune": {},
									"minecraft:damage_sensor": {
										"triggers": {
											"cause": "all",
											"deals_damage": false
										}
									},
									"minecraft:inside_block_notifier": {
										"block_list": [
											{
												"block": "mc:fish_bowl",
												"exited_block_event": {
													"event": "block_on_break",
													"target": "self"
												}
											},
											{
												"block": "mc:black_fish_bowl",
												"exited_block_event": {
													"event": "block_on_break",
													"target": "self"
												}
											}
										]
									},
									"minecraft:behavior.look_at_target": {
										"priority": 10
									}
								},
								"key": "minecraft:behavior.look_at_target",
								"is_minified": true,
								"children": {
									"priority": 10
								}
							}
						]
					},
					{
						"open": {
							"description": {
								"identifier": "mc:fishbowl_entity_blue",
								"is_spawnable": false,
								"is_summonable": true,
								"is_experimental": false
							},
							"component_groups": {
								"instant_despawn": {
									"minecraft:instant_despawn": {}
								}
							},
							"components": {
								"minecraft:type_family": {
									"family": [
										"open",
										"inanimate"
									]
								},
								"minecraft:collision_box": {
									"width": 0,
									"height": 0
								},
								"minecraft:health": {
									"value": 1,
									"max": 1
								},
								"minecraft:fire_immune": {},
								"minecraft:damage_sensor": {
									"triggers": {
										"cause": "all",
										"deals_damage": false
									}
								},
								"minecraft:inside_block_notifier": {
									"block_list": [
										{
											"block": "mc:fish_bowl",
											"exited_block_event": {
												"event": "block_on_break",
												"target": "self"
											}
										},
										{
											"block": "mc:black_fish_bowl",
											"exited_block_event": {
												"event": "block_on_break",
												"target": "self"
											}
										}
									]
								},
								"minecraft:behavior.look_at_target": {
									"priority": 10
								}
							},
							"events": {
								"facing_south": {
									"run_command": {
										"command": [
											"tp @s ~ ~ ~ facing ~ ~ ~-1"
										]
									}
								},
								"facing_west": {
									"run_command": {
										"command": [
											"tp @s ~ ~ ~ facing ~1 ~ ~"
										]
									}
								},
								"facing_east": {
									"run_command": {
										"command": [
											"tp @s ~ ~ ~ facing ~-1 ~ ~"
										]
									}
								},
								"block_on_break": {
									"add": {
										"component_groups": [
											"instant_despawn"
										]
									}
								}
							}
						},
						"key": "events",
						"children": [
							{
								"key": "facing_south",
								"is_minified": true,
								"children": {
									"run_command": {
										"command": [
											"tp @s ~ ~ ~ facing ~ ~ ~-1"
										]
									}
								}
							},
							{
								"key": "facing_west",
								"is_minified": true,
								"children": {
									"run_command": {
										"command": [
											"tp @s ~ ~ ~ facing ~1 ~ ~"
										]
									}
								}
							},
							{
								"key": "facing_east",
								"is_minified": true,
								"children": {
									"run_command": {
										"command": [
											"tp @s ~ ~ ~ facing ~-1 ~ ~"
										]
									}
								}
							},
							{
								"open": {
									"facing_south": {
										"run_command": {
											"command": [
												"tp @s ~ ~ ~ facing ~ ~ ~-1"
											]
										}
									},
									"facing_west": {
										"run_command": {
											"command": [
												"tp @s ~ ~ ~ facing ~1 ~ ~"
											]
										}
									},
									"facing_east": {
										"run_command": {
											"command": [
												"tp @s ~ ~ ~ facing ~-1 ~ ~"
											]
										}
									},
									"block_on_break": {
										"add": {
											"component_groups": [
												"instant_despawn"
											]
										}
									}
								},
								"key": "block_on_break",
								"children": [
									{
										"open": {
											"add": {
												"component_groups": [
													"instant_despawn"
												]
											}
										},
										"key": "add",
										"children": [
											{
												"open": {
													"component_groups": [
														"instant_despawn"
													]
												},
												"key": "component_groups",
												"is_minified": true,
												"children": [
													"instant_despawn"
												]
											}
										]
									}
								]
							}
						]
					}
				]
			}
		]
	}
}