{
	"file_path": "C:\\Users\\chupi\\AppData\\Local\\Packages\\Microsoft.MinecraftUWP_8wekyb3d8bbwe\\LocalState\\games\\com.mojang\\development_behavior_packs\\ModernDecoration\\entities\\flying_lantern.json",
	"file_type": "entity",
	"format_version": 1,
	"file_uuid": "9023d481_c1d4_4afc_897a_f5e1377dee67",
	"file_version": 101,
	"cache_content": {
		"children": [
			{
				"data": "1.13.0",
				"key": "format_version"
			},
			{
				"open": {
					"format_version": "1.13.0",
					"minecraft:entity": {
						"description": {
							"identifier": "mc:skylantern",
							"is_spawnable": true,
							"is_summonable": true,
							"is_experimental": true
						},
						"component_groups": {
							"mc:flying": {
								"minecraft:timer": {
									"looping": true,
									"randomInterval": true,
									"random_time_choices": [
										{
											"value": 0.1,
											"weight": 1
										},
										{
											"weight": 1,
											"value": 0.1
										}
									],
									"time_down_event": {
										"event": "mc:dynamic_light"
									}
								},
								"minecraft:on_death": {
									"event": "stop_light"
								}
							},
							"instant_despawn": {
								"minecraft:instant_despawn": {}
							}
						},
						"components": {
							"minecraft:collision_box": {
								"width": 1,
								"height": 1.4
							},
							"minecraft:loot": {
								"table": "loot_tables/entities/pool_float_3.json"
							},
							"minecraft:health": {
								"value": 10,
								"max": 10
							},
							"minecraft:balloon": {
								"lift_force": [
									0,
									1.6,
									0
								]
							},
							"minecraft:physics": {
								"has_gravity": false
							},
							"minecraft:pushable": {},
							"minecraft:interact": {
								"interactions": [
									{
										"interact_text": "Turn On",
										"use_item": true,
										"on_interact": {
											"event": "mc:turn_lantern",
											"filters": {
												"test": "has_equipment",
												"domain": "hand",
												"subject": "other",
												"value": "minecraft:flint_and_steel"
											}
										},
										"particle_on_start": {
											"particle_type": "flame"
										}
									}
								]
							},
							"minecraft:on_hurt_by_player": {
								"event": "mc:destroy_entity"
							}
						},
						"events": {
							"mc:dynamic_light": {
								"execute": {
									"commands": [
										"/tp @s ~~0.05~0.025 true"
									]
								}
							},
							"stop_light": {
								"execute": {
									"commands": [
										"/fill ~-3 ~-3 ~-3 ~3 ~3 ~3 air 0 replace light_block 13"
									]
								}
							},
							"mc:turn_lantern": {
								"add": {
									"component_groups": [
										"mc:flying"
									]
								},
								"execute": {
									"commands": [
										"/effect @s levitation 1000 0 true",
										"/fill ~-3~-2~-3 ~3~-1~3 air 0 replace light_block 13"
									]
								}
							},
							"mc:destroy_entity": {
								"execute": {
									"commands": [
										"/particle minecraft:basic_flame_particle ~~~"
									]
								},
								"trigger": "stop_light",
								"add": {
									"component_groups": [
										"instant_despawn"
									]
								}
							},
							"dev:stop_movement": {
								"remove": {
									"component_groups": [
										"mc:flying"
									]
								}
							},
							"dev:start_movement": {
								"add": {
									"component_groups": [
										"mc:flying"
									]
								}
							}
						}
					}
				},
				"key": "minecraft:entity",
				"children": [
					{
						"open": {
							"description": {
								"identifier": "mc:skylantern",
								"is_spawnable": true,
								"is_summonable": true,
								"is_experimental": true
							},
							"component_groups": {
								"mc:flying": {
									"minecraft:timer": {
										"looping": true,
										"randomInterval": true,
										"random_time_choices": [
											{
												"value": 0.1,
												"weight": 1
											},
											{
												"weight": 1,
												"value": 0.1
											}
										],
										"time_down_event": {
											"event": "mc:dynamic_light"
										}
									},
									"minecraft:on_death": {
										"event": "stop_light"
									}
								},
								"instant_despawn": {
									"minecraft:instant_despawn": {}
								}
							},
							"components": {
								"minecraft:collision_box": {
									"width": 1,
									"height": 1.4
								},
								"minecraft:loot": {
									"table": "loot_tables/entities/pool_float_3.json"
								},
								"minecraft:health": {
									"value": 10,
									"max": 10
								},
								"minecraft:balloon": {
									"lift_force": [
										0,
										1.6,
										0
									]
								},
								"minecraft:physics": {
									"has_gravity": false
								},
								"minecraft:pushable": {},
								"minecraft:interact": {
									"interactions": [
										{
											"interact_text": "Turn On",
											"use_item": true,
											"on_interact": {
												"event": "mc:turn_lantern",
												"filters": {
													"test": "has_equipment",
													"domain": "hand",
													"subject": "other",
													"value": "minecraft:flint_and_steel"
												}
											},
											"particle_on_start": {
												"particle_type": "flame"
											}
										}
									]
								},
								"minecraft:on_hurt_by_player": {
									"event": "mc:destroy_entity"
								}
							},
							"events": {
								"mc:dynamic_light": {
									"execute": {
										"commands": [
											"/tp @s ~~0.05~0.025 true"
										]
									}
								},
								"stop_light": {
									"execute": {
										"commands": [
											"/fill ~-3 ~-3 ~-3 ~3 ~3 ~3 air 0 replace light_block 13"
										]
									}
								},
								"mc:turn_lantern": {
									"add": {
										"component_groups": [
											"mc:flying"
										]
									},
									"execute": {
										"commands": [
											"/effect @s levitation 1000 0 true",
											"/fill ~-3~-2~-3 ~3~-1~3 air 0 replace light_block 13"
										]
									}
								},
								"mc:destroy_entity": {
									"execute": {
										"commands": [
											"/particle minecraft:basic_flame_particle ~~~"
										]
									},
									"trigger": "stop_light",
									"add": {
										"component_groups": [
											"instant_despawn"
										]
									}
								},
								"dev:stop_movement": {
									"remove": {
										"component_groups": [
											"mc:flying"
										]
									}
								},
								"dev:start_movement": {
									"add": {
										"component_groups": [
											"mc:flying"
										]
									}
								}
							}
						},
						"key": "description",
						"is_minified": true,
						"children": {
							"identifier": "mc:skylantern",
							"is_spawnable": true,
							"is_summonable": true,
							"is_experimental": true
						}
					},
					{
						"open": {
							"description": {
								"identifier": "mc:skylantern",
								"is_spawnable": true,
								"is_summonable": true,
								"is_experimental": true
							},
							"component_groups": {
								"mc:flying": {
									"minecraft:timer": {
										"looping": true,
										"randomInterval": true,
										"random_time_choices": [
											{
												"value": 0.1,
												"weight": 1
											},
											{
												"weight": 1,
												"value": 0.1
											}
										],
										"time_down_event": {
											"event": "mc:dynamic_light"
										}
									},
									"minecraft:on_death": {
										"event": "stop_light"
									}
								},
								"instant_despawn": {
									"minecraft:instant_despawn": {}
								}
							},
							"components": {
								"minecraft:collision_box": {
									"width": 1,
									"height": 1.4
								},
								"minecraft:loot": {
									"table": "loot_tables/entities/pool_float_3.json"
								},
								"minecraft:health": {
									"value": 10,
									"max": 10
								},
								"minecraft:balloon": {
									"lift_force": [
										0,
										1.6,
										0
									]
								},
								"minecraft:physics": {
									"has_gravity": false
								},
								"minecraft:pushable": {},
								"minecraft:interact": {
									"interactions": [
										{
											"interact_text": "Turn On",
											"use_item": true,
											"on_interact": {
												"event": "mc:turn_lantern",
												"filters": {
													"test": "has_equipment",
													"domain": "hand",
													"subject": "other",
													"value": "minecraft:flint_and_steel"
												}
											},
											"particle_on_start": {
												"particle_type": "flame"
											}
										}
									]
								},
								"minecraft:on_hurt_by_player": {
									"event": "mc:destroy_entity"
								}
							},
							"events": {
								"mc:dynamic_light": {
									"execute": {
										"commands": [
											"/tp @s ~~0.05~0.025 true"
										]
									}
								},
								"stop_light": {
									"execute": {
										"commands": [
											"/fill ~-3 ~-3 ~-3 ~3 ~3 ~3 air 0 replace light_block 13"
										]
									}
								},
								"mc:turn_lantern": {
									"add": {
										"component_groups": [
											"mc:flying"
										]
									},
									"execute": {
										"commands": [
											"/effect @s levitation 1000 0 true",
											"/fill ~-3~-2~-3 ~3~-1~3 air 0 replace light_block 13"
										]
									}
								},
								"mc:destroy_entity": {
									"execute": {
										"commands": [
											"/particle minecraft:basic_flame_particle ~~~"
										]
									},
									"trigger": "stop_light",
									"add": {
										"component_groups": [
											"instant_despawn"
										]
									}
								},
								"dev:stop_movement": {
									"remove": {
										"component_groups": [
											"mc:flying"
										]
									}
								},
								"dev:start_movement": {
									"add": {
										"component_groups": [
											"mc:flying"
										]
									}
								}
							}
						},
						"key": "component_groups",
						"children": [
							{
								"open": {
									"mc:flying": {
										"minecraft:timer": {
											"looping": true,
											"randomInterval": true,
											"random_time_choices": [
												{
													"value": 0.1,
													"weight": 1
												},
												{
													"weight": 1,
													"value": 0.1
												}
											],
											"time_down_event": {
												"event": "mc:dynamic_light"
											}
										},
										"minecraft:on_death": {
											"event": "stop_light"
										}
									},
									"instant_despawn": {
										"minecraft:instant_despawn": {}
									}
								},
								"key": "mc:flying",
								"children": [
									{
										"open": {
											"minecraft:timer": {
												"looping": true,
												"randomInterval": true,
												"random_time_choices": [
													{
														"value": 0.1,
														"weight": 1
													},
													{
														"weight": 1,
														"value": 0.1
													}
												],
												"time_down_event": {
													"event": "mc:dynamic_light"
												}
											},
											"minecraft:on_death": {
												"event": "stop_light"
											}
										},
										"key": "minecraft:timer",
										"children": [
											{
												"data": "true",
												"key": "looping"
											},
											{
												"data": "true",
												"key": "randomInterval"
											},
											{
												"key": "random_time_choices",
												"children": [
													{
														"open": [
															{
																"value": 0.1,
																"weight": 1
															},
															{
																"weight": 1,
																"value": 0.1
															}
														],
														"is_minified": true,
														"children": {
															"value": 0.1,
															"weight": 1
														}
													},
													{
														"open": [
															{
																"value": 0.1,
																"weight": 1
															},
															{
																"weight": 1,
																"value": 0.1
															}
														],
														"is_minified": true,
														"children": {
															"weight": 1,
															"value": 0.1
														}
													}
												]
											},
											{
												"open": {
													"looping": true,
													"randomInterval": true,
													"random_time_choices": [
														{
															"value": 0.1,
															"weight": 1
														},
														{
															"weight": 1,
															"value": 0.1
														}
													],
													"time_down_event": {
														"event": "mc:dynamic_light"
													}
												},
												"key": "time_down_event",
												"is_minified": true,
												"children": {
													"event": "mc:dynamic_light"
												}
											}
										]
									},
									{
										"key": "minecraft:on_death",
										"is_minified": true,
										"children": {
											"event": "stop_light"
										}
									}
								]
							},
							{
								"open": {
									"mc:flying": {
										"minecraft:timer": {
											"looping": true,
											"randomInterval": true,
											"random_time_choices": [
												{
													"value": 0.1,
													"weight": 1
												},
												{
													"weight": 1,
													"value": 0.1
												}
											],
											"time_down_event": {
												"event": "mc:dynamic_light"
											}
										},
										"minecraft:on_death": {
											"event": "stop_light"
										}
									},
									"instant_despawn": {
										"minecraft:instant_despawn": {}
									}
								},
								"key": "instant_despawn",
								"is_minified": true,
								"children": {
									"minecraft:instant_despawn": {}
								}
							}
						]
					},
					{
						"open": {
							"description": {
								"identifier": "mc:skylantern",
								"is_spawnable": true,
								"is_summonable": true,
								"is_experimental": true
							},
							"component_groups": {
								"mc:flying": {
									"minecraft:timer": {
										"looping": true,
										"randomInterval": true,
										"random_time_choices": [
											{
												"value": 0.1,
												"weight": 1
											},
											{
												"weight": 1,
												"value": 0.1
											}
										],
										"time_down_event": {
											"event": "mc:dynamic_light"
										}
									},
									"minecraft:on_death": {
										"event": "stop_light"
									}
								},
								"instant_despawn": {
									"minecraft:instant_despawn": {}
								}
							},
							"components": {
								"minecraft:collision_box": {
									"width": 1,
									"height": 1.4
								},
								"minecraft:loot": {
									"table": "loot_tables/entities/pool_float_3.json"
								},
								"minecraft:health": {
									"value": 10,
									"max": 10
								},
								"minecraft:balloon": {
									"lift_force": [
										0,
										1.6,
										0
									]
								},
								"minecraft:physics": {
									"has_gravity": false
								},
								"minecraft:pushable": {},
								"minecraft:interact": {
									"interactions": [
										{
											"interact_text": "Turn On",
											"use_item": true,
											"on_interact": {
												"event": "mc:turn_lantern",
												"filters": {
													"test": "has_equipment",
													"domain": "hand",
													"subject": "other",
													"value": "minecraft:flint_and_steel"
												}
											},
											"particle_on_start": {
												"particle_type": "flame"
											}
										}
									]
								},
								"minecraft:on_hurt_by_player": {
									"event": "mc:destroy_entity"
								}
							},
							"events": {
								"mc:dynamic_light": {
									"execute": {
										"commands": [
											"/tp @s ~~0.05~0.025 true"
										]
									}
								},
								"stop_light": {
									"execute": {
										"commands": [
											"/fill ~-3 ~-3 ~-3 ~3 ~3 ~3 air 0 replace light_block 13"
										]
									}
								},
								"mc:turn_lantern": {
									"add": {
										"component_groups": [
											"mc:flying"
										]
									},
									"execute": {
										"commands": [
											"/effect @s levitation 1000 0 true",
											"/fill ~-3~-2~-3 ~3~-1~3 air 0 replace light_block 13"
										]
									}
								},
								"mc:destroy_entity": {
									"execute": {
										"commands": [
											"/particle minecraft:basic_flame_particle ~~~"
										]
									},
									"trigger": "stop_light",
									"add": {
										"component_groups": [
											"instant_despawn"
										]
									}
								},
								"dev:stop_movement": {
									"remove": {
										"component_groups": [
											"mc:flying"
										]
									}
								},
								"dev:start_movement": {
									"add": {
										"component_groups": [
											"mc:flying"
										]
									}
								}
							}
						},
						"key": "components",
						"children": [
							{
								"key": "minecraft:collision_box",
								"is_minified": true,
								"children": {
									"width": 1,
									"height": 1.4
								}
							},
							{
								"key": "minecraft:loot",
								"is_minified": true,
								"children": {
									"table": "loot_tables/entities/pool_float_3.json"
								}
							},
							{
								"open": {
									"minecraft:collision_box": {
										"width": 1,
										"height": 1.4
									},
									"minecraft:loot": {
										"table": "loot_tables/entities/pool_float_3.json"
									},
									"minecraft:health": {
										"value": 10,
										"max": 10
									},
									"minecraft:balloon": {
										"lift_force": [
											0,
											1.6,
											0
										]
									},
									"minecraft:physics": {
										"has_gravity": false
									},
									"minecraft:pushable": {},
									"minecraft:interact": {
										"interactions": [
											{
												"interact_text": "Turn On",
												"use_item": true,
												"on_interact": {
													"event": "mc:turn_lantern",
													"filters": {
														"test": "has_equipment",
														"domain": "hand",
														"subject": "other",
														"value": "minecraft:flint_and_steel"
													}
												},
												"particle_on_start": {
													"particle_type": "flame"
												}
											}
										]
									},
									"minecraft:on_hurt_by_player": {
										"event": "mc:destroy_entity"
									}
								},
								"key": "minecraft:health",
								"is_minified": true,
								"children": {
									"value": 10,
									"max": 10
								}
							},
							{
								"key": "minecraft:balloon",
								"children": [
									{
										"open": {
											"lift_force": [
												0,
												1.6,
												0
											]
										},
										"key": "lift_force",
										"is_minified": true,
										"children": [
											0,
											1.6,
											0
										]
									}
								]
							},
							{
								"key": "minecraft:physics",
								"is_minified": true,
								"children": {
									"has_gravity": false
								}
							},
							{
								"key": "minecraft:pushable",
								"is_minified": true,
								"children": {}
							},
							{
								"open": {
									"minecraft:collision_box": {
										"width": 1,
										"height": 1.4
									},
									"minecraft:loot": {
										"table": "loot_tables/entities/pool_float_3.json"
									},
									"minecraft:health": {
										"value": 10,
										"max": 10
									},
									"minecraft:balloon": {
										"lift_force": [
											0,
											1.6,
											0
										]
									},
									"minecraft:physics": {
										"has_gravity": false
									},
									"minecraft:pushable": {},
									"minecraft:interact": {
										"interactions": [
											{
												"interact_text": "Turn On",
												"use_item": true,
												"on_interact": {
													"event": "mc:turn_lantern",
													"filters": {
														"test": "has_equipment",
														"domain": "hand",
														"subject": "other",
														"value": "minecraft:flint_and_steel"
													}
												},
												"particle_on_start": {
													"particle_type": "flame"
												}
											}
										]
									},
									"minecraft:on_hurt_by_player": {
										"event": "mc:destroy_entity"
									}
								},
								"key": "minecraft:interact",
								"children": [
									{
										"open": {
											"interactions": [
												{
													"interact_text": "Turn On",
													"use_item": true,
													"on_interact": {
														"event": "mc:turn_lantern",
														"filters": {
															"test": "has_equipment",
															"domain": "hand",
															"subject": "other",
															"value": "minecraft:flint_and_steel"
														}
													},
													"particle_on_start": {
														"particle_type": "flame"
													}
												}
											]
										},
										"key": "interactions",
										"children": [
											{
												"open": [
													{
														"interact_text": "Turn On",
														"use_item": true,
														"on_interact": {
															"event": "mc:turn_lantern",
															"filters": {
																"test": "has_equipment",
																"domain": "hand",
																"subject": "other",
																"value": "minecraft:flint_and_steel"
															}
														},
														"particle_on_start": {
															"particle_type": "flame"
														}
													}
												],
												"children": [
													{
														"open": {
															"interact_text": "Turn On",
															"use_item": true,
															"on_interact": {
																"event": "mc:turn_lantern",
																"filters": {
																	"test": "has_equipment",
																	"domain": "hand",
																	"subject": "other",
																	"value": "minecraft:flint_and_steel"
																}
															},
															"particle_on_start": {
																"particle_type": "flame"
															}
														},
														"data": "Turn On",
														"key": "interact_text"
													},
													{
														"data": "true",
														"key": "use_item"
													},
													{
														"key": "on_interact",
														"children": [
															{
																"data": "mc:turn_lantern",
																"key": "event"
															},
															{
																"open": {
																	"event": "mc:turn_lantern",
																	"filters": {
																		"test": "has_equipment",
																		"domain": "hand",
																		"subject": "other",
																		"value": "minecraft:flint_and_steel"
																	}
																},
																"key": "filters",
																"is_minified": true,
																"children": {
																	"test": "has_equipment",
																	"domain": "hand",
																	"subject": "other",
																	"value": "minecraft:flint_and_steel"
																}
															}
														]
													},
													{
														"open": {
															"interact_text": "Turn On",
															"use_item": true,
															"on_interact": {
																"event": "mc:turn_lantern",
																"filters": {
																	"test": "has_equipment",
																	"domain": "hand",
																	"subject": "other",
																	"value": "minecraft:flint_and_steel"
																}
															},
															"particle_on_start": {
																"particle_type": "flame"
															}
														},
														"key": "particle_on_start",
														"is_minified": true,
														"children": {
															"particle_type": "flame"
														}
													}
												]
											}
										]
									}
								]
							},
							{
								"open": {
									"minecraft:collision_box": {
										"width": 1,
										"height": 1.4
									},
									"minecraft:loot": {
										"table": "loot_tables/entities/pool_float_3.json"
									},
									"minecraft:health": {
										"value": 10,
										"max": 10
									},
									"minecraft:balloon": {
										"lift_force": [
											0,
											1.6,
											0
										]
									},
									"minecraft:physics": {
										"has_gravity": false
									},
									"minecraft:pushable": {},
									"minecraft:interact": {
										"interactions": [
											{
												"interact_text": "Turn On",
												"use_item": true,
												"on_interact": {
													"event": "mc:turn_lantern",
													"filters": {
														"test": "has_equipment",
														"domain": "hand",
														"subject": "other",
														"value": "minecraft:flint_and_steel"
													}
												},
												"particle_on_start": {
													"particle_type": "flame"
												}
											}
										]
									},
									"minecraft:on_hurt_by_player": {
										"event": "mc:destroy_entity"
									}
								},
								"key": "minecraft:on_hurt_by_player",
								"is_minified": true,
								"children": {
									"event": "mc:destroy_entity"
								}
							}
						]
					},
					{
						"open": {
							"description": {
								"identifier": "mc:skylantern",
								"is_spawnable": true,
								"is_summonable": true,
								"is_experimental": true
							},
							"component_groups": {
								"mc:flying": {
									"minecraft:timer": {
										"looping": true,
										"randomInterval": true,
										"random_time_choices": [
											{
												"value": 0.1,
												"weight": 1
											},
											{
												"weight": 1,
												"value": 0.1
											}
										],
										"time_down_event": {
											"event": "mc:dynamic_light"
										}
									},
									"minecraft:on_death": {
										"event": "stop_light"
									}
								},
								"instant_despawn": {
									"minecraft:instant_despawn": {}
								}
							},
							"components": {
								"minecraft:collision_box": {
									"width": 1,
									"height": 1.4
								},
								"minecraft:loot": {
									"table": "loot_tables/entities/pool_float_3.json"
								},
								"minecraft:health": {
									"value": 10,
									"max": 10
								},
								"minecraft:balloon": {
									"lift_force": [
										0,
										1.6,
										0
									]
								},
								"minecraft:physics": {
									"has_gravity": false
								},
								"minecraft:pushable": {},
								"minecraft:interact": {
									"interactions": [
										{
											"interact_text": "Turn On",
											"use_item": true,
											"on_interact": {
												"event": "mc:turn_lantern",
												"filters": {
													"test": "has_equipment",
													"domain": "hand",
													"subject": "other",
													"value": "minecraft:flint_and_steel"
												}
											},
											"particle_on_start": {
												"particle_type": "flame"
											}
										}
									]
								},
								"minecraft:on_hurt_by_player": {
									"event": "mc:destroy_entity"
								}
							},
							"events": {
								"mc:dynamic_light": {
									"execute": {
										"commands": [
											"/tp @s ~~0.05~0.025 true"
										]
									}
								},
								"stop_light": {
									"execute": {
										"commands": [
											"/fill ~-3 ~-3 ~-3 ~3 ~3 ~3 air 0 replace light_block 13"
										]
									}
								},
								"mc:turn_lantern": {
									"add": {
										"component_groups": [
											"mc:flying"
										]
									},
									"execute": {
										"commands": [
											"/effect @s levitation 1000 0 true",
											"/fill ~-3~-2~-3 ~3~-1~3 air 0 replace light_block 13"
										]
									}
								},
								"mc:destroy_entity": {
									"execute": {
										"commands": [
											"/particle minecraft:basic_flame_particle ~~~"
										]
									},
									"trigger": "stop_light",
									"add": {
										"component_groups": [
											"instant_despawn"
										]
									}
								},
								"dev:stop_movement": {
									"remove": {
										"component_groups": [
											"mc:flying"
										]
									}
								},
								"dev:start_movement": {
									"add": {
										"component_groups": [
											"mc:flying"
										]
									}
								}
							}
						},
						"key": "events",
						"children": [
							{
								"open": {
									"mc:dynamic_light": {
										"execute": {
											"commands": [
												"/tp @s ~~0.05~0.025 true"
											]
										}
									},
									"stop_light": {
										"execute": {
											"commands": [
												"/fill ~-3 ~-3 ~-3 ~3 ~3 ~3 air 0 replace light_block 13"
											]
										}
									},
									"mc:turn_lantern": {
										"add": {
											"component_groups": [
												"mc:flying"
											]
										},
										"execute": {
											"commands": [
												"/effect @s levitation 1000 0 true",
												"/fill ~-3~-2~-3 ~3~-1~3 air 0 replace light_block 13"
											]
										}
									},
									"mc:destroy_entity": {
										"execute": {
											"commands": [
												"/particle minecraft:basic_flame_particle ~~~"
											]
										},
										"trigger": "stop_light",
										"add": {
											"component_groups": [
												"instant_despawn"
											]
										}
									},
									"dev:stop_movement": {
										"remove": {
											"component_groups": [
												"mc:flying"
											]
										}
									},
									"dev:start_movement": {
										"add": {
											"component_groups": [
												"mc:flying"
											]
										}
									}
								},
								"key": "mc:dynamic_light",
								"children": [
									{
										"open": {
											"execute": {
												"commands": [
													"/tp @s ~~0.05~0.025 true"
												]
											}
										},
										"key": "execute",
										"children": [
											{
												"open": {
													"commands": [
														"/tp @s ~~0.05~0.025 true"
													]
												},
												"key": "commands",
												"children": [
													{
														"data": "/tp @s ~~0.05~0.025 true"
													},
													{
														"data": "/particle mc:lantern_glow ~~~",
														"is_active": false
													}
												]
											}
										]
									}
								]
							},
							{
								"key": "stop_light",
								"children": [
									{
										"open": {
											"execute": {
												"commands": [
													"/fill ~-3 ~-3 ~-3 ~3 ~3 ~3 air 0 replace light_block 13"
												]
											}
										},
										"key": "execute",
										"children": [
											{
												"open": {
													"commands": [
														"/fill ~-3 ~-3 ~-3 ~3 ~3 ~3 air 0 replace light_block 13"
													]
												},
												"key": "commands",
												"is_minified": true,
												"children": [
													"/fill ~-3 ~-3 ~-3 ~3 ~3 ~3 air 0 replace light_block 13"
												]
											}
										]
									}
								]
							},
							{
								"open": {
									"mc:dynamic_light": {
										"execute": {
											"commands": [
												"/tp @s ~~0.05~0.025 true"
											]
										}
									},
									"stop_light": {
										"execute": {
											"commands": [
												"/fill ~-3 ~-3 ~-3 ~3 ~3 ~3 air 0 replace light_block 13"
											]
										}
									},
									"mc:turn_lantern": {
										"add": {
											"component_groups": [
												"mc:flying"
											]
										},
										"execute": {
											"commands": [
												"/effect @s levitation 1000 0 true",
												"/fill ~-3~-2~-3 ~3~-1~3 air 0 replace light_block 13"
											]
										}
									},
									"mc:destroy_entity": {
										"execute": {
											"commands": [
												"/particle minecraft:basic_flame_particle ~~~"
											]
										},
										"trigger": "stop_light",
										"add": {
											"component_groups": [
												"instant_despawn"
											]
										}
									},
									"dev:stop_movement": {
										"remove": {
											"component_groups": [
												"mc:flying"
											]
										}
									},
									"dev:start_movement": {
										"add": {
											"component_groups": [
												"mc:flying"
											]
										}
									}
								},
								"key": "mc:turn_lantern",
								"children": [
									{
										"open": {
											"add": {
												"component_groups": [
													"mc:flying"
												]
											},
											"execute": {
												"commands": [
													"/effect @s levitation 1000 0 true",
													"/fill ~-3~-2~-3 ~3~-1~3 air 0 replace light_block 13"
												]
											}
										},
										"key": "add",
										"children": [
											{
												"open": {
													"component_groups": [
														"mc:flying"
													]
												},
												"key": "component_groups",
												"is_minified": true,
												"children": [
													"mc:flying"
												]
											}
										]
									},
									{
										"open": {
											"add": {
												"component_groups": [
													"mc:flying"
												]
											},
											"execute": {
												"commands": [
													"/effect @s levitation 1000 0 true",
													"/fill ~-3~-2~-3 ~3~-1~3 air 0 replace light_block 13"
												]
											}
										},
										"key": "execute",
										"children": [
											{
												"open": {
													"commands": [
														"/effect @s levitation 1000 0 true",
														"/fill ~-3~-2~-3 ~3~-1~3 air 0 replace light_block 13"
													]
												},
												"key": "commands",
												"is_minified": true,
												"children": [
													"/effect @s levitation 1000 0 true",
													"/fill ~-3~-2~-3 ~3~-1~3 air 0 replace light_block 13"
												]
											}
										]
									}
								]
							},
							{
								"open": {
									"mc:dynamic_light": {
										"execute": {
											"commands": [
												"/tp @s ~~0.05~0.025 true"
											]
										}
									},
									"stop_light": {
										"execute": {
											"commands": [
												"/fill ~-3 ~-3 ~-3 ~3 ~3 ~3 air 0 replace light_block 13"
											]
										}
									},
									"mc:turn_lantern": {
										"add": {
											"component_groups": [
												"mc:flying"
											]
										},
										"execute": {
											"commands": [
												"/effect @s levitation 1000 0 true",
												"/fill ~-3~-2~-3 ~3~-1~3 air 0 replace light_block 13"
											]
										}
									},
									"mc:destroy_entity": {
										"execute": {
											"commands": [
												"/particle minecraft:basic_flame_particle ~~~"
											]
										},
										"trigger": "stop_light",
										"add": {
											"component_groups": [
												"instant_despawn"
											]
										}
									},
									"dev:stop_movement": {
										"remove": {
											"component_groups": [
												"mc:flying"
											]
										}
									},
									"dev:start_movement": {
										"add": {
											"component_groups": [
												"mc:flying"
											]
										}
									}
								},
								"key": "mc:destroy_entity",
								"children": [
									{
										"open": {
											"execute": {
												"commands": [
													"/particle minecraft:basic_flame_particle ~~~"
												]
											},
											"trigger": "stop_light",
											"add": {
												"component_groups": [
													"instant_despawn"
												]
											}
										},
										"key": "execute",
										"children": [
											{
												"open": {
													"commands": [
														"/particle minecraft:basic_flame_particle ~~~"
													]
												},
												"key": "commands",
												"is_minified": true,
												"children": [
													"/particle minecraft:basic_flame_particle ~~~"
												]
											}
										]
									},
									{
										"data": "stop_light",
										"key": "trigger"
									},
									{
										"open": {
											"execute": {
												"commands": [
													"/particle minecraft:basic_flame_particle ~~~"
												]
											},
											"trigger": "stop_light",
											"add": {
												"component_groups": [
													"instant_despawn"
												]
											}
										},
										"key": "add",
										"children": [
											{
												"open": {
													"component_groups": [
														"instant_despawn"
													]
												},
												"key": "component_groups",
												"is_minified": true,
												"children": [
													"instant_despawn"
												]
											}
										]
									}
								]
							},
							{
								"open": {
									"mc:dynamic_light": {
										"execute": {
											"commands": [
												"/tp @s ~~0.05~0.025 true"
											]
										}
									},
									"stop_light": {
										"execute": {
											"commands": [
												"/fill ~-3 ~-3 ~-3 ~3 ~3 ~3 air 0 replace light_block 13"
											]
										}
									},
									"mc:turn_lantern": {
										"add": {
											"component_groups": [
												"mc:flying"
											]
										},
										"execute": {
											"commands": [
												"/effect @s levitation 1000 0 true",
												"/fill ~-3~-2~-3 ~3~-1~3 air 0 replace light_block 13"
											]
										}
									},
									"mc:destroy_entity": {
										"execute": {
											"commands": [
												"/particle minecraft:basic_flame_particle ~~~"
											]
										},
										"trigger": "stop_light",
										"add": {
											"component_groups": [
												"instant_despawn"
											]
										}
									},
									"dev:stop_movement": {
										"remove": {
											"component_groups": [
												"mc:flying"
											]
										}
									},
									"dev:start_movement": {
										"add": {
											"component_groups": [
												"mc:flying"
											]
										}
									}
								},
								"key": "dev:stop_movement",
								"children": [
									{
										"open": {
											"remove": {
												"component_groups": [
													"mc:flying"
												]
											}
										},
										"key": "remove",
										"children": [
											{
												"open": {
													"component_groups": [
														"mc:flying"
													]
												},
												"key": "component_groups",
												"is_minified": true,
												"children": [
													"mc:flying"
												]
											}
										]
									}
								]
							},
							{
								"open": {
									"mc:dynamic_light": {
										"execute": {
											"commands": [
												"/tp @s ~~0.05~0.025 true"
											]
										}
									},
									"stop_light": {
										"execute": {
											"commands": [
												"/fill ~-3 ~-3 ~-3 ~3 ~3 ~3 air 0 replace light_block 13"
											]
										}
									},
									"mc:turn_lantern": {
										"add": {
											"component_groups": [
												"mc:flying"
											]
										},
										"execute": {
											"commands": [
												"/effect @s levitation 1000 0 true",
												"/fill ~-3~-2~-3 ~3~-1~3 air 0 replace light_block 13"
											]
										}
									},
									"mc:destroy_entity": {
										"execute": {
											"commands": [
												"/particle minecraft:basic_flame_particle ~~~"
											]
										},
										"trigger": "stop_light",
										"add": {
											"component_groups": [
												"instant_despawn"
											]
										}
									},
									"dev:stop_movement": {
										"remove": {
											"component_groups": [
												"mc:flying"
											]
										}
									},
									"dev:start_movement": {
										"add": {
											"component_groups": [
												"mc:flying"
											]
										}
									}
								},
								"key": "dev:start_movement",
								"children": [
									{
										"open": {
											"add": {
												"component_groups": [
													"mc:flying"
												]
											}
										},
										"key": "add",
										"children": [
											{
												"open": {
													"component_groups": [
														"mc:flying"
													]
												},
												"key": "component_groups",
												"is_minified": true,
												"children": [
													"mc:flying"
												]
											}
										]
									}
								]
							}
						]
					}
				]
			}
		]
	}
}