{
	"file_path": "C:\\Users\\chupi\\AppData\\Local\\Packages\\Microsoft.MinecraftUWP_8wekyb3d8bbwe\\LocalState\\games\\com.mojang\\development_resource_packs\\ModernDeco\\sounds\\sound_definitions.json",
	"file_type": "sound_definition",
	"format_version": 1,
	"file_uuid": "39cecd14_0206_4a14_959f_253e7130b418",
	"file_version": 6,
	"cache_content": {
		"children": [
			{
				"data": "1.17.0",
				"key": "format_version"
			},
			{
				"open": {
					"format_version": "1.17.0",
					"sound_definitions": {
						"deco.doorbell_0": {
							"category": "neutral",
							"sounds": [
								"sounds/random/doorbell_0"
							]
						},
						"mob.pool_float_0.death": {
							"category": "neutral",
							"sounds": [
								"sounds/mob/pool_float_0/death"
							]
						},
						"mob.pool_float_0.hurt": {
							"category": "neutral",
							"sounds": [
								"sounds/mob/pool_float_0/hurt1",
								"sounds/mob/pool_float_0/hurt2",
								"sounds/mob/pool_float_0/hurt3",
								"sounds/mob/pool_float_0/hurt4"
							]
						},
						"mob.pool_float_0.idle": {
							"category": "neutral",
							"sounds": [
								"sounds/mob/pool_float_0/idle1",
								"sounds/mob/pool_float_0/idle2",
								"sounds/mob/pool_float_0/idle3",
								"sounds/mob/pool_float_0/idle4"
							]
						},
						"mob.pool_float_0.takeoff": {
							"category": "neutral",
							"sounds": [
								"sounds/mob/pool_float_0/takeoff"
							]
						},
						"mob.pool_float_1.death": {
							"category": "neutral",
							"sounds": [
								"sounds/mob/pool_float_1/death"
							]
						},
						"mob.pool_float_1.hurt": {
							"category": "neutral",
							"sounds": [
								"sounds/mob/pool_float_1/hurt1",
								"sounds/mob/pool_float_1/hurt2",
								"sounds/mob/pool_float_1/hurt3",
								"sounds/mob/pool_float_1/hurt4"
							]
						},
						"mob.pool_float_1.idle": {
							"category": "neutral",
							"sounds": [
								"sounds/mob/pool_float_1/idle1",
								"sounds/mob/pool_float_1/idle2",
								"sounds/mob/pool_float_1/idle3",
								"sounds/mob/pool_float_1/idle4"
							]
						},
						"mob.pool_float_1.takeoff": {
							"category": "neutral",
							"sounds": [
								"sounds/mob/pool_float_1/takeoff"
							]
						},
						"mob.pool_float_2.death": {
							"category": "neutral",
							"sounds": [
								"sounds/mob/pool_float_2/death"
							]
						},
						"mob.pool_float_2.hurt": {
							"category": "neutral",
							"sounds": [
								"sounds/mob/pool_float_2/hurt1",
								"sounds/mob/pool_float_2/hurt2",
								"sounds/mob/pool_float_2/hurt3",
								"sounds/mob/pool_float_2/hurt4"
							]
						},
						"mob.pool_float_2.idle": {
							"category": "neutral",
							"sounds": [
								"sounds/mob/pool_float_2/idle1",
								"sounds/mob/pool_float_2/idle2",
								"sounds/mob/pool_float_2/idle3",
								"sounds/mob/pool_float_2/idle4"
							]
						},
						"mob.pool_float_2.takeoff": {
							"category": "neutral",
							"sounds": [
								"sounds/mob/pool_float_2/takeoff"
							]
						},
						"mob.pool_float_3.death": {
							"category": "neutral",
							"sounds": [
								"sounds/mob/pool_float_3/death"
							]
						},
						"mob.pool_float_3.hurt": {
							"category": "neutral",
							"sounds": [
								"sounds/mob/pool_float_3/hurt1",
								"sounds/mob/pool_float_3/hurt2",
								"sounds/mob/pool_float_3/hurt3",
								"sounds/mob/pool_float_3/hurt4"
							]
						},
						"mob.pool_float_3.idle": {
							"category": "neutral",
							"sounds": [
								"sounds/mob/pool_float_3/idle1",
								"sounds/mob/pool_float_3/idle2",
								"sounds/mob/pool_float_3/idle3",
								"sounds/mob/pool_float_3/idle4"
							]
						},
						"mob.pool_float_3.takeoff": {
							"category": "neutral",
							"sounds": [
								"sounds/mob/pool_float_3/takeoff"
							]
						},
						"mob.pool_duck_float.death": {
							"category": "neutral",
							"sounds": [
								"sounds/mob/pool_duck_float/death"
							]
						},
						"mob.pool_duck_float.hurt": {
							"category": "neutral",
							"sounds": [
								"sounds/mob/pool_duck_float/hurt1",
								"sounds/mob/pool_duck_float/hurt2",
								"sounds/mob/pool_duck_float/hurt3",
								"sounds/mob/pool_duck_float/hurt4"
							]
						},
						"mob.pool_duck_float.idle": {
							"category": "neutral",
							"sounds": [
								"sounds/mob/pool_duck_float/idle1",
								"sounds/mob/pool_duck_float/idle2",
								"sounds/mob/pool_duck_float/idle3",
								"sounds/mob/pool_duck_float/idle4"
							]
						},
						"mob.pool_duck_float.takeoff": {
							"category": "neutral",
							"sounds": [
								"sounds/mob/pool_duck_float/takeoff"
							]
						},
						"deco.toaster_up": {
							"category": "neutral",
							"sounds": [
								"sounds/random/toaster_up"
							]
						},
						"deco.toaster_down": {
							"category": "neutral",
							"sounds": [
								"sounds/random/toaster_down"
							]
						},
						"deco.blinds": {
							"category": "neutral",
							"sounds": [
								"sounds/random/blind0",
								"sounds/random/blind1",
								"sounds/random/blind2"
							]
						},
						"deco.oven_open": {
							"category": "neutral",
							"sounds": [
								"sounds/oven/open"
							]
						},
						"deco.oven_close": {
							"category": "neutral",
							"sounds": [
								"sounds/oven/close"
							]
						},
						"deco.oven_bell": {
							"category": "neutral",
							"sounds": [
								"sounds/oven/bell"
							]
						}
					}
				},
				"key": "sound_definitions",
				"children": [
					{
						"key": "deco.doorbell_0",
						"is_minified": true,
						"children": {
							"category": "neutral",
							"sounds": [
								"sounds/random/doorbell_0"
							]
						}
					},
					{
						"key": "mob.pool_float_0.death",
						"is_minified": true,
						"children": {
							"category": "neutral",
							"sounds": [
								"sounds/mob/pool_float_0/death"
							]
						}
					},
					{
						"key": "mob.pool_float_0.hurt",
						"is_minified": true,
						"children": {
							"category": "neutral",
							"sounds": [
								"sounds/mob/pool_float_0/hurt1",
								"sounds/mob/pool_float_0/hurt2",
								"sounds/mob/pool_float_0/hurt3",
								"sounds/mob/pool_float_0/hurt4"
							]
						}
					},
					{
						"key": "mob.pool_float_0.idle",
						"is_minified": true,
						"children": {
							"category": "neutral",
							"sounds": [
								"sounds/mob/pool_float_0/idle1",
								"sounds/mob/pool_float_0/idle2",
								"sounds/mob/pool_float_0/idle3",
								"sounds/mob/pool_float_0/idle4"
							]
						}
					},
					{
						"key": "mob.pool_float_0.takeoff",
						"is_minified": true,
						"children": {
							"category": "neutral",
							"sounds": [
								"sounds/mob/pool_float_0/takeoff"
							]
						}
					},
					{
						"key": "mob.pool_float_1.death",
						"is_minified": true,
						"children": {
							"category": "neutral",
							"sounds": [
								"sounds/mob/pool_float_1/death"
							]
						}
					},
					{
						"key": "mob.pool_float_1.hurt",
						"is_minified": true,
						"children": {
							"category": "neutral",
							"sounds": [
								"sounds/mob/pool_float_1/hurt1",
								"sounds/mob/pool_float_1/hurt2",
								"sounds/mob/pool_float_1/hurt3",
								"sounds/mob/pool_float_1/hurt4"
							]
						}
					},
					{
						"key": "mob.pool_float_1.idle",
						"is_minified": true,
						"children": {
							"category": "neutral",
							"sounds": [
								"sounds/mob/pool_float_1/idle1",
								"sounds/mob/pool_float_1/idle2",
								"sounds/mob/pool_float_1/idle3",
								"sounds/mob/pool_float_1/idle4"
							]
						}
					},
					{
						"key": "mob.pool_float_1.takeoff",
						"is_minified": true,
						"children": {
							"category": "neutral",
							"sounds": [
								"sounds/mob/pool_float_1/takeoff"
							]
						}
					},
					{
						"key": "mob.pool_float_2.death",
						"is_minified": true,
						"children": {
							"category": "neutral",
							"sounds": [
								"sounds/mob/pool_float_2/death"
							]
						}
					},
					{
						"key": "mob.pool_float_2.hurt",
						"is_minified": true,
						"children": {
							"category": "neutral",
							"sounds": [
								"sounds/mob/pool_float_2/hurt1",
								"sounds/mob/pool_float_2/hurt2",
								"sounds/mob/pool_float_2/hurt3",
								"sounds/mob/pool_float_2/hurt4"
							]
						}
					},
					{
						"key": "mob.pool_float_2.idle",
						"is_minified": true,
						"children": {
							"category": "neutral",
							"sounds": [
								"sounds/mob/pool_float_2/idle1",
								"sounds/mob/pool_float_2/idle2",
								"sounds/mob/pool_float_2/idle3",
								"sounds/mob/pool_float_2/idle4"
							]
						}
					},
					{
						"key": "mob.pool_float_2.takeoff",
						"is_minified": true,
						"children": {
							"category": "neutral",
							"sounds": [
								"sounds/mob/pool_float_2/takeoff"
							]
						}
					},
					{
						"key": "mob.pool_float_3.death",
						"is_minified": true,
						"children": {
							"category": "neutral",
							"sounds": [
								"sounds/mob/pool_float_3/death"
							]
						}
					},
					{
						"key": "mob.pool_float_3.hurt",
						"is_minified": true,
						"children": {
							"category": "neutral",
							"sounds": [
								"sounds/mob/pool_float_3/hurt1",
								"sounds/mob/pool_float_3/hurt2",
								"sounds/mob/pool_float_3/hurt3",
								"sounds/mob/pool_float_3/hurt4"
							]
						}
					},
					{
						"key": "mob.pool_float_3.idle",
						"is_minified": true,
						"children": {
							"category": "neutral",
							"sounds": [
								"sounds/mob/pool_float_3/idle1",
								"sounds/mob/pool_float_3/idle2",
								"sounds/mob/pool_float_3/idle3",
								"sounds/mob/pool_float_3/idle4"
							]
						}
					},
					{
						"key": "mob.pool_float_3.takeoff",
						"is_minified": true,
						"children": {
							"category": "neutral",
							"sounds": [
								"sounds/mob/pool_float_3/takeoff"
							]
						}
					},
					{
						"key": "mob.pool_duck_float.death",
						"is_minified": true,
						"children": {
							"category": "neutral",
							"sounds": [
								"sounds/mob/pool_duck_float/death"
							]
						}
					},
					{
						"key": "mob.pool_duck_float.hurt",
						"is_minified": true,
						"children": {
							"category": "neutral",
							"sounds": [
								"sounds/mob/pool_duck_float/hurt1",
								"sounds/mob/pool_duck_float/hurt2",
								"sounds/mob/pool_duck_float/hurt3",
								"sounds/mob/pool_duck_float/hurt4"
							]
						}
					},
					{
						"key": "mob.pool_duck_float.idle",
						"is_minified": true,
						"children": {
							"category": "neutral",
							"sounds": [
								"sounds/mob/pool_duck_float/idle1",
								"sounds/mob/pool_duck_float/idle2",
								"sounds/mob/pool_duck_float/idle3",
								"sounds/mob/pool_duck_float/idle4"
							]
						}
					},
					{
						"key": "mob.pool_duck_float.takeoff",
						"is_minified": true,
						"children": {
							"category": "neutral",
							"sounds": [
								"sounds/mob/pool_duck_float/takeoff"
							]
						}
					},
					{
						"key": "deco.toaster_up",
						"is_minified": true,
						"children": {
							"category": "neutral",
							"sounds": [
								"sounds/random/toaster_up"
							]
						}
					},
					{
						"key": "deco.toaster_down",
						"is_minified": true,
						"children": {
							"category": "neutral",
							"sounds": [
								"sounds/random/toaster_down"
							]
						}
					},
					{
						"key": "deco.blinds",
						"is_minified": true,
						"children": {
							"category": "neutral",
							"sounds": [
								"sounds/random/blind0",
								"sounds/random/blind1",
								"sounds/random/blind2"
							]
						}
					},
					{
						"key": "deco.oven_open",
						"children": [
							{
								"data": "neutral",
								"key": "category"
							},
							{
								"open": {
									"category": "neutral",
									"sounds": [
										"sounds/oven/open"
									]
								},
								"key": "sounds",
								"is_minified": true,
								"children": [
									"sounds/oven/open"
								]
							}
						]
					},
					{
						"key": "deco.oven_close",
						"children": [
							{
								"data": "neutral",
								"key": "category"
							},
							{
								"open": {
									"category": "neutral",
									"sounds": [
										"sounds/oven/close"
									]
								},
								"key": "sounds",
								"is_minified": true,
								"children": [
									"sounds/oven/close"
								]
							}
						]
					},
					{
						"open": {
							"deco.doorbell_0": {
								"category": "neutral",
								"sounds": [
									"sounds/random/doorbell_0"
								]
							},
							"mob.pool_float_0.death": {
								"category": "neutral",
								"sounds": [
									"sounds/mob/pool_float_0/death"
								]
							},
							"mob.pool_float_0.hurt": {
								"category": "neutral",
								"sounds": [
									"sounds/mob/pool_float_0/hurt1",
									"sounds/mob/pool_float_0/hurt2",
									"sounds/mob/pool_float_0/hurt3",
									"sounds/mob/pool_float_0/hurt4"
								]
							},
							"mob.pool_float_0.idle": {
								"category": "neutral",
								"sounds": [
									"sounds/mob/pool_float_0/idle1",
									"sounds/mob/pool_float_0/idle2",
									"sounds/mob/pool_float_0/idle3",
									"sounds/mob/pool_float_0/idle4"
								]
							},
							"mob.pool_float_0.takeoff": {
								"category": "neutral",
								"sounds": [
									"sounds/mob/pool_float_0/takeoff"
								]
							},
							"mob.pool_float_1.death": {
								"category": "neutral",
								"sounds": [
									"sounds/mob/pool_float_1/death"
								]
							},
							"mob.pool_float_1.hurt": {
								"category": "neutral",
								"sounds": [
									"sounds/mob/pool_float_1/hurt1",
									"sounds/mob/pool_float_1/hurt2",
									"sounds/mob/pool_float_1/hurt3",
									"sounds/mob/pool_float_1/hurt4"
								]
							},
							"mob.pool_float_1.idle": {
								"category": "neutral",
								"sounds": [
									"sounds/mob/pool_float_1/idle1",
									"sounds/mob/pool_float_1/idle2",
									"sounds/mob/pool_float_1/idle3",
									"sounds/mob/pool_float_1/idle4"
								]
							},
							"mob.pool_float_1.takeoff": {
								"category": "neutral",
								"sounds": [
									"sounds/mob/pool_float_1/takeoff"
								]
							},
							"mob.pool_float_2.death": {
								"category": "neutral",
								"sounds": [
									"sounds/mob/pool_float_2/death"
								]
							},
							"mob.pool_float_2.hurt": {
								"category": "neutral",
								"sounds": [
									"sounds/mob/pool_float_2/hurt1",
									"sounds/mob/pool_float_2/hurt2",
									"sounds/mob/pool_float_2/hurt3",
									"sounds/mob/pool_float_2/hurt4"
								]
							},
							"mob.pool_float_2.idle": {
								"category": "neutral",
								"sounds": [
									"sounds/mob/pool_float_2/idle1",
									"sounds/mob/pool_float_2/idle2",
									"sounds/mob/pool_float_2/idle3",
									"sounds/mob/pool_float_2/idle4"
								]
							},
							"mob.pool_float_2.takeoff": {
								"category": "neutral",
								"sounds": [
									"sounds/mob/pool_float_2/takeoff"
								]
							},
							"mob.pool_float_3.death": {
								"category": "neutral",
								"sounds": [
									"sounds/mob/pool_float_3/death"
								]
							},
							"mob.pool_float_3.hurt": {
								"category": "neutral",
								"sounds": [
									"sounds/mob/pool_float_3/hurt1",
									"sounds/mob/pool_float_3/hurt2",
									"sounds/mob/pool_float_3/hurt3",
									"sounds/mob/pool_float_3/hurt4"
								]
							},
							"mob.pool_float_3.idle": {
								"category": "neutral",
								"sounds": [
									"sounds/mob/pool_float_3/idle1",
									"sounds/mob/pool_float_3/idle2",
									"sounds/mob/pool_float_3/idle3",
									"sounds/mob/pool_float_3/idle4"
								]
							},
							"mob.pool_float_3.takeoff": {
								"category": "neutral",
								"sounds": [
									"sounds/mob/pool_float_3/takeoff"
								]
							},
							"mob.pool_duck_float.death": {
								"category": "neutral",
								"sounds": [
									"sounds/mob/pool_duck_float/death"
								]
							},
							"mob.pool_duck_float.hurt": {
								"category": "neutral",
								"sounds": [
									"sounds/mob/pool_duck_float/hurt1",
									"sounds/mob/pool_duck_float/hurt2",
									"sounds/mob/pool_duck_float/hurt3",
									"sounds/mob/pool_duck_float/hurt4"
								]
							},
							"mob.pool_duck_float.idle": {
								"category": "neutral",
								"sounds": [
									"sounds/mob/pool_duck_float/idle1",
									"sounds/mob/pool_duck_float/idle2",
									"sounds/mob/pool_duck_float/idle3",
									"sounds/mob/pool_duck_float/idle4"
								]
							},
							"mob.pool_duck_float.takeoff": {
								"category": "neutral",
								"sounds": [
									"sounds/mob/pool_duck_float/takeoff"
								]
							},
							"deco.toaster_up": {
								"category": "neutral",
								"sounds": [
									"sounds/random/toaster_up"
								]
							},
							"deco.toaster_down": {
								"category": "neutral",
								"sounds": [
									"sounds/random/toaster_down"
								]
							},
							"deco.blinds": {
								"category": "neutral",
								"sounds": [
									"sounds/random/blind0",
									"sounds/random/blind1",
									"sounds/random/blind2"
								]
							},
							"deco.oven_open": {
								"category": "neutral",
								"sounds": [
									"sounds/oven/open"
								]
							},
							"deco.oven_close": {
								"category": "neutral",
								"sounds": [
									"sounds/oven/close"
								]
							},
							"deco.oven_bell": {
								"category": "neutral",
								"sounds": [
									"sounds/oven/bell"
								]
							}
						},
						"key": "deco.oven_bell",
						"children": [
							{
								"data": "neutral",
								"key": "category"
							},
							{
								"open": {
									"category": "neutral",
									"sounds": [
										"sounds/oven/bell"
									]
								},
								"key": "sounds",
								"is_minified": true,
								"children": [
									"sounds/oven/bell"
								]
							}
						]
					}
				]
			}
		]
	}
}