{
	"file_path": "C:\\Users\\chupi\\AppData\\Local\\Packages\\Microsoft.MinecraftUWP_8wekyb3d8bbwe\\LocalState\\games\\com.mojang\\development_resource_packs\\ModernDeco\\textures\\flipbook_textures.json",
	"file_type": "flipbook_texture",
	"format_version": 1,
	"file_uuid": "aefa2f50_0217_4660_8d28_a7a4005e8880",
	"file_version": 1,
	"cache_content": {
		"children": [
			{
				"open": [
					{
						"flipbook_texture": "textures/blocks/led_light_0",
						"atlas_tile": "mc_led_light_0",
						"ticks_per_frame": 2
					},
					{
						"flipbook_texture": "textures/blocks/brazier",
						"atlas_tile": "mc_brazier",
						"ticks_per_frame": 2
					}
				],
				"is_minified": true,
				"children": {
					"flipbook_texture": "textures/blocks/led_light_0",
					"atlas_tile": "mc_led_light_0",
					"ticks_per_frame": 2
				}
			},
			{
				"open": [
					{
						"flipbook_texture": "textures/blocks/led_light_0",
						"atlas_tile": "mc_led_light_0",
						"ticks_per_frame": 2
					},
					{
						"flipbook_texture": "textures/blocks/brazier",
						"atlas_tile": "mc_brazier",
						"ticks_per_frame": 2
					}
				],
				"is_minified": true,
				"children": {
					"flipbook_texture": "textures/blocks/brazier",
					"atlas_tile": "mc_brazier",
					"ticks_per_frame": 2
				}
			}
		]
	}
}