{
	"file_path": "C:\\Users\\chupi\\AppData\\Local\\Packages\\Microsoft.MinecraftUWP_8wekyb3d8bbwe\\LocalState\\games\\com.mojang\\development_resource_packs\\ModernDeco\\textures\\item_texture.json",
	"file_type": "item_texture",
	"format_version": 1,
	"file_uuid": "1c30a2ed_fe92_4a55_a690_62b7efffbd36",
	"file_version": 1,
	"cache_content": {
		"children": [
			{
				"data": "bridgeRP",
				"key": "resource_pack_name"
			},
			{
				"data": "atlas.items",
				"key": "texture_name"
			},
			{
				"open": {
					"resource_pack_name": "bridgeRP",
					"texture_name": "atlas.items",
					"texture_data": {
						"mc_creeper_plushy_item": {
							"textures": "textures/items/creeper_plushy_item"
						},
						"mc_key_0": {
							"textures": "textures/items/key_0"
						},
						"mc_key_1": {
							"textures": "textures/items/key_1"
						},
						"mc_key_2": {
							"textures": "textures/items/key_2"
						},
						"mc_key_3": {
							"textures": "textures/items/key_3"
						},
						"mc_key_4": {
							"textures": "textures/items/key_4"
						},
						"pool_float": {
							"textures": [
								"textures/items/pool_float_0",
								"textures/items/pool_float_1",
								"textures/items/pool_float_2",
								"textures/items/pool_float_3",
								"textures/items/pool_float_4"
							]
						},
						"mc_organic_plastic": {
							"textures": "textures/items/organic_plastic"
						},
						"mc_cutted_bread": {
							"textures": "textures/items/cutted_bread"
						},
						"mc_toasted_cutted_bread": {
							"textures": "textures/items/toasted_cutted_bread"
						},
						"furniture_trader": {
							"textures": [
								"textures/items/furniture_trader"
							]
						},
						"mc_dollar": {
							"textures": "textures/items/dollar"
						},
						"mc_empty_cup": {
							"textures": "textures/items/empty_cup"
						},
						"mc_hanging_plant_0": {
							"textures": "textures/items/hanging_plant_0"
						},
						"mc_tablecloth_0": {
							"textures": "textures/items/tablecloth_0"
						},
						"mc_tablecloth_1": {
							"textures": "textures/items/tablecloth_1"
						},
						"mc_tablecloth_2": {
							"textures": "textures/items/tablecloth_2"
						},
						"mc_brim_straw_helmet": {
							"textures": [
								"textures/items/brim_straw_helmet"
							]
						},
						"skylantern": {
							"textures": [
								"textures/items/skylantern"
							]
						}
					}
				},
				"key": "texture_data",
				"children": [
					{
						"key": "mc_creeper_plushy_item",
						"is_minified": true,
						"children": {
							"textures": "textures/items/creeper_plushy_item"
						}
					},
					{
						"key": "mc_key_0",
						"is_minified": true,
						"children": {
							"textures": "textures/items/key_0"
						}
					},
					{
						"key": "mc_key_1",
						"is_minified": true,
						"children": {
							"textures": "textures/items/key_1"
						}
					},
					{
						"key": "mc_key_2",
						"is_minified": true,
						"children": {
							"textures": "textures/items/key_2"
						}
					},
					{
						"key": "mc_key_3",
						"is_minified": true,
						"children": {
							"textures": "textures/items/key_3"
						}
					},
					{
						"key": "mc_key_4",
						"is_minified": true,
						"children": {
							"textures": "textures/items/key_4"
						}
					},
					{
						"key": "pool_float",
						"is_minified": true,
						"children": {
							"textures": [
								"textures/items/pool_float_0",
								"textures/items/pool_float_1",
								"textures/items/pool_float_2",
								"textures/items/pool_float_3",
								"textures/items/pool_float_4"
							]
						}
					},
					{
						"key": "mc_organic_plastic",
						"is_minified": true,
						"children": {
							"textures": "textures/items/organic_plastic"
						}
					},
					{
						"key": "mc_cutted_bread",
						"is_minified": true,
						"children": {
							"textures": "textures/items/cutted_bread"
						}
					},
					{
						"key": "mc_toasted_cutted_bread",
						"is_minified": true,
						"children": {
							"textures": "textures/items/toasted_cutted_bread"
						}
					},
					{
						"key": "furniture_trader",
						"is_minified": true,
						"children": {
							"textures": [
								"textures/items/furniture_trader"
							]
						}
					},
					{
						"key": "mc_dollar",
						"is_minified": true,
						"children": {
							"textures": "textures/items/dollar"
						}
					},
					{
						"key": "mc_empty_cup",
						"is_minified": true,
						"children": {
							"textures": "textures/items/empty_cup"
						}
					},
					{
						"key": "mc_hanging_plant_0",
						"is_minified": true,
						"children": {
							"textures": "textures/items/hanging_plant_0"
						}
					},
					{
						"key": "mc_tablecloth_0",
						"is_minified": true,
						"children": {
							"textures": "textures/items/tablecloth_0"
						}
					},
					{
						"key": "mc_tablecloth_1",
						"is_minified": true,
						"children": {
							"textures": "textures/items/tablecloth_1"
						}
					},
					{
						"key": "mc_tablecloth_2",
						"is_minified": true,
						"children": {
							"textures": "textures/items/tablecloth_2"
						}
					},
					{
						"key": "mc_brim_straw_helmet",
						"is_minified": true,
						"children": {
							"textures": [
								"textures/items/brim_straw_helmet"
							]
						}
					},
					{
						"open": {
							"mc_creeper_plushy_item": {
								"textures": "textures/items/creeper_plushy_item"
							},
							"mc_key_0": {
								"textures": "textures/items/key_0"
							},
							"mc_key_1": {
								"textures": "textures/items/key_1"
							},
							"mc_key_2": {
								"textures": "textures/items/key_2"
							},
							"mc_key_3": {
								"textures": "textures/items/key_3"
							},
							"mc_key_4": {
								"textures": "textures/items/key_4"
							},
							"pool_float": {
								"textures": [
									"textures/items/pool_float_0",
									"textures/items/pool_float_1",
									"textures/items/pool_float_2",
									"textures/items/pool_float_3",
									"textures/items/pool_float_4"
								]
							},
							"mc_organic_plastic": {
								"textures": "textures/items/organic_plastic"
							},
							"mc_cutted_bread": {
								"textures": "textures/items/cutted_bread"
							},
							"mc_toasted_cutted_bread": {
								"textures": "textures/items/toasted_cutted_bread"
							},
							"furniture_trader": {
								"textures": [
									"textures/items/furniture_trader"
								]
							},
							"mc_dollar": {
								"textures": "textures/items/dollar"
							},
							"mc_empty_cup": {
								"textures": "textures/items/empty_cup"
							},
							"mc_hanging_plant_0": {
								"textures": "textures/items/hanging_plant_0"
							},
							"mc_tablecloth_0": {
								"textures": "textures/items/tablecloth_0"
							},
							"mc_tablecloth_1": {
								"textures": "textures/items/tablecloth_1"
							},
							"mc_tablecloth_2": {
								"textures": "textures/items/tablecloth_2"
							},
							"mc_brim_straw_helmet": {
								"textures": [
									"textures/items/brim_straw_helmet"
								]
							},
							"skylantern": {
								"textures": [
									"textures/items/skylantern"
								]
							}
						},
						"key": "skylantern",
						"children": [
							{
								"open": {
									"textures": [
										"textures/items/skylantern"
									]
								},
								"key": "textures",
								"is_minified": true,
								"children": [
									"textures/items/skylantern"
								]
							}
						]
					}
				]
			}
		]
	}
}