{
	"file_path": "C:\\Users\\chupi\\AppData\\Local\\Packages\\Microsoft.MinecraftUWP_8wekyb3d8bbwe\\LocalState\\games\\com.mojang\\development_behavior_packs\\ModernDecoration\\blocks\\kitchen\\empty_plate.json",
	"file_type": "block",
	"format_version": 1,
	"file_uuid": "8849babd_ea89_422b_8a05_3e2e4fb5e24d",
	"file_version": 125,
	"cache_content": {
		"children": [
			{
				"data": "1.16.0",
				"key": "format_version"
			},
			{
				"open": {
					"format_version": "1.16.0",
					"minecraft:block": {
						"description": {
							"identifier": "mc:empty_plate",
							"is_experimental": true,
							"properties": {
								"decor:face": [
									0,
									1,
									2,
									3
								],
								"plate:food": [
									0,
									1,
									2,
									3,
									4,
									5,
									6,
									7,
									8
								]
							}
						},
						"components": {
							"minecraft:geometry": "geometry.empty_plate",
							"minecraft:material_instances": {
								"*": {
									"texture": "mc_empty_plate",
									"render_method": "alpha_test",
									"ambient_occlusion": true
								}
							},
							"minecraft:destroy_time": 0.2,
							"minecraft:explosion_resistance": 1,
							"minecraft:block_light_emission": 0,
							"minecraft:block_light_absorption": 0,
							"minecraft:pick_collision": {
								"origin": [
									-6,
									0,
									-6
								],
								"size": [
									12,
									2,
									12
								]
							},
							"minecraft:on_player_placing": {
								"event": "decor:face"
							},
							"minecraft:entity_collision": {
								"origin": [
									-8,
									0,
									-8
								],
								"size": [
									0,
									0,
									0
								]
							},
							"minecraft:on_interact": {
								"event": "plate:set_food"
							},
							"minecraft:creative_category": {
								"category": "construction"
							}
						},
						"permutations": [
							{
								"condition": "query.block_property('decor:face') == 0",
								"components": {
									"minecraft:rotation": [
										0,
										180,
										0
									]
								}
							},
							{
								"condition": "query.block_property('decor:face') == 1",
								"components": {
									"minecraft:rotation": [
										0,
										0,
										0
									]
								}
							},
							{
								"condition": "query.block_property('decor:face') == 2",
								"components": {
									"minecraft:rotation": [
										0,
										270,
										0
									]
								}
							},
							{
								"condition": "query.block_property('decor:face') == 3",
								"components": {
									"minecraft:rotation": [
										0,
										90,
										0
									]
								}
							},
							{
								"condition": "query.block_property('plate:food') == 1",
								"components": {
									"minecraft:material_instances": {
										"*": {
											"texture": "apple_plate",
											"render_method": "alpha_test"
										}
									}
								}
							},
							{
								"condition": "query.block_property('plate:food') == 2",
								"components": {
									"minecraft:material_instances": {
										"*": {
											"texture": "cookie_plate",
											"render_method": "alpha_test"
										}
									}
								}
							},
							{
								"condition": "query.block_property('plate:food') == 3",
								"components": {
									"minecraft:material_instances": {
										"*": {
											"texture": "chicken_plate",
											"render_method": "alpha_test"
										}
									}
								}
							},
							{
								"condition": "query.block_property('plate:food') == 4",
								"components": {
									"minecraft:material_instances": {
										"*": {
											"texture": "beef_plate",
											"render_method": "alpha_test"
										}
									}
								}
							},
							{
								"condition": "query.block_property('plate:food') == 5",
								"components": {
									"minecraft:material_instances": {
										"*": {
											"texture": "porkchop_plate",
											"render_method": "alpha_test"
										}
									}
								}
							},
							{
								"condition": "query.block_property('plate:food') == 6",
								"components": {
									"minecraft:material_instances": {
										"*": {
											"texture": "mutton_plate",
											"render_method": "alpha_test"
										}
									}
								}
							},
							{
								"condition": "query.block_property('plate:food') == 7",
								"components": {
									"minecraft:material_instances": {
										"*": {
											"texture": "rabbit_plate",
											"render_method": "alpha_test"
										}
									}
								}
							},
							{
								"condition": "query.block_property('plate:food') == 8",
								"components": {
									"minecraft:material_instances": {
										"*": {
											"texture": "fish_plate",
											"render_method": "alpha_test"
										}
									}
								}
							},
							{
								"condition": "query.block_property('plate:food') == 0",
								"components": {
									"minecraft:material_instances": {
										"*": {
											"texture": "mc_empty_plate",
											"render_method": "alpha_test"
										}
									}
								}
							}
						],
						"events": {
							"decor:face": {
								"set_block_property": {
									"decor:face": "query.cardinal_facing_2d-2"
								}
							},
							"plate:set_food": {
								"set_block_property": {
									"plate:food": "query.get_equipped_item_name=='apple' ? 1 : (query.get_equipped_item_name=='cooked_chicken' ? 3 : (query.get_equipped_item_name=='cooked_beef'?4:(query.get_equipped_item_name=='cooked_porkchop'?5:(query.get_equipped_item_name=='cooked_mutton'?6:(query.get_equipped_item_name=='cooked_rabbit'?7:(query.get_equipped_item_name=='cooked_cod'?8:(query.get_equipped_item_name=='apple'?2:0)))))))"
								},
								"run_command": {
									"command": [
										"playsound block.itemframe.add_item @p ~~~ 1 1"
									]
								},
								"decrement_stack": {}
							}
						}
					}
				},
				"key": "minecraft:block",
				"children": [
					{
						"key": "description",
						"is_minified": true,
						"children": {
							"identifier": "mc:empty_plate",
							"is_experimental": true,
							"properties": {
								"decor:face": [
									0,
									1,
									2,
									3
								],
								"plate:food": [
									0,
									1,
									2,
									3,
									4,
									5,
									6,
									7,
									8
								]
							}
						}
					},
					{
						"open": {
							"description": {
								"identifier": "mc:empty_plate",
								"is_experimental": true,
								"properties": {
									"decor:face": [
										0,
										1,
										2,
										3
									],
									"plate:food": [
										0,
										1,
										2,
										3,
										4,
										5,
										6,
										7,
										8
									]
								}
							},
							"components": {
								"minecraft:geometry": "geometry.empty_plate",
								"minecraft:material_instances": {
									"*": {
										"texture": "mc_empty_plate",
										"render_method": "alpha_test",
										"ambient_occlusion": true
									}
								},
								"minecraft:destroy_time": 0.2,
								"minecraft:explosion_resistance": 1,
								"minecraft:block_light_emission": 0,
								"minecraft:block_light_absorption": 0,
								"minecraft:pick_collision": {
									"origin": [
										-6,
										0,
										-6
									],
									"size": [
										12,
										2,
										12
									]
								},
								"minecraft:on_player_placing": {
									"event": "decor:face"
								},
								"minecraft:entity_collision": {
									"origin": [
										-8,
										0,
										-8
									],
									"size": [
										0,
										0,
										0
									]
								},
								"minecraft:on_interact": {
									"event": "plate:set_food"
								},
								"minecraft:creative_category": {
									"category": "construction"
								}
							},
							"permutations": [
								{
									"condition": "query.block_property('decor:face') == 0",
									"components": {
										"minecraft:rotation": [
											0,
											180,
											0
										]
									}
								},
								{
									"condition": "query.block_property('decor:face') == 1",
									"components": {
										"minecraft:rotation": [
											0,
											0,
											0
										]
									}
								},
								{
									"condition": "query.block_property('decor:face') == 2",
									"components": {
										"minecraft:rotation": [
											0,
											270,
											0
										]
									}
								},
								{
									"condition": "query.block_property('decor:face') == 3",
									"components": {
										"minecraft:rotation": [
											0,
											90,
											0
										]
									}
								},
								{
									"condition": "query.block_property('plate:food') == 1",
									"components": {
										"minecraft:material_instances": {
											"*": {
												"texture": "apple_plate",
												"render_method": "alpha_test"
											}
										}
									}
								},
								{
									"condition": "query.block_property('plate:food') == 2",
									"components": {
										"minecraft:material_instances": {
											"*": {
												"texture": "cookie_plate",
												"render_method": "alpha_test"
											}
										}
									}
								},
								{
									"condition": "query.block_property('plate:food') == 3",
									"components": {
										"minecraft:material_instances": {
											"*": {
												"texture": "chicken_plate",
												"render_method": "alpha_test"
											}
										}
									}
								},
								{
									"condition": "query.block_property('plate:food') == 4",
									"components": {
										"minecraft:material_instances": {
											"*": {
												"texture": "beef_plate",
												"render_method": "alpha_test"
											}
										}
									}
								},
								{
									"condition": "query.block_property('plate:food') == 5",
									"components": {
										"minecraft:material_instances": {
											"*": {
												"texture": "porkchop_plate",
												"render_method": "alpha_test"
											}
										}
									}
								},
								{
									"condition": "query.block_property('plate:food') == 6",
									"components": {
										"minecraft:material_instances": {
											"*": {
												"texture": "mutton_plate",
												"render_method": "alpha_test"
											}
										}
									}
								},
								{
									"condition": "query.block_property('plate:food') == 7",
									"components": {
										"minecraft:material_instances": {
											"*": {
												"texture": "rabbit_plate",
												"render_method": "alpha_test"
											}
										}
									}
								},
								{
									"condition": "query.block_property('plate:food') == 8",
									"components": {
										"minecraft:material_instances": {
											"*": {
												"texture": "fish_plate",
												"render_method": "alpha_test"
											}
										}
									}
								},
								{
									"condition": "query.block_property('plate:food') == 0",
									"components": {
										"minecraft:material_instances": {
											"*": {
												"texture": "mc_empty_plate",
												"render_method": "alpha_test"
											}
										}
									}
								}
							],
							"events": {
								"decor:face": {
									"set_block_property": {
										"decor:face": "query.cardinal_facing_2d-2"
									}
								},
								"plate:set_food": {
									"set_block_property": {
										"plate:food": "query.get_equipped_item_name=='apple' ? 1 : (query.get_equipped_item_name=='cooked_chicken' ? 3 : (query.get_equipped_item_name=='cooked_beef'?4:(query.get_equipped_item_name=='cooked_porkchop'?5:(query.get_equipped_item_name=='cooked_mutton'?6:(query.get_equipped_item_name=='cooked_rabbit'?7:(query.get_equipped_item_name=='cooked_cod'?8:(query.get_equipped_item_name=='apple'?2:0)))))))"
									},
									"run_command": {
										"command": [
											"playsound block.itemframe.add_item @p ~~~ 1 1"
										]
									},
									"decrement_stack": {}
								}
							}
						},
						"key": "components",
						"is_minified": true,
						"children": {
							"minecraft:geometry": "geometry.empty_plate",
							"minecraft:material_instances": {
								"*": {
									"texture": "mc_empty_plate",
									"render_method": "alpha_test",
									"ambient_occlusion": true
								}
							},
							"minecraft:destroy_time": 0.2,
							"minecraft:explosion_resistance": 1,
							"minecraft:block_light_emission": 0,
							"minecraft:block_light_absorption": 0,
							"minecraft:pick_collision": {
								"origin": [
									-6,
									0,
									-6
								],
								"size": [
									12,
									2,
									12
								]
							},
							"minecraft:on_player_placing": {
								"event": "decor:face"
							},
							"minecraft:entity_collision": {
								"origin": [
									-8,
									0,
									-8
								],
								"size": [
									0,
									0,
									0
								]
							},
							"minecraft:on_interact": {
								"event": "plate:set_food"
							},
							"minecraft:creative_category": {
								"category": "construction"
							}
						}
					},
					{
						"key": "permutations",
						"is_minified": true,
						"children": [
							{
								"condition": "query.block_property('decor:face') == 0",
								"components": {
									"minecraft:rotation": [
										0,
										180,
										0
									]
								}
							},
							{
								"condition": "query.block_property('decor:face') == 1",
								"components": {
									"minecraft:rotation": [
										0,
										0,
										0
									]
								}
							},
							{
								"condition": "query.block_property('decor:face') == 2",
								"components": {
									"minecraft:rotation": [
										0,
										270,
										0
									]
								}
							},
							{
								"condition": "query.block_property('decor:face') == 3",
								"components": {
									"minecraft:rotation": [
										0,
										90,
										0
									]
								}
							},
							{
								"condition": "query.block_property('plate:food') == 1",
								"components": {
									"minecraft:material_instances": {
										"*": {
											"texture": "apple_plate",
											"render_method": "alpha_test"
										}
									}
								}
							},
							{
								"condition": "query.block_property('plate:food') == 2",
								"components": {
									"minecraft:material_instances": {
										"*": {
											"texture": "cookie_plate",
											"render_method": "alpha_test"
										}
									}
								}
							},
							{
								"condition": "query.block_property('plate:food') == 3",
								"components": {
									"minecraft:material_instances": {
										"*": {
											"texture": "chicken_plate",
											"render_method": "alpha_test"
										}
									}
								}
							},
							{
								"condition": "query.block_property('plate:food') == 4",
								"components": {
									"minecraft:material_instances": {
										"*": {
											"texture": "beef_plate",
											"render_method": "alpha_test"
										}
									}
								}
							},
							{
								"condition": "query.block_property('plate:food') == 5",
								"components": {
									"minecraft:material_instances": {
										"*": {
											"texture": "porkchop_plate",
											"render_method": "alpha_test"
										}
									}
								}
							},
							{
								"condition": "query.block_property('plate:food') == 6",
								"components": {
									"minecraft:material_instances": {
										"*": {
											"texture": "mutton_plate",
											"render_method": "alpha_test"
										}
									}
								}
							},
							{
								"condition": "query.block_property('plate:food') == 7",
								"components": {
									"minecraft:material_instances": {
										"*": {
											"texture": "rabbit_plate",
											"render_method": "alpha_test"
										}
									}
								}
							},
							{
								"condition": "query.block_property('plate:food') == 8",
								"components": {
									"minecraft:material_instances": {
										"*": {
											"texture": "fish_plate",
											"render_method": "alpha_test"
										}
									}
								}
							},
							{
								"condition": "query.block_property('plate:food') == 0",
								"components": {
									"minecraft:material_instances": {
										"*": {
											"texture": "mc_empty_plate",
											"render_method": "alpha_test"
										}
									}
								}
							}
						]
					},
					{
						"key": "events",
						"is_minified": true,
						"children": {
							"decor:face": {
								"set_block_property": {
									"decor:face": "query.cardinal_facing_2d-2"
								}
							},
							"plate:set_food": {
								"set_block_property": {
									"plate:food": "query.get_equipped_item_name=='apple' ? 1 : (query.get_equipped_item_name=='cooked_chicken' ? 3 : (query.get_equipped_item_name=='cooked_beef'?4:(query.get_equipped_item_name=='cooked_porkchop'?5:(query.get_equipped_item_name=='cooked_mutton'?6:(query.get_equipped_item_name=='cooked_rabbit'?7:(query.get_equipped_item_name=='cooked_cod'?8:(query.get_equipped_item_name=='apple'?2:0)))))))"
								},
								"run_command": {
									"command": [
										"playsound block.itemframe.add_item @p ~~~ 1 1"
									]
								},
								"decrement_stack": {}
							}
						}
					}
				]
			}
		]
	}
}