{
	"file_path": "C:\\Users\\chupi\\AppData\\Local\\Packages\\Microsoft.MinecraftUWP_8wekyb3d8bbwe\\LocalState\\games\\com.mojang\\development_behavior_packs\\ModernDecoration\\blocks\\kitchen\\glass_pot_1.json",
	"file_type": "block",
	"format_version": 1,
	"file_uuid": "5a3a307a_c733_4c48_8960_7d4fb12852a3",
	"file_version": 7,
	"cache_content": {
		"children": [
			{
				"data": "1.16.0",
				"key": "format_version"
			},
			{
				"open": {
					"format_version": "1.16.0",
					"minecraft:block": {
						"description": {
							"identifier": "mc:glass_pot_1",
							"is_experimental": false
						},
						"components": {
							"minecraft:destroy_time": 0.2,
							"minecraft:explosion_resistance": 1,
							"minecraft:block_light_absorption": 0,
							"minecraft:geometry": "geometry.glass_pot_0",
							"minecraft:material_instances": {
								"*": {
									"texture": "mc_glass_pot_1",
									"render_method": "alpha_test"
								}
							},
							"minecraft:pick_collision": {
								"origin": [
									-4,
									0,
									-4
								],
								"size": [
									8,
									12,
									8
								]
							},
							"minecraft:entity_collision": {
								"origin": [
									-4,
									0,
									-4
								],
								"size": [
									8,
									12,
									8
								]
							},
							"minecraft:creative_category": {
								"category": "construction"
							}
						}
					}
				},
				"key": "minecraft:block",
				"children": [
					{
						"open": {
							"description": {
								"identifier": "mc:glass_pot_1",
								"is_experimental": false
							},
							"components": {
								"minecraft:destroy_time": 0.2,
								"minecraft:explosion_resistance": 1,
								"minecraft:block_light_absorption": 0,
								"minecraft:geometry": "geometry.glass_pot_0",
								"minecraft:material_instances": {
									"*": {
										"texture": "mc_glass_pot_1",
										"render_method": "alpha_test"
									}
								},
								"minecraft:pick_collision": {
									"origin": [
										-4,
										0,
										-4
									],
									"size": [
										8,
										12,
										8
									]
								},
								"minecraft:entity_collision": {
									"origin": [
										-4,
										0,
										-4
									],
									"size": [
										8,
										12,
										8
									]
								},
								"minecraft:creative_category": {
									"category": "construction"
								}
							}
						},
						"key": "description",
						"is_minified": true,
						"children": {
							"identifier": "mc:glass_pot_1",
							"is_experimental": false
						}
					},
					{
						"open": {
							"description": {
								"identifier": "mc:glass_pot_1",
								"is_experimental": false
							},
							"components": {
								"minecraft:destroy_time": 0.2,
								"minecraft:explosion_resistance": 1,
								"minecraft:block_light_absorption": 0,
								"minecraft:geometry": "geometry.glass_pot_0",
								"minecraft:material_instances": {
									"*": {
										"texture": "mc_glass_pot_1",
										"render_method": "alpha_test"
									}
								},
								"minecraft:pick_collision": {
									"origin": [
										-4,
										0,
										-4
									],
									"size": [
										8,
										12,
										8
									]
								},
								"minecraft:entity_collision": {
									"origin": [
										-4,
										0,
										-4
									],
									"size": [
										8,
										12,
										8
									]
								},
								"minecraft:creative_category": {
									"category": "construction"
								}
							}
						},
						"key": "components",
						"children": [
							{
								"data": "0.2",
								"key": "minecraft:destroy_time"
							},
							{
								"data": "1",
								"key": "minecraft:explosion_resistance"
							},
							{
								"data": "0.0",
								"key": "minecraft:block_light_absorption"
							},
							{
								"open": {
									"minecraft:destroy_time": 0.2,
									"minecraft:explosion_resistance": 1,
									"minecraft:block_light_absorption": 0,
									"minecraft:geometry": "geometry.glass_pot_0",
									"minecraft:material_instances": {
										"*": {
											"texture": "mc_glass_pot_1",
											"render_method": "alpha_test"
										}
									},
									"minecraft:pick_collision": {
										"origin": [
											-4,
											0,
											-4
										],
										"size": [
											8,
											12,
											8
										]
									},
									"minecraft:entity_collision": {
										"origin": [
											-4,
											0,
											-4
										],
										"size": [
											8,
											12,
											8
										]
									},
									"minecraft:creative_category": {
										"category": "construction"
									}
								},
								"data": "geometry.glass_pot_0",
								"key": "minecraft:geometry"
							},
							{
								"open": {
									"minecraft:destroy_time": 0.2,
									"minecraft:explosion_resistance": 1,
									"minecraft:block_light_absorption": 0,
									"minecraft:geometry": "geometry.glass_pot_0",
									"minecraft:material_instances": {
										"*": {
											"texture": "mc_glass_pot_1",
											"render_method": "alpha_test"
										}
									},
									"minecraft:pick_collision": {
										"origin": [
											-4,
											0,
											-4
										],
										"size": [
											8,
											12,
											8
										]
									},
									"minecraft:entity_collision": {
										"origin": [
											-4,
											0,
											-4
										],
										"size": [
											8,
											12,
											8
										]
									},
									"minecraft:creative_category": {
										"category": "construction"
									}
								},
								"key": "minecraft:material_instances",
								"children": [
									{
										"open": {
											"*": {
												"texture": "mc_glass_pot_1",
												"render_method": "alpha_test"
											}
										},
										"key": "*",
										"is_minified": true,
										"children": {
											"texture": "mc_glass_pot_1",
											"render_method": "alpha_test"
										}
									}
								]
							},
							{
								"key": "minecraft:pick_collision",
								"children": [
									{
										"open": {
											"origin": [
												-4,
												0,
												-4
											],
											"size": [
												8,
												12,
												8
											]
										},
										"key": "origin",
										"is_minified": true,
										"children": [
											-4,
											0,
											-4
										]
									},
									{
										"open": {
											"origin": [
												-4,
												0,
												-4
											],
											"size": [
												8,
												12,
												8
											]
										},
										"key": "size",
										"is_minified": true,
										"children": [
											8,
											12,
											8
										]
									}
								]
							},
							{
								"open": {
									"minecraft:destroy_time": 0.2,
									"minecraft:explosion_resistance": 1,
									"minecraft:block_light_absorption": 0,
									"minecraft:geometry": "geometry.glass_pot_0",
									"minecraft:material_instances": {
										"*": {
											"texture": "mc_glass_pot_1",
											"render_method": "alpha_test"
										}
									},
									"minecraft:pick_collision": {
										"origin": [
											-4,
											0,
											-4
										],
										"size": [
											8,
											12,
											8
										]
									},
									"minecraft:entity_collision": {
										"origin": [
											-4,
											0,
											-4
										],
										"size": [
											8,
											12,
											8
										]
									},
									"minecraft:creative_category": {
										"category": "construction"
									}
								},
								"key": "minecraft:entity_collision",
								"is_minified": true,
								"children": {
									"origin": [
										-4,
										0,
										-4
									],
									"size": [
										8,
										12,
										8
									]
								}
							},
							{
								"key": "minecraft:creative_category",
								"is_minified": true,
								"children": {
									"category": "construction"
								}
							}
						]
					}
				]
			}
		]
	}
}