{
	"file_path": "C:\\Users\\chupi\\AppData\\Local\\Packages\\Microsoft.MinecraftUWP_8wekyb3d8bbwe\\LocalState\\games\\com.mojang\\development_behavior_packs\\ModernDecoration\\blocks\\kitchen\\toaster.json",
	"file_type": "block",
	"format_version": 1,
	"file_uuid": "b4213fc6_4cce_4d0a_816f_818432898f85",
	"file_version": 80,
	"cache_content": {
		"children": [
			{
				"data": "1.16.0",
				"key": "format_version"
			},
			{
				"open": {
					"format_version": "1.16.0",
					"minecraft:block": {
						"components": {
							"minecraft:geometry": "geometry.toaster",
							"minecraft:material_instances": {
								"*": {
									"texture": "mc_toaster",
									"render_method": "alpha_test",
									"ambient_occlusion": true
								}
							},
							"minecraft:destroy_time": 0.4,
							"minecraft:explosion_resistance": 1,
							"minecraft:block_light_emission": 0,
							"minecraft:block_light_absorption": 0,
							"minecraft:entity_collision": {
								"origin": [
									-6,
									0,
									-5
								],
								"size": [
									12,
									9,
									9
								]
							},
							"minecraft:pick_collision": {
								"origin": [
									-7,
									0,
									-5
								],
								"size": [
									13,
									9,
									9
								]
							},
							"minecraft:on_player_placing": {
								"event": "decor:face"
							},
							"minecraft:on_interact": {
								"event": "place_bread",
								"condition": "query.get_equipped_item_name=='cutted_bread'"
							},
							"minecraft:creative_category": {
								"category": "construction"
							}
						},
						"description": {
							"identifier": "mc:toaster",
							"is_experimental": true,
							"properties": {
								"decor:face": [
									0,
									1,
									2,
									3
								],
								"bread:placed": [
									false,
									true
								],
								"toaster:on": [
									false,
									true
								],
								"toaster:is_ended": [
									false,
									true
								]
							}
						},
						"permutations": [
							{
								"condition": "query.block_property('decor:face') == 0",
								"components": {
									"minecraft:rotation": [
										0,
										180,
										0
									]
								}
							},
							{
								"condition": "query.block_property('decor:face') == 1",
								"components": {
									"minecraft:rotation": [
										0,
										0,
										0
									]
								}
							},
							{
								"condition": "query.block_property('decor:face') == 2",
								"components": {
									"minecraft:rotation": [
										0,
										270,
										0
									]
								}
							},
							{
								"condition": "query.block_property('decor:face') == 3",
								"components": {
									"minecraft:rotation": [
										0,
										90,
										0
									]
								}
							},
							{
								"condition": "query.block_property('bread:placed')",
								"components": {
									"minecraft:material_instances": {
										"*": {
											"texture": "mc_toaster_cutted_bread",
											"render_method": "alpha_test"
										}
									},
									"minecraft:on_interact": {
										"event": "toaster:start"
									}
								}
							},
							{
								"condition": "query.block_property('toaster:on') && !query.block_property('toaster:is_ended') && query.block_property('bread:placed')",
								"components": {
									"minecraft:on_interact": {
										"event": "nothing"
									},
									"minecraft:geometry": "geometry.toaster_active",
									"minecraft:ticking": {
										"range": [
											10,
											10
										],
										"on_tick": {
											"event": "toaster:end"
										}
									}
								}
							},
							{
								"condition": "query.block_property('toaster:is_ended') && query.block_property('bread:placed')",
								"components": {
									"minecraft:on_interact": {
										"event": "take_bread"
									},
									"minecraft:geometry": "geometry.toaster",
									"minecraft:material_instances": {
										"*": {
											"texture": "mc_toaster_toasted_cutted_bread",
											"render_method": "alpha_test"
										}
									}
								}
							}
						],
						"events": {
							"decor:face": {
								"set_block_property": {
									"decor:face": "query.cardinal_facing_2d-2"
								}
							},
							"place_bread": {
								"set_block_property": {
									"bread:placed": true
								}
							},
							"toaster:start": {
								"set_block_property": {
									"toaster:on": true
								},
								"run_command": {
									"command": [
										"playsound deco.toaster_down @p ~~~ 1 1"
									]
								}
							},
							"toaster:end": {
								"set_block_property": {
									"toaster:is_ended": true
								},
								"run_command": {
									"command": [
										"playsound deco.toaster_up @p ~~~ 1 1"
									]
								}
							},
							"take_bread": {
								"sequence": [
									{
										"set_block_property": {
											"bread:placed": false
										}
									},
									{
										"set_block_property": {
											"toaster:on": false
										}
									},
									{
										"set_block_property": {
											"toaster:is_ended": false
										},
										"spawn_loot": {
											"table": "loot_tables/toaster.json"
										}
									}
								]
							}
						}
					}
				},
				"key": "minecraft:block",
				"children": [
					{
						"open": {
							"components": {
								"minecraft:geometry": "geometry.toaster",
								"minecraft:material_instances": {
									"*": {
										"texture": "mc_toaster",
										"render_method": "alpha_test",
										"ambient_occlusion": true
									}
								},
								"minecraft:destroy_time": 0.4,
								"minecraft:explosion_resistance": 1,
								"minecraft:block_light_emission": 0,
								"minecraft:block_light_absorption": 0,
								"minecraft:entity_collision": {
									"origin": [
										-6,
										0,
										-5
									],
									"size": [
										12,
										9,
										9
									]
								},
								"minecraft:pick_collision": {
									"origin": [
										-7,
										0,
										-5
									],
									"size": [
										13,
										9,
										9
									]
								},
								"minecraft:on_player_placing": {
									"event": "decor:face"
								},
								"minecraft:on_interact": {
									"event": "place_bread",
									"condition": "query.get_equipped_item_name=='cutted_bread'"
								},
								"minecraft:creative_category": {
									"category": "construction"
								}
							},
							"description": {
								"identifier": "mc:toaster",
								"is_experimental": true,
								"properties": {
									"decor:face": [
										0,
										1,
										2,
										3
									],
									"bread:placed": [
										false,
										true
									],
									"toaster:on": [
										false,
										true
									],
									"toaster:is_ended": [
										false,
										true
									]
								}
							},
							"permutations": [
								{
									"condition": "query.block_property('decor:face') == 0",
									"components": {
										"minecraft:rotation": [
											0,
											180,
											0
										]
									}
								},
								{
									"condition": "query.block_property('decor:face') == 1",
									"components": {
										"minecraft:rotation": [
											0,
											0,
											0
										]
									}
								},
								{
									"condition": "query.block_property('decor:face') == 2",
									"components": {
										"minecraft:rotation": [
											0,
											270,
											0
										]
									}
								},
								{
									"condition": "query.block_property('decor:face') == 3",
									"components": {
										"minecraft:rotation": [
											0,
											90,
											0
										]
									}
								},
								{
									"condition": "query.block_property('bread:placed')",
									"components": {
										"minecraft:material_instances": {
											"*": {
												"texture": "mc_toaster_cutted_bread",
												"render_method": "alpha_test"
											}
										},
										"minecraft:on_interact": {
											"event": "toaster:start"
										}
									}
								},
								{
									"condition": "query.block_property('toaster:on') && !query.block_property('toaster:is_ended') && query.block_property('bread:placed')",
									"components": {
										"minecraft:on_interact": {
											"event": "nothing"
										},
										"minecraft:geometry": "geometry.toaster_active",
										"minecraft:ticking": {
											"range": [
												10,
												10
											],
											"on_tick": {
												"event": "toaster:end"
											}
										}
									}
								},
								{
									"condition": "query.block_property('toaster:is_ended') && query.block_property('bread:placed')",
									"components": {
										"minecraft:on_interact": {
											"event": "take_bread"
										},
										"minecraft:geometry": "geometry.toaster",
										"minecraft:material_instances": {
											"*": {
												"texture": "mc_toaster_toasted_cutted_bread",
												"render_method": "alpha_test"
											}
										}
									}
								}
							],
							"events": {
								"decor:face": {
									"set_block_property": {
										"decor:face": "query.cardinal_facing_2d-2"
									}
								},
								"place_bread": {
									"set_block_property": {
										"bread:placed": true
									}
								},
								"toaster:start": {
									"set_block_property": {
										"toaster:on": true
									},
									"run_command": {
										"command": [
											"playsound deco.toaster_down @p ~~~ 1 1"
										]
									}
								},
								"toaster:end": {
									"set_block_property": {
										"toaster:is_ended": true
									},
									"run_command": {
										"command": [
											"playsound deco.toaster_up @p ~~~ 1 1"
										]
									}
								},
								"take_bread": {
									"sequence": [
										{
											"set_block_property": {
												"bread:placed": false
											}
										},
										{
											"set_block_property": {
												"toaster:on": false
											}
										},
										{
											"set_block_property": {
												"toaster:is_ended": false
											},
											"spawn_loot": {
												"table": "loot_tables/toaster.json"
											}
										}
									]
								}
							}
						},
						"key": "components",
						"is_minified": true,
						"children": {
							"minecraft:geometry": "geometry.toaster",
							"minecraft:material_instances": {
								"*": {
									"texture": "mc_toaster",
									"render_method": "alpha_test",
									"ambient_occlusion": true
								}
							},
							"minecraft:destroy_time": 0.4,
							"minecraft:explosion_resistance": 1,
							"minecraft:block_light_emission": 0,
							"minecraft:block_light_absorption": 0,
							"minecraft:entity_collision": {
								"origin": [
									-6,
									0,
									-5
								],
								"size": [
									12,
									9,
									9
								]
							},
							"minecraft:pick_collision": {
								"origin": [
									-7,
									0,
									-5
								],
								"size": [
									13,
									9,
									9
								]
							},
							"minecraft:on_player_placing": {
								"event": "decor:face"
							},
							"minecraft:on_interact": {
								"event": "place_bread",
								"condition": "query.get_equipped_item_name=='cutted_bread'"
							},
							"minecraft:creative_category": {
								"category": "construction"
							}
						}
					},
					{
						"key": "description",
						"is_minified": true,
						"children": {
							"identifier": "mc:toaster",
							"is_experimental": true,
							"properties": {
								"decor:face": [
									0,
									1,
									2,
									3
								],
								"bread:placed": [
									false,
									true
								],
								"toaster:on": [
									false,
									true
								],
								"toaster:is_ended": [
									false,
									true
								]
							}
						}
					},
					{
						"key": "permutations",
						"is_minified": true,
						"children": [
							{
								"condition": "query.block_property('decor:face') == 0",
								"components": {
									"minecraft:rotation": [
										0,
										180,
										0
									]
								}
							},
							{
								"condition": "query.block_property('decor:face') == 1",
								"components": {
									"minecraft:rotation": [
										0,
										0,
										0
									]
								}
							},
							{
								"condition": "query.block_property('decor:face') == 2",
								"components": {
									"minecraft:rotation": [
										0,
										270,
										0
									]
								}
							},
							{
								"condition": "query.block_property('decor:face') == 3",
								"components": {
									"minecraft:rotation": [
										0,
										90,
										0
									]
								}
							},
							{
								"condition": "query.block_property('bread:placed')",
								"components": {
									"minecraft:material_instances": {
										"*": {
											"texture": "mc_toaster_cutted_bread",
											"render_method": "alpha_test"
										}
									},
									"minecraft:on_interact": {
										"event": "toaster:start"
									}
								}
							},
							{
								"condition": "query.block_property('toaster:on') && !query.block_property('toaster:is_ended') && query.block_property('bread:placed')",
								"components": {
									"minecraft:on_interact": {
										"event": "nothing"
									},
									"minecraft:geometry": "geometry.toaster_active",
									"minecraft:ticking": {
										"range": [
											10,
											10
										],
										"on_tick": {
											"event": "toaster:end"
										}
									}
								}
							},
							{
								"condition": "query.block_property('toaster:is_ended') && query.block_property('bread:placed')",
								"components": {
									"minecraft:on_interact": {
										"event": "take_bread"
									},
									"minecraft:geometry": "geometry.toaster",
									"minecraft:material_instances": {
										"*": {
											"texture": "mc_toaster_toasted_cutted_bread",
											"render_method": "alpha_test"
										}
									}
								}
							}
						]
					},
					{
						"key": "events",
						"is_minified": true,
						"children": {
							"decor:face": {
								"set_block_property": {
									"decor:face": "query.cardinal_facing_2d-2"
								}
							},
							"place_bread": {
								"set_block_property": {
									"bread:placed": true
								}
							},
							"toaster:start": {
								"set_block_property": {
									"toaster:on": true
								},
								"run_command": {
									"command": [
										"playsound deco.toaster_down @p ~~~ 1 1"
									]
								}
							},
							"toaster:end": {
								"set_block_property": {
									"toaster:is_ended": true
								},
								"run_command": {
									"command": [
										"playsound deco.toaster_up @p ~~~ 1 1"
									]
								}
							},
							"take_bread": {
								"sequence": [
									{
										"set_block_property": {
											"bread:placed": false
										}
									},
									{
										"set_block_property": {
											"toaster:on": false
										}
									},
									{
										"set_block_property": {
											"toaster:is_ended": false
										},
										"spawn_loot": {
											"table": "loot_tables/toaster.json"
										}
									}
								]
							}
						}
					}
				]
			}
		]
	}
}